Time,w_f_0,F_0,N1_0
100,0,1.8,33420
100.05,0,1.8,33420
100.1,0,1.79862745098039,33420.4
100.15,0,1.79372549019608,33440.2
100.2,0,1.79,33450
100.25,0,1.79,33450.4
100.3,0,1.79203883495146,33469.6
100.35,0,1.80660194174757,33450.4
100.4,0,1.82,33470
100.45,0,1.82,33470
100.5,0,1.82,33480
100.55,0,1.81019607843137,33479.8
100.6,0,1.80039215686274,33470.2
100.65,0,1.8,33480
100.7,0,1.8,33480
100.75,0,1.8,33480
100.8,0,1.8,33479.8
100.85,0,1.79607843137255,33470.2
100.9,0,1.79117647058824,33480
100.95,0,1.79,33480
101,0,1.79,33479.8
101.05,0,1.80009615384616,33470.2
101.1,0,1.81451923076923,33480
101.15,0,1.81409523809524,33480.4
101.2,0,1.80457142857143,33499.6
101.25,0,1.8,33480.4
101.3,0,1.8,33500
101.35,0,1.8,33499.6
101.4,0,1.8,33480.4
101.45,0,1.8,33499.6078431373
101.5,0,1.8,33480
101.55,0,1.8,33500.4
101.6,0,1.8,33519.6
101.65,0,1.80254901960784,33500
101.7,0,1.81235294117647,33500
101.75,0,1.82,33499.6
101.8,0,1.82,33480
101.85,0,1.81882352941176,33480
101.9,0,1.80901960784314,33480
101.95,0,1.8,33480
102,0,1.8,33480.4
102.05,0,1.8,33499.6
102.1,0,1.8,33480.4
102.15,0,1.8,33500
102.2,0,1.8,33500.4
102.25,0,1.8,33520
102.3,0,1.81264705882353,33520.2
102.35,0,1.82735294117647,33530
102.4,0,1.82601941747573,33530
102.45,0,1.82116504854369,33530
102.5,0,1.81269230769231,33530
102.55,0,1.80307692307692,33530
102.6,0,1.8,33550
102.65,0,1.8,33550
102.7,0,1.8,33550.2
102.75,0,1.8,33559.8
102.8,0,1.79740384615384,33550
102.85,0,1.79259615384615,33550.1960784314
102.9,0,1.79223300970874,33560
102.95,0,1.79708737864078,33550
103,0,1.80392156862745,33550
103.05,0,1.81372549019608,33550
103.1,0,1.82173076923077,33550
103.15,0,1.82653846153846,33550.2
103.2,0,1.82461538461539,33559.8
103.25,0,1.80538461538462,33550.2
103.3,0,1.79,33560
103.35,0,1.79,33560
103.4,0,1.78864077669903,33559.8
103.45,0,1.77893203883495,33550
103.5,0,1.77077669902913,33550
103.55,0,1.78048543689321,33550.2
103.6,0,1.79009708737864,33559.8
103.65,0,1.79495145631068,33550
103.7,0,1.79980582524272,33550
103.75,0,1.8,33549.6
103.8,0,1.8,33530
103.85,0,1.7959595959596,33530.4
103.9,0,1.79090909090909,33550.6
103.95,0,1.79,33579.6
104,0,1.79,33559.8
104.05,0,1.79352941176471,33550.2
104.1,0,1.79843137254902,33560
104.15,0,1.79009708737864,33559.8
104.2,0,1.77553398058252,33549.6
104.25,0,1.76409523809524,33530
104.3,0,1.75457142857143,33529.4
104.35,0,1.755,33500
104.4,0,1.76461538461539,33500
104.45,0,1.77435643564357,33500
104.5,0,1.78425742574257,33500.4
104.55,0,1.78596153846154,33519.6
104.6,0,1.77634615384615,33500
104.65,0,1.77,33500
104.7,0,1.77,33499.6
104.75,0,1.76714285714286,33479.8
104.8,0,1.75761904761905,33469.6
104.85,0,1.75194174757282,33449.8039215686
104.9,0,1.76165048543689,33440
104.95,0,1.76865384615385,33399.8
105,0,1.75903846153846,33389.4
105.05,0,1.75059405940594,33359.6226415094
105.1,0,1.76049504950495,33340.7547169811
105.15,0,1.77057692307693,33310
105.2,0,1.785,33310
105.25,0,1.79942307692308,33310
105.3,0,1.79533980582524,33290
105.35,0,1.7904854368932,33290
105.4,0,1.79,33289.8
105.45,0,1.79,33279.6
105.5,0,1.78219047619048,33259.6078431373
105.55,0,1.77266666666666,33240
105.6,0,1.76287128712871,33239.8039215686
105.65,0,1.7529702970297,33230
105.7,0,1.75673076923077,33230
105.75,0,1.76634615384615,33230
105.8,0,1.77,33230.2
105.85,0,1.77,33240
105.9,0,1.77,33239.8
105.95,0,1.77,33230
106,0,1.76533980582524,33229.6
106.05,0,1.75563106796116,33210.4
106.1,0,1.75,33229.6
106.15,0,1.75,33210
106.2,0,1.75333333333333,33210
106.25,0,1.76313725490196,33210
106.3,0,1.76711538461538,33210.4
106.35,0,1.7575,33230
106.4,0,1.74894230769231,33230
106.45,0,1.74413461538461,33230
106.5,0,1.74067961165049,33230.2
106.55,0,1.74553398058253,33240
106.6,0,1.75155339805825,33240
106.65,0,1.77097087378641,33239.8039215686
106.7,0,1.79,33230
106.75,0,1.79,33209.8
106.8,0,1.79,33200
106.85,0,1.79457142857143,33200
106.9,0,1.79933333333333,33200
106.95,0,1.78747572815534,33200
107,0,1.77291262135922,33200.2
107.05,0,1.76207920792079,33210
107.1,0,1.75217821782178,33210
107.15,0,1.75742857142857,33210
107.2,0,1.76695238095238,33210
107.25,0,1.77,33210
107.3,0,1.77,33210
107.35,0,1.77,33210
107.4,0,1.77,33210.6
107.45,0,1.77,33240
107.5,0,1.77,33240
107.55,0,1.76549019607843,33260
107.6,0,1.7556862745098,33259.6
107.65,0,1.75,33240
107.7,0,1.75,33239.8
107.75,0,1.74352380952381,33229.4
107.8,0,1.72447619047619,33199.6
107.85,0,1.71352941176471,33179.6
107.9,0,1.72823529411765,33160
107.95,0,1.74098039215686,33160
108,0,1.74588235294118,33160
108.05,0,1.74925925925926,33160.4
108.1,0,1.74462962962963,33180
108.15,0,1.74,33180.4
108.2,0,1.73,33200
108.25,0,1.72,33199.6078431373
108.3,0,1.72980392156863,33180
108.35,0,1.73960784313726,33199.6
108.4,0,1.74466019417476,33180
108.45,0,1.7495145631068,33179.6078431373
108.5,0,1.75865384615385,33160
108.55,0,1.76826923076923,33160
108.6,0,1.77,33160
108.65,0,1.77,33160
108.7,0,1.77,33150.1960784314
108.75,0,1.77,33160
108.8,0,1.76339805825243,33160
108.85,0,1.75368932038835,33160
108.9,0,1.75590476190476,33150
108.95,0,1.76542857142857,33150
109,0,1.77509803921569,33150
109.05,0,1.78490196078432,33149.6
109.1,0,1.79,33130
109.15,0,1.79,33129.8
109.2,0,1.78580952380952,33120.1960784314
109.25,0,1.77628571428571,33130
109.3,0,1.77,33120
109.35,0,1.77,33119.6
109.4,0,1.77,33100
109.45,0,1.77,33100.3921568627
109.5,0,1.77196078431373,33120
109.55,0,1.78176470588236,33120
109.6,0,1.79,33119.6078431373
109.65,0,1.79,33100
109.7,0,1.78941176470588,33079.8039215686
109.75,0,1.77960784313726,33070
109.8,0,1.76980769230769,33080.4
109.85,0,1.76019230769231,33100
109.9,0,1.75057692307692,33100
109.95,0,1.74548076923077,33100.4
110,0,1.74067307692308,33120
110.05,0,1.74417475728155,33120.6
110.1,0,1.74902912621359,33150
110.15,0,1.73823529411765,33150
110.2,0,1.72352941176471,33150.2
110.25,0,1.72730769230769,33160
110.3,0,1.73692307692308,33160
110.35,0,1.74326923076923,33160
110.4,0,1.74807692307692,33160
110.45,0,1.74705882352941,33160.4
110.5,0,1.7421568627451,33180.4
110.55,0,1.74815533980583,33200
110.6,0,1.76271844660194,33200
110.65,0,1.77480769230769,33200
110.7,0,1.78442307692308,33200
110.75,0,1.79,33200
110.8,0,1.79,33200
110.85,0,1.79,33199.6078431373
110.9,0,1.79,33180
110.95,0,1.78730769230769,33180
111,0,1.77769230769231,33180
111.05,0,1.76805825242718,33180.3921568627
111.1,0,1.75834951456311,33200
111.15,0,1.75,33200
111.2,0,1.75,33200
111.25,0,1.75096153846154,33199.6
111.3,0,1.76057692307692,33180.4
111.35,0,1.76980582524272,33200.2
111.4,0,1.76009708737864,33210
111.45,0,1.75038834951456,33210
111.5,0,1.75,33210.4
111.55,0,1.75,33229.6078431373
111.6,0,1.75854368932039,33210
111.65,0,1.76825242718447,33230
111.7,0,1.77,33230
111.75,0,1.77,33230
111.8,0,1.78067307692308,33230
111.85,0,1.79509615384615,33229.6
111.9,0,1.8,33210.6
111.95,0,1.8,33239.8
112,0,1.79699029126214,33230
112.05,0,1.7921359223301,33230.2
112.1,0,1.79,33240
112.15,0,1.79,33240
112.2,0,1.78067961165048,33240
112.25,0,1.76126213592233,33260
112.3,0,1.74798076923077,33240
112.35,0,1.74317307692308,33240
112.4,0,1.74165048543689,33230
112.45,0,1.74650485436893,33230
112.5,0,1.75266666666667,33230
112.55,0,1.76219047619048,33210
112.6,0,1.76823529411764,33210
112.65,0,1.75843137254902,33210.4
112.7,0,1.75137254901961,33230.6
112.75,0,1.76117647058824,33259.6
112.8,0,1.77,33240.8
112.85,0,1.77,33280
112.9,0,1.77,33280
112.95,0,1.76029126213592,33260.4
113,0,1.75058252427184,33279.6
113.05,0,1.76773584905661,33260
113.1,0,1.78660377358491,33260.4
113.15,0,1.7818,33279.6
113.2,0,1.7718,33259.6
113.25,0,1.78194174757282,33240.4
113.3,0,1.79650485436894,33259.6
113.35,0,1.8073786407767,33240
113.4,0,1.81708737864078,33240
113.45,0,1.81326923076923,33240
113.5,0,1.80365384615385,33240
113.55,0,1.79114285714285,33239.8
113.6,0,1.77685714285714,33230
113.65,0,1.77,33230
113.7,0,1.77,33230.2
113.75,0,1.76553398058252,33240
113.8,0,1.75582524271844,33240
113.85,0,1.75,33240
113.9,0,1.75,33260
113.95,0,1.75,33260.4
114,0,1.75,33280
114.05,0,1.75,33280
114.1,0,1.75,33280
114.15,0,1.7476,33280
114.2,0,1.7326,33289.4
114.25,0,1.72153846153846,33260.6
114.3,0,1.73115384615385,33290.3921568627
114.35,0,1.74194174757282,33310
114.4,0,1.76621359223301,33290
114.45,0,1.79,33290
114.5,0,1.79,33289.8039215686
114.55,0,1.79,33280
114.6,0,1.76718446601941,33310
114.65,0,1.74291262135922,33310
114.7,0,1.73145631067961,33310.2
114.75,0,1.72174757281553,33319.8
114.8,0,1.74786407766991,33310
114.85,0,1.78184466019418,33310.2
114.9,0,1.79368932038835,33320.4
114.95,0,1.79854368932039,33340
115,0,1.8,33339.6
115.05,0,1.8,33320
115.1,0,1.78523809523809,33320.4
115.15,0,1.76142857142857,33340
115.2,0,1.75504854368932,33340
115.25,0,1.7647572815534,33339.6
115.3,0,1.76549019607843,33320
115.35,0,1.7556862745098,33320
115.4,0,1.748,33320
115.45,0,1.74323809523809,33320
115.5,0,1.74,33320
115.55,0,1.74,33320
115.6,0,1.74,33319.8039215686
115.65,0,1.74,33310
115.7,0,1.74314285714286,33310
115.75,0,1.75742857142857,33310
115.8,0,1.77,33309.6
115.85,0,1.77,33290
115.9,0,1.77,33289.8
115.95,0,1.77,33279.6
116,0,1.77,33259.6
116.05,0,1.77,33240
116.1,0,1.77,33239.8
116.15,0,1.77,33230
116.2,0,1.77,33230
116.25,0,1.75752475247525,33230
116.3,0,1.74267326732673,33230
116.35,0,1.74398058252427,33229.6
116.4,0,1.74883495145631,33210.4
116.45,0,1.75,33229.6
116.5,0,1.75,33210
116.55,0,1.75,33210
116.6,0,1.75,33209.8
116.65,0,1.74698113207547,33200
116.7,0,1.7422641509434,33200.2
116.75,0,1.735,33209.8
116.8,0,1.72538461538461,33200.2
116.85,0,1.72,33210
116.9,0,1.72,33209.8
116.95,0,1.72403846153846,33200
117,0,1.73365384615385,33200
117.05,0,1.74165048543689,33199.6
117.1,0,1.74650485436893,33179.6
117.15,0,1.74865384615385,33159.8
117.2,0,1.74384615384615,33149.6
117.25,0,1.7380198019802,33130
117.3,0,1.72811881188118,33129.8039215686
117.35,0,1.72432692307693,33120
117.4,0,1.74836538461539,33120.2
117.45,0,1.77,33130
117.5,0,1.77,33130.4
117.55,0,1.76980582524272,33150
117.6,0,1.76009708737864,33150
117.65,0,1.75038834951456,33150.2
117.7,0,1.75,33159.8
117.75,0,1.75,33150
117.8,0,1.75843137254902,33150
117.85,0,1.76823529411765,33150
117.9,0,1.77,33150
117.95,0,1.77,33150
118,0,1.75922330097087,33150
118.05,0,1.74466019417475,33150
118.1,0,1.73339805825243,33160
118.15,0,1.72368932038835,33160.4
118.2,0,1.72596153846154,33180
118.25,0,1.73557692307692,33180
118.3,0,1.74,33180
118.35,0,1.74,33180
118.4,0,1.7422,33180
118.45,0,1.7472,33180
118.5,0,1.75,33179.6
118.55,0,1.75,33160
118.6,0,1.74819047619048,33160.4
118.65,0,1.74342857142857,33180
118.7,0,1.74135922330097,33180.4
118.75,0,1.74621359223301,33200
118.8,0,1.75211538461539,33200
118.85,0,1.76173076923077,33200.2
118.9,0,1.77,33210.4
118.95,0,1.77,33229.6
119,0,1.77,33210
119.05,0,1.77,33210.4
119.1,0,1.77,33230.2
119.15,0,1.77,33239.8
119.2,0,1.77,33230.2
119.25,0,1.76076923076923,33239.8113207547
119.3,0,1.75115384615384,33230.3773584906
119.35,0,1.75846153846154,33230
119.4,0,1.76807692307692,33240
119.45,0,1.77776699029126,33230
119.5,0,1.78747572815534,33210
119.55,0,1.79359223300971,33200
119.6,0,1.79844660194175,33200
119.65,0,1.79669902912621,33200.2
119.7,0,1.79184466019417,33209.8
119.75,0,1.7778431372549,33200
119.8,0,1.75823529411764,33200
119.85,0,1.75557692307693,33200
119.9,0,1.76519230769231,33200
119.95,0,1.76514563106796,33210
120,0,1.75543689320388,33210
120.05,0,1.75,33210
120.1,0,1.75,33210
120.15,0,1.75333333333334,33230
120.2,0,1.76313725490196,33230
120.25,0,1.77,33230
120.3,0,1.77,33210
120.35,0,1.77,33210
120.4,0,1.77,33210.4
120.45,0,1.76769230769231,33230
120.5,0,1.75326923076923,33230
120.55,0,1.74116504854369,33230.2
120.6,0,1.75572815533981,33239.8
120.65,0,1.77,33230
120.7,0,1.77,33230
120.75,0,1.77,33230.2
120.8,0,1.77,33240
120.85,0,1.77,33240
120.9,0,1.77857142857143,33240
120.95,0,1.78809523809524,33240.8
121,0,1.79,33279.6
121.05,0,1.79,33260
121.1,0,1.78269230769231,33259.6
121.15,0,1.77307692307692,33240.3921568627
121.2,0,1.76333333333333,33260
121.25,0,1.75352941176471,33260
121.3,0,1.74695238095238,33259.6
121.35,0,1.74219047619048,33240
121.4,0,1.74,33240
121.45,0,1.74,33240
121.5,0,1.74728155339806,33240
121.55,0,1.76184466019418,33240.4
121.6,0,1.76580952380952,33260
121.65,0,1.75628571428571,33260
121.7,0,1.75333333333333,33260
121.75,0,1.76313725490196,33259.6
121.8,0,1.76708737864077,33240.4
121.85,0,1.7573786407767,33260
121.9,0,1.74884615384615,33260
121.95,0,1.74403846153846,33259.6
122,0,1.74233009708738,33240
122.05,0,1.7568932038835,33239.8
122.1,0,1.76904761904762,33229.6
122.15,0,1.75952380952381,33210
122.2,0,1.75,33210
122.25,0,1.75,33200
122.3,0,1.75,33199.6
122.35,0,1.75923076923077,33180
122.4,0,1.76884615384615,33179.6
122.45,0,1.77,33160
122.5,0,1.77,33159.8
122.55,0,1.77,33150
122.6,0,1.77,33149.6
122.65,0,1.77730769230769,33130
122.7,0,1.78692307692308,33130
122.75,0,1.78339805825243,33130.3921568627
122.8,0,1.77368932038835,33150
122.85,0,1.76403846153846,33150
122.9,0,1.75442307692308,33150
122.95,0,1.75529411764706,33149.6
123,0,1.76509803921569,33130.4
123.05,0,1.76514563106796,33149.6
123.1,0,1.75543689320388,33130
123.15,0,1.75419047619048,33130.4
123.2,0,1.76371428571429,33149.6
123.25,0,1.76504854368932,33130
123.3,0,1.7504854368932,33130
123.35,0,1.73320388349514,33130
123.4,0,1.70893203883495,33130
123.45,0,1.69533980582525,33130.4
123.5,0,1.71961165048544,33149.6
123.55,0,1.74076923076923,33130
123.6,0,1.74557692307692,33130.4
123.65,0,1.75076190476191,33149.6
123.7,0,1.76028571428571,33130
123.75,0,1.76980952380952,33130
123.8,0,1.77970297029703,33130
123.85,0,1.78960396039604,33130
123.9,0,1.79,33129.8
123.95,0,1.79,33120
124,0,1.78134615384615,33119.6
124.05,0,1.77173076923077,33100
124.1,0,1.76203883495146,33100
124.15,0,1.75233009708738,33100
124.2,0,1.74634615384615,33100
124.25,0,1.74153846153846,33099.6
124.3,0,1.74,33080
124.35,0,1.74,33080
124.4,0,1.74295238095238,33080
124.45,0,1.74771428571429,33079.8
124.5,0,1.75509803921569,33070
124.55,0,1.76490196078432,33070
124.6,0,1.76300970873786,33070.2
124.65,0,1.74844660194175,33080.4
124.7,0,1.74,33099.6
124.75,0,1.74,33080
124.8,0,1.74,33080
124.85,0,1.74,33080
124.9,0,1.74,33079.8
124.95,0,1.74,33070
125,0,1.73803921568627,33070
125.05,0,1.72823529411764,33069.6078431373
125.1,0,1.72384615384616,33050
125.15,0,1.74788461538462,33050
125.2,0,1.77,33069.6
125.25,0,1.77,33049.8
125.3,0,1.77,33040
125.35,0,1.75529411764706,33040
125.4,0,1.74058823529412,33040
125.45,0,1.74,33040.2
125.5,0,1.74,33049.8
125.55,0,1.74415841584159,33040.2
125.6,0,1.74910891089109,33050.4
125.65,0,1.75,33070
125.7,0,1.75,33070.6
125.75,0,1.75,33100
125.8,0,1.75,33100
125.85,0,1.75666666666667,33100
125.9,0,1.76647058823529,33100
125.95,0,1.77615384615385,33119.6
126,0,1.78576923076923,33099.6
126.05,0,1.77923076923077,33080.4
126.1,0,1.76,33099.6
126.15,0,1.75,33079.8
126.2,0,1.75,33070.5882352941
126.25,0,1.75,33100
126.3,0,1.75,33080
126.35,0,1.74485714285714,33079.8
126.4,0,1.73057142857143,33070
126.45,0,1.72257425742574,33070
126.5,0,1.73247524752475,33070.2
126.55,0,1.74115384615385,33080
126.6,0,1.74596153846154,33080
126.65,0,1.75,33079.8
126.7,0,1.75,33069.6
126.75,0,1.74883495145631,33050
126.8,0,1.73427184466019,33050
126.85,0,1.72,33049.8
126.9,0,1.72,33040
126.95,0,1.72,33040.2
127,0,1.72905660377358,33050
127.05,0,1.73849056603774,33050
127.1,0,1.74,33050
127.15,0,1.74,33049.8
127.2,0,1.74401960784314,33040
127.25,0,1.74892156862745,33040
127.3,0,1.75,33039.6
127.35,0,1.75,33020
127.4,0,1.75,33020.4
127.45,0,1.75,33040
127.5,0,1.7473,33040
127.55,0,1.7423,33040.2
127.6,0,1.7347572815534,33049.8
127.65,0,1.72504854368932,33040.2
127.7,0,1.72,33049.8
127.75,0,1.72,33040
127.8,0,1.72388349514563,33040
127.85,0,1.73359223300971,33039.6
127.9,0,1.74165048543689,33020
127.95,0,1.74650485436893,33020
128,0,1.75264150943396,33020
128.05,0,1.76207547169811,33020
128.1,0,1.76841584158416,33019.6
128.15,0,1.75851485148515,33000
128.2,0,1.74796116504854,32999.8
128.25,0,1.73339805825243,32989.6
128.3,0,1.72076923076923,32970
128.35,0,1.73038461538461,32969.8
128.4,0,1.74,32960
128.45,0,1.74,32960
128.5,0,1.74,32959.6
128.55,0,1.74466666666667,32940.4
128.6,0,1.74942857142857,32960
128.65,0,1.75,32959.6
128.7,0,1.75,32939.6
128.75,0,1.75,32920
128.8,0,1.75,32920
128.85,0,1.74628571428572,32920
128.9,0,1.74152380952381,32920
128.95,0,1.74,32919.8
129,0,1.74,32910
129.05,0,1.74,32910.2
129.1,0,1.74,32920
129.15,0,1.74,32920
129.2,0,1.74,32920.4
129.25,0,1.74,32939.6
129.3,0,1.74,32919.8
129.35,0,1.74194174757281,32910
129.4,0,1.74679611650485,32910
129.45,0,1.74838095238095,32910.2
129.5,0,1.74361904761905,32919.8
129.55,0,1.74117647058824,32910.6
129.6,0,1.74607843137255,32940
129.65,0,1.74902912621359,32939.6
129.7,0,1.74417475728155,32920
129.75,0,1.74,32920
129.8,0,1.74,32920
129.85,0,1.74,32920
129.9,0,1.74,32920.4
129.95,0,1.74009708737864,32940
130,0,1.74495145631068,32939.6
130.05,0,1.74980582524272,32920
130.1,0,1.75914285714286,32920
130.15,0,1.76866666666667,32919.8076923077
130.2,0,1.76165048543689,32910.1923076923
130.25,0,1.75194174757281,32920
130.3,0,1.74611650485437,32920
130.35,0,1.74126213592233,32920
130.4,0,1.74355769230769,32920
130.45,0,1.74836538461539,32920
130.5,0,1.74029411764706,32940.4
130.55,0,1.72558823529411,32960
130.6,0,1.72596153846154,32960
130.65,0,1.73557692307692,32970
130.7,0,1.74,32970.3921568627
130.75,0,1.74,32990
130.8,0,1.73519230769231,32990
130.85,0,1.72557692307692,32989.6
130.9,0,1.72,32970
130.95,0,1.72,32969.8
131,0,1.72873786407767,32960
131.05,0,1.75300970873787,32960
131.1,0,1.77,32960
131.15,0,1.77,32970
131.2,0,1.76803921568627,32970
131.25,0,1.75823529411765,32970
131.3,0,1.74923076923077,32990
131.35,0,1.74442307692308,32970
131.4,0,1.74038834951456,32970
131.45,0,1.7452427184466,32970
131.5,0,1.75,32960.1923076923
131.55,0,1.75,32969.8076923077
131.6,0,1.75,32960.2
131.65,0,1.75,32959.6153846154
131.7,0,1.75,32940.3846153846
131.75,0,1.73747572815534,32968.8235294118
131.8,0,1.72291262135922,32989.5918367347
131.85,0,1.71615384615385,32999.8
131.9,0,1.71134615384615,33000
131.95,0,1.71356435643565,33000
132,0,1.71851485148515,33000
132.05,0,1.72673076923077,32990.1960784314
132.1,0,1.73634615384615,32990
132.15,0,1.74295238095238,32970.4081632653
132.2,0,1.74771428571429,32970
132.25,0,1.75,32970
132.3,0,1.75,32970
132.35,0,1.75952380952381,32970
132.4,0,1.77857142857143,32988.8
132.45,0,1.78230769230769,32970.8163265306
132.5,0,1.76307692307692,32986.5517241379
132.55,0,1.75,32990
132.6,0,1.75,32990
132.65,0,1.75237623762376,32970.8
132.7,0,1.76227722772277,32988.8235294118
132.75,0,1.77,32971.2
132.8,0,1.77,32961.1320754717
132.85,0,1.76864077669903,32960
132.9,0,1.75893203883495,32941.1764705882
132.95,0,1.75,32958.431372549
133,0,1.75,32941.2244897959
133.05,0,1.74961904761905,32940
133.1,0,1.73057142857143,32958.7755102041
133.15,0,1.71152380952381,32960
133.2,0,1.71450980392157,32941.9230769231
133.25,0,1.71941176470588,32940
133.3,0,1.73281553398058,32940
133.35,0,1.74737864077669,32958.3673469388
133.4,0,1.75,32960
133.45,0,1.75,32960
133.5,0,1.74644230769231,32969.0384615385
133.55,0,1.74163461538461,32961.3461538461
133.6,0,1.73371428571429,32941.3043478261
133.65,0,1.72419047619047,32940
133.7,0,1.72538461538462,32940
133.75,0,1.735,32940
133.8,0,1.74242424242424,32940
133.85,0,1.74747474747475,32940
133.9,0,1.74761904761905,32940
133.95,0,1.74285714285714,32940
134,0,1.73615384615384,32922.7450980392
134.05,0,1.72653846153846,32920
134.1,0,1.72313725490196,32920
134.15,0,1.73294117647059,32911.0204081633
134.2,0,1.74,32910
134.25,0,1.74,32910
134.3,0,1.74106796116505,32910
134.35,0,1.74592233009709,32910
134.4,0,1.74689320388349,32910
134.45,0,1.72747572815533,32910
134.5,0,1.71192307692308,32892.6923076923
134.55,0,1.73115384615385,32890
134.6,0,1.75067961165049,32881.568627451
134.65,0,1.78466019417477,32880
134.7,0,1.81864077669904,32862.7450980392
134.75,0,1.83371428571429,32860
134.8,0,1.84800000000001,32842.7450980392
134.85,0,1.86264705882353,32831.2244897959
134.9,0,1.87735294117647,32830
134.95,0,1.90759615384617,32812.8571428571
135,16.8627450980364,1.94125,32784.7058823529
135.05,20,1.96067307692308,32780
135.1,20,1.97509615384615,32780
135.15,20,1.98980198019802,32763.0769230769
135.2,20,2.00465346534654,32760
135.25,20,2.03133333333334,32777.2549019608
135.3,20,2.06466666666667,32805.2941176471
135.35,20,2.1009708737864,32810
135.4,20,2.13980582524273,32851.3461538462
135.45,20,2.18076923076925,32909.2
135.5,20,2.22403846153846,32986.9387755102
135.55,20,2.26941747572816,33085.7142857143
135.6,20,2.31796116504853,33181.1320754717
135.65,20,2.35990291262136,33288
135.7,20,2.3890291262136,33418.3333333334
135.75,20,2.42346153846155,33571.7647058824
135.8,20,2.47153846153847,33673.8
135.85,20,2.52249999999999,33818.6274509803
135.9,20,2.58500000000001,33986.1702127659
135.95,20,2.64647058823532,34180.3773584906
136,20,2.70039215686276,34369.0196078431
136.05,20,2.75538461538464,34558.2
136.1,20,2.8226923076923,34790.8510638297
136.15,20,2.89,35023.8461538462
136.2,20,2.94769230769233,35270.0000000001
136.25,20,3.00538461538463,35528
136.3,20,3.03679611650486,35816.7346938776
136.35,20,3.06592233009708,36115.9999999999
136.4,20,3.13745098039216,36398.6538461539
136.45,20,3.2158823529412,36720.0000000001
136.5,20,3.29368932038834,37037.2549019608
136.55,20,3.37135922330097,37380.0000000001
136.6,20,3.44846153846152,37716.6666666667
136.65,20,3.52538461538463,38097.0212765959
136.7,20,3.58269230769232,38450.7692307693
136.75,20,3.63076923076922,38808
136.8,20,3.67884615384616,39200.0000000001
136.85,20,3.72692307692307,39599.9999999999
136.9,20,3.78568627450982,39968
136.95,20,3.85431372549022,40330.1960784314
137,20,3.90864077669903,40738.8235294117
137.05,20,3.94747572815534,41144
137.1,20,3.98235294117646,41581.2244897959
137.15,20,4.01176470588235,41976.4000000001
137.2,20,4.0388785046729,42362.4489795919
137.25,20,4.0622429906542,42683.137254902
137.3,20,4.08815533980583,43062.0000000001
137.35,20,4.12213592233009,43407.4
137.4,20,4.15705882352942,43831.0000000001
137.45,20,4.19627450980394,44297.0588235296
137.5,20,4.23067307692308,44790
137.55,20,4.23548076923077,45252.7450980394
137.6,20,4.24116504854368,45678.3333333334
137.65,20,4.26058252427185,46098.8235294118
137.7,20,4.28,46525.7142857143
137.75,20,4.28480769230769,46910.5882352941
137.8,20,4.28961538461539,47253.3333333335
137.85,20,4.32156862745097,47571.25
137.9,20,4.35588235294118,47831.3207547171
137.95,20,4.36,48037.8723404256
138,20,4.36,48200
138.05,20,4.34415841584158,48380.6000000001
138.1,20,4.32435643564356,48570.6
138.15,20,4.32735849056604,48763.4693877551
138.2,20,4.33679245283019,48951.5686274511
138.25,20,4.33359223300971,49118.4
138.3,20,4.32388349514563,49256.2000000001
138.35,20,4.31708737864078,49386.2
138.4,20,4.31223300970874,49512.5
138.45,20,4.30480769230769,49617.0212765958
138.5,20,4.29519230769231,49729.4117647059
138.55,20,4.29446601941748,49825.2941176471
138.6,20,4.30417475728155,49903.3333333333
138.65,20,4.30607843137255,49977.6595744681
138.7,20,4.29627450980392,50021.875
138.75,20,4.29,50086.9230769231
138.8,20,4.29,50145.7142857143
138.85,20,4.29382352941177,50188.8
138.9,20,4.30852941176471,50228.2352941177
138.95,20,4.31894230769231,50240
139,20,4.31413461538462,50247
139.05,20,4.31203883495146,50264
139.1,20,4.32660194174757,50276.862745098
139.15,20,4.34,50293.8775510204
139.2,20,4.34,50313.7254901961
139.25,20,4.33981481481481,50284.5833333333
139.3,20,4.33055555555555,50164.1176470588
139.35,20,4.3212962962963,50099.8076923077
139.4,20,4.32,50090
139.45,20,4.32,50111.4285714286
139.5,20,4.32831683168317,50133.8461538462
139.55,20,4.33821782178218,50160
139.6,20,4.34780952380952,50184.0425531915
139.65,20,4.35733333333334,50210.7692307692
139.7,20,4.35300970873786,50232.5925925926
139.75,20,4.34330097087379,50240
139.8,20,4.3464705882353,50259.6153846154
139.85,20,4.35627450980392,50257.2
139.9,20,4.35409523809524,50269.5918367347
139.95,20,4.34457142857142,50280
140,20,4.34504854368932,50293.2
140.05,20,4.3547572815534,50300
140.1,20,4.36,50313.0769230769
140.15,20,4.36,50326.4
140.2,20,4.36,50330
140.25,20,4.36,50323.3333333333
140.3,20,4.36,50326.7346938776
140.35,20,4.36,50330
140.4,20,4.36,50330
140.45,20,4.36,50330
140.5,20,4.36,50342.6923076923
140.55,20,4.36,50337.6
140.6,20,4.36,50342.6530612245
140.65,20,4.36,50350
140.7,20,4.36,50350
140.75,20,4.36,50350
140.8,20,4.36,50350
140.85,20,4.36,50350
140.9,20,4.36,50331.0204081633
140.95,20,4.36,50307.2
141,20,4.36,50312.5490196078
141.05,20,4.36,50320
141.1,20,4.36,50294.693877551
141.15,20,4.36,50273.8461538462
141.2,20,4.36,50257.5
141.25,20,4.36,50243.9622641509
141.3,20,4.36,50240
141.35,20,4.36,50227.6595744681
141.4,20,4.36,50220
141.45,20,4.36,50207.2
141.5,20,4.36,50212.3076923077
141.55,20,4.36,50220
141.6,20,4.36,50208
141.65,20,4.36,50181.6326530612
141.7,20,4.36,50170
141.75,20,4.36,50163.9583333333
141.8,20,4.36,50147.6
141.85,20,4.3296,50127.6
141.9,20,4.31022222222222,50120
141.95,20,4.31,50120
142,20,4.31,50113.9215686275
142.05,20,4.31,50081.1538461538
142.1,20,4.31,50048.5714285714
142.15,20,4.31,50040
142.2,20,4.31,50040
142.25,20,4.31,50034.2307692308
142.3,20,4.29266666666667,50013.2
142.35,20,4.26066666666667,49989.0196078431
142.4,20,4.26177777777779,49991.4893617021
142.45,20,4.282,50006
142.5,20,4.29,49992.3529411765
142.55,20,4.26888888888888,49980
142.6,20,4.24,49992
142.65,20,4.23369565217391,50000
142.7,20,4.23,50000
142.75,20,4.256,49988.6274509804
142.8,20,4.28933333333335,49980
142.85,20,4.27727272727274,49963.2
142.9,20,4.24800000000001,49955.8333333333
142.95,20,4.28311111111111,49942.3529411765
143,20,4.29,49930
143.05,20,4.29,49946.7307692308
143.1,20,4.29807692307692,49960
143.15,20,4.3125,49960
143.2,20,4.32466019417476,49954.6
143.25,20,4.33436893203884,49939.2
143.3,20,4.33592233009708,49940.8
143.35,20,4.32621359223301,49950
143.4,20,4.30961538461538,49939.0196078431
143.45,20,4.28076923076922,49945.8823529412
143.5,20,4.25728155339806,49981.2244897959
143.55,20,4.24757281553398,50000
143.6,20,4.24419047619048,50016.4705882353
143.65,20,4.2632380952381,50030
143.7,20,4.28178217821783,50045.306122449
143.75,20,4.29663366336634,50070.612244898
143.8,20,4.31048543689321,50085.4
143.85,20,4.31533980582524,50117
143.9,20,4.32,50155.8823529412
143.95,20,4.32,50180.612244898
144,20,4.32,50195.4
144.05,20,4.32,50221.1764705882
144.1,20,4.32,50255.294117647
144.15,20,4.32,50270
144.2,20,4.32,50275
144.25,20,4.33553398058252,50289.8039215686
144.3,20,4.35495145631069,50251.0204081632
144.35,20,4.36,50115
144.4,20,4.36,50015.5769230769
144.45,20,4.35346153846154,50014.0816326531
144.5,20,4.34384615384616,50045
144.55,20,4.35470588235294,50090.5882352941
144.6,20,4.3792156862745,50139.2307692308
144.65,20,4.38456310679612,50178.0392156863
144.7,20,4.37485436893204,50218.3333333334
144.75,20,4.36292452830188,50255
144.8,20,4.34877358490565,50274.8148148148
144.85,20,4.34372549019608,50298.3333333333
144.9,20,4.35352941176471,50334.693877551
144.95,20,4.36157407407408,50350
145,20,4.3662037037037,50350
145.05,20,4.37,50363.8
145.1,20,4.37,50389.387755102
145.15,20,4.37,50418.4615384615
145.2,20,4.37,50440
145.25,20,4.37152380952381,50459.2307692308
145.3,20,4.38104761904762,50480
145.35,20,4.39,50484.4
145.4,20,4.39,50490
145.45,20,4.39,50485.4901960784
145.5,20,4.39,50484.4897959184
145.55,20,4.39,50499.0196078431
145.6,20,4.38106796116505,50514.4
145.65,20,4.37135922330097,50529.1666666667
145.7,20,4.36578431372549,50540
145.75,20,4.36088235294118,50553.2
145.8,20,4.36398058252427,50570
145.85,20,4.36883495145631,50579.0196078431
145.9,20,4.37,50603.2
145.95,20,4.37,50628.8
146,20,4.37666666666667,50652.6923076923
146.05,20,4.38619047619048,50670
146.1,20,4.39288461538461,50670
146.15,20,4.39769230769231,50670
146.2,20,4.4,50670
146.25,20,4.4,50674.3137254902
146.3,20,4.3978431372549,50667.1428571429
146.35,20,4.39294117647059,50662.9411764706
146.4,20,4.39194174757282,50697.5
146.45,20,4.39679611650486,50720
146.5,20,4.4,50711.4285714286
146.55,20,4.4,50691.3725490196
146.6,20,4.4,50680
146.65,20,4.4,50688.6274509804
146.7,20,4.39902912621359,50691.4285714286
146.75,20,4.39417475728155,50675.7692307692
146.8,20,4.39,50673.8461538462
146.85,20,4.39,50676.25
146.9,20,4.39029411764706,50662.1568627451
146.95,20,4.39519607843137,50650
147,20,4.39990384615385,50638.2352941176
147.05,20,4.39509615384615,50627.7551020408
147.1,20,4.39028846153846,50640
147.15,20,4.36761904761905,50643.8
147.2,20,4.34380952380952,50638.3673469388
147.25,20,4.36079207920792,50627.8431372549
147.3,20,4.38554455445545,50632.2448979592
147.35,20,4.39398058252427,50627.8431372549
147.4,20,4.39883495145631,50632.4
147.45,20,4.39634615384615,50612.4
147.5,20,4.39153846153846,50607.7551020408
147.55,20,4.39317757009346,50612
147.6,20,4.39785046728972,50596.0784313726
147.65,20,4.39727272727273,50582.2448979592
147.7,20,4.39222222222222,50566
147.75,20,4.38466666666667,50560
147.8,20,4.37514285714285,50560
147.85,20,4.37450980392157,50563.75
147.9,20,4.3843137254902,50570
147.95,20,4.39201923076923,50577.6
148,20,4.39682692307692,50590
148.05,20,4.4,50593.8
148.1,20,4.4,50596.3461538462
148.15,20,4.39867924528302,50600.2
148.2,20,4.39396226415094,50620
148.25,20,4.3884,50620
148.3,20,4.3784,50613.2
148.35,20,4.3692380952381,50596.6
148.4,20,4.36447619047619,50590
148.45,20,4.36029411764706,50593.8
148.5,20,4.36519607843137,50600
148.55,20,4.37029126213592,50600
148.6,20,4.38485436893204,50589.8
148.65,20,4.39941747572816,50576.9387755102
148.7,20,4.4,50590
148.75,20,4.4,50590
148.8,20,4.38782178217821,50593.0769230769
148.85,20,4.37297029702971,50605.9574468085
148.9,20,4.36611650485437,50613.0612244898
148.95,20,4.36126213592233,50600
149,20,4.37077669902913,50600
149.05,20,4.38533980582524,50596.6
149.1,20,4.39971428571428,50593.4
149.15,20,4.414,50596.6
149.2,20,4.42,50590
149.25,20,4.42,50593.2
149.3,20,4.40514851485148,50596.862745098
149.35,20,4.37544554455446,50592.8301886792
149.4,20,4.34384615384615,50597.4468085106
149.45,20,4.31019230769229,50590
149.5,20,4.27252427184465,50583.8775510204
149.55,20,4.2288349514563,50576.4
149.6,20,4.18038461538462,50593.137254902
149.65,20,4.12269230769231,50615.306122449
149.7,20,4.06374999999999,50650
149.75,20,4.00125,50650
149.8,20,3.93485148514849,50650
149.85,20,3.85069306930693,50647.4468085106
149.9,20,3.76846153846153,50643
149.95,20,3.69634615384613,50656
150,14.0000000000034,3.6246153846154,50664
150.05,0,3.55730769230768,50659
150.1,0,3.49,50677
150.15,0,3.41233009708737,50664.3396226415
150.2,0,3.33466019417473,50642.3404255319
150.25,0,3.27125,50596
150.3,0,3.20874999999997,50492.9411764706
150.35,0,3.13737864077669,50326.8000000001
150.4,0,3.0645631067961,50125.3846153846
150.45,0,2.99509803921566,49888.7234042552
150.5,0,2.92647058823529,49614.0000000001
150.55,0,2.86295238095236,49289.9999999999
150.6,0,2.80104761904762,48948.4313725491
150.65,0,2.74441176470587,48586.4
150.7,0,2.69049019607841,48227.4999999999
150.75,0,2.65228571428571,47858.7234042554
150.8,0,2.62371428571428,47453.5999999999
150.85,0,2.59250000000001,47072.3076923078
150.9,0,2.55884615384615,46681.1764705882
150.95,0,2.5270588235294,46267.9591836733
151,0,2.49764705882353,45845
151.05,0,2.47019607843137,45403.9999999999
151.1,0,2.44568627450981,44953.7254901962
151.15,0,2.42653846153846,44514.9999999999
151.2,0,2.41692307692307,44106.0416666665
151.25,0,2.40326923076923,43680.3921568627
151.3,0,2.37923076923076,43256.4705882353
151.35,0,2.35711538461539,42821.224489796
151.4,0,2.3426923076923,42398.4
151.45,0,2.32650485436892,42048.7999999998
151.5,0,2.29737864077669,41666.4
151.55,0,2.26941747572815,41286
151.6,0,2.25970873786408,40944.705882353
151.65,0,2.25,40634
151.7,0,2.25,40342.7999999999
151.75,0,2.25,40082.8
151.8,0,2.23631067961164,39827.1999999999
151.85,0,2.22174757281553,39591.6
151.9,0,2.21145631067961,39373.8
151.95,0,2.20174757281553,39168.1999999999
152,0,2.18817307692308,38979.0196078431
152.05,0,2.17374999999999,38793.9999999999
152.1,0,2.15203883495145,38615.306122449
152.15,0,2.12776699029126,38440.4
152.2,0,2.10692307692307,38269.8039215686
152.25,0,2.08769230769231,38127.3469387755
152.3,0,2.07417475728155,37966.9999999999
152.35,0,2.06446601941748,37820.3846153846
152.4,0,2.05480769230769,37686.1224489796
152.45,0,2.0451923076923,37554.5098039215
152.5,0,2.04450980392157,37426.6
152.55,0,2.0543137254902,37303.125
152.6,0,2.05592233009709,37206.2745098039
152.65,0,2.04621359223301,37094.5098039215
152.7,0,2.02961538461537,36972
152.75,0,2.00076923076923,36875.6
152.8,0,1.98,36790.2
152.85,0,1.98,36685.6
152.9,0,1.98,36605.6
152.95,0,1.98,36525.6
153,0,1.97615384615384,36441.6326530612
153.05,0,1.95211538461538,36344.6153846154
153.1,0,1.92923076923077,36265
153.15,0,1.91961538461538,36174
153.2,0,1.90999999999999,36090.7692307692
153.25,0,1.89543689320388,35997.2
153.3,0,1.88087378640776,35920.4
153.35,0,1.87543689320388,35853.6734693878
153.4,0,1.87058252427184,35754.4230769231
153.45,0,1.88269230769231,35670.2
153.5,0,1.89711538461539,35601.6
153.55,0,1.89223300970873,35538.5714285714
153.6,0,1.88252427184466,35454.3137254902
153.65,0,1.87644230769231,35358.8
153.7,0,1.87163461538462,35277.6470588235
153.75,0,1.86352941176471,35190.4
153.8,0,1.85372549019608,35114
153.85,0,1.84409523809523,35061.6
153.9,0,1.83457142857143,34990.2040816327
153.95,0,1.83,34909.0196078431
154,0,1.83,34830.2040816327
154.05,0,1.82769230769231,34751.7647058823
154.1,0,1.82288461538461,34690.2040816326
154.15,0,1.81029126213592,34613
154.2,0,1.78601941747572,34558.8
154.25,0,1.77,34481.7647058823
154.3,0,1.77,34421.6
154.35,0,1.77269230769231,34350.2040816326
154.4,0,1.78230769230769,34271.9230769231
154.45,0,1.78807692307692,34214.8979591837
154.5,0,1.77846153846154,34163.0769230769
154.55,0,1.77,34104.0425531915
154.6,0,1.77,34028.8
154.65,0,1.77,33956.1111111111
154.7,0,1.77,33927.1153846154
154.75,0,1.77,33879.1304347826
154.8,0,1.76057692307692,33834.7916666666
154.85,0,1.75096153846153,33783.2692307692
154.9,0,1.75,33737.0588235294
154.95,0,1.75,33706.0784313725
155,0,1.76708737864078,33658.0434782609
155.05,0,1.78650485436894,33626.0377358491
155.1,0,1.79,33596.7346938775
155.15,0,1.79,33557.1153846154
155.2,0,1.79,33529.375
155.25,0,1.79,33518.0392156863
155.3,0,1.79,33498.3333333333
155.35,0,1.79,33476.7272727273
155.4,0,1.78425742574258,33449.7916666667
155.45,0,1.77435643564356,33438.8461538461
155.5,0,1.77,33419.5918367347
155.55,0,1.77,33398.7755102041
155.6,0,1.78142857142858,33370
155.65,0,1.80523809523809,33369.5744680851
155.7,0,1.81446601941747,33360
155.75,0,1.79990291262136,33360
155.8,0,1.78692307692307,33360
155.85,0,1.77730769230769,33359.1666666667
155.9,0,1.77,33341.6326530612
155.95,0,1.77,33360
156,0,1.76844660194175,33360
156.05,0,1.75873786407767,33360
156.1,0,1.75,33358.7755102041
156.15,0,1.75,33338.4905660377
156.2,0,1.75115384615385,33320.3921568627
156.25,0,1.77038461538462,33340
156.3,0,1.78961538461539,33320
156.35,0,1.7709708737864,33319.5918367347
156.4,0,1.75155339805825,33310
156.45,0,1.75893203883495,33308.8461538461
156.5,0,1.76864077669903,33290
156.55,0,1.77826923076923,33290
156.6,0,1.78788461538462,33289.7916666667
156.65,0,1.78242718446602,33280
156.7,0,1.77271844660194,33280
156.75,0,1.75961538461539,33258.8
156.8,0,1.74519230769231,33230
156.85,0,1.74,33229.5918367347
156.9,0,1.74,33210.7843137255
156.95,0,1.74285714285715,33230
157,0,1.74761904761905,33230.1923076923
157.05,0,1.75495049504951,33239.8076923077
157.1,0,1.76485148514852,33240.4
157.15,0,1.77457142857143,33260.4
157.2,0,1.78409523809524,33279.6153846154
157.25,0,1.79,33260.3846153846
157.3,0,1.79,33260.7692307692
157.35,0,1.78364485981308,33280
157.4,0,1.76495327102803,33289.8039215686
157.45,0,1.752,33290
157.5,0,1.762,33290
157.55,0,1.76807692307692,33290
157.6,0,1.75846153846153,33309.6078431373
157.65,0,1.75116504854369,33310.1923076923
157.7,0,1.76087378640777,33319.8076923077
157.75,0,1.77,33360
157.8,0,1.77,33340
157.85,0,1.77,33360.1923076923
157.9,0,1.77,33369.8076923077
157.95,0,1.77,33370
158,0,1.77,33370
158.05,0,1.77,33370
158.1,0,1.77,33389.6
158.15,0,1.77,33390
158.2,0,1.78153846153847,33390
158.25,0,1.79596153846154,33390
158.3,0,1.8,33390
158.35,0,1.8,33390
158.4,0,1.8,33399.4230769231
158.45,0,1.8,33400
158.5,0,1.80584905660377,33419.2156862745
158.55,0,1.81528301886793,33420
158.6,0,1.81257425742573,33420
158.65,0,1.79772277227722,33420
158.7,0,1.78076923076922,33420
158.75,0,1.76153846153846,33439.5833333333
158.8,0,1.75384615384616,33421.1538461538
158.85,0,1.76346153846154,33420
158.9,0,1.77,33401.5384615385
158.95,0,1.77,33419.1666666667
159,0,1.77247619047619,33401.1764705882
159.05,0,1.782,33418.8
159.1,0,1.79,33420
159.15,0,1.79,33420
159.2,0,1.79,33420
159.25,0,1.79,33401.2
159.3,0,1.78926605504587,33400
159.35,0,1.78009174311926,33400
159.4,0,1.77091743119266,33418.4
159.45,0,1.75636363636363,33420
159.5,0,1.74121212121212,33420
159.55,0,1.76233009708739,33420
159.6,0,1.78660194174758,33438.8235294118
159.65,0,1.81504854368932,33449.4
159.7,0,1.84417475728156,33440.6
159.75,0,1.83846153846154,33449.5918367347
159.8,0,1.82403846153846,33468.8235294118
159.85,0,1.80941176470587,33470
159.9,0,1.79470588235294,33470
159.95,0,1.78352380952381,33470
160,0,1.774,33470
160.05,0,1.77,33470
160.1,0,1.77,33451.9230769231
160.15,0,1.77757281553398,33440.625
160.2,0,1.7921359223301,33440
160.25,0,1.79778846153846,33421.9607843137
160.3,0,1.79298076923077,33420
160.35,0,1.79184466019418,33401.6
160.4,0,1.79669902912621,33400
160.45,0,1.80310679611651,33390.8
160.5,0,1.81281553398058,33371.9607843137
160.55,0,1.82,33370
160.6,0,1.82,33360.8
160.65,0,1.81740384615384,33369.0196078431
160.7,0,1.80298076923076,33361.1764705882
160.75,0,1.79,33368.8
160.8,0,1.79,33361.0204081633
160.85,0,1.79,33368.8235294118
160.9,0,1.79,33370
160.95,0,1.78999999999999,33370
161,0,1.78047619047619,33370
161.05,0,1.77095238095238,33370
161.1,0,1.77,33370
161.15,0,1.77,33370
161.2,0,1.77,33370
161.25,0,1.77,33370
161.3,0,1.77754716981132,33370
161.35,0,1.78698113207547,33387.5510204082
161.4,0,1.7934,33390
161.45,0,1.7984,33390
161.5,0,1.80653846153846,33398.2692307692
161.55,0,1.81615384615385,33400
161.6,0,1.81142857142856,33400
161.65,0,1.79714285714286,33391.568627451
161.7,0,1.79245098039216,33390
161.75,0,1.79735294117647,33390
161.8,0,1.80669902912622,33390
161.85,0,1.82126213592234,33390
161.9,0,1.82805825242718,33390
161.95,0,1.82320388349514,33398.5714285714
162,0,1.82163461538462,33391.7307692308
162.05,0,1.82644230769231,33390
162.1,0,1.82873786407767,33398.4
162.15,0,1.82388349514563,33400
162.2,0,1.81708737864077,33400
162.25,0,1.80252427184466,33400
162.3,0,1.79,33400
162.35,0,1.79,33391.6
162.4,0,1.78943396226415,33390
162.45,0,1.77999999999999,33398.3673469388
162.5,0,1.77056603773585,33400
162.55,0,1.78396039603961,33391.6326530612
162.6,0,1.79881188118812,33397.7777777778
162.65,0,1.79553398058252,33400
162.7,0,1.79067961165048,33400
162.75,0,1.79413461538462,33431.8367346939
162.8,0,1.79894230769231,33440
162.85,0,1.8,33448.2978723404
162.9,0,1.8,33441.6
162.95,0,1.8,33424.1509433962
163,0,1.8,33436.25
163.05,0,1.8,33440
163.1,0,1.8,33440
163.15,0,1.8,33447.8
163.2,0,1.8,33450
163.25,0,1.7975,33450
163.3,0,1.79269230769231,33465.6
163.35,0,1.79,33470
163.4,0,1.79,33470
163.45,0,1.79,33477.8
163.5,0,1.79,33472.0408163265
163.55,0,1.79,33454.3137254902
163.6,0,1.79,33442.5
163.65,0,1.79107843137255,33424.5833333333
163.7,0,1.79598039215686,33435.6
163.75,0,1.8,33424.4
163.8,0,1.8,33435.2941176471
163.85,0,1.79950980392157,33440
163.9,0,1.79460784313725,33424.4
163.95,0,1.79,33420
164,0,1.79,33420
164.05,0,1.79,33420
164.1,0,1.79,33435.5102040816
164.15,0,1.79,33424.4
164.2,0,1.77230769230769,33420
164.25,0,1.75307692307693,33434.8
164.3,0,1.75,33440
164.35,0,1.75,33447.6
164.4,0,1.76538461538461,33442.5490196078
164.45,0,1.78461538461539,33440
164.5,0,1.79,33440
164.55,0,1.79,33425.9259259259
164.6,0,1.79,33405.5319148936
164.65,0,1.79,33400
164.7,0,1.80560000000001,33400
164.75,0,1.8356,33392.5490196078
164.8,0,1.86500000000001,33390
164.85,0,1.89384615384617,33390
164.9,0,1.9143137254902,33397.2916666667
164.95,0,1.92411764705883,33393.0188679245
165,0,1.94553398058253,33390
165.05,26.6666666666667,1.98436893203885,33390
165.1,40,2.01490384615385,33390
165.15,40,2.02932692307692,33390
165.2,40,2.04504854368932,33375.8823529412
165.25,40,2.06446601941748,33370
165.3,40,2.08857142857144,33391.6
165.35,40,2.13142857142859,33426.6666666667
165.4,40,2.17388349514563,33468.4444444444
165.45,40,2.21271844660196,33517
165.5,40,2.25213592233011,33585.8490566038
165.55,40,2.30553398058254,33666.6666666667
165.6,40,2.35893203883498,33744.3396226416
165.65,40,2.40757281553398,33859.375
165.7,40,2.45611650485438,33978.5714285715
165.75,40,2.50423076923077,34115.8823529412
165.8,40,2.55230769230771,34252.4528301887
165.85,40,2.60529411764709,34420
165.9,40,2.65921568627452,34613.3333333333
165.95,40,2.70047619047621,34817.5000000001
166,40,2.73857142857144,35017.2549019608
166.05,40,2.79851485148517,35225.7142857144
166.1,40,2.86782178217824,35448.4905660379
166.15,40,2.92813084112149,35693.137254902
166.2,40,2.98420560747664,35945.0000000001
166.25,40,3.05544554455443,36219.8
166.3,40,3.13960396039604,36508.085106383
166.35,40,3.22000000000002,36789.6153846155
166.4,40,3.29692307692308,37092.4489795919
166.45,40,3.37844660194178,37413.5294117649
166.5,40,3.46582524271844,37768.2978723405
166.55,40,3.55320388349516,38113.3333333334
166.6,40,3.6405825242719,38448.8461538463
166.65,40,3.72640776699032,38803.3333333334
166.7,40,3.80893203883499,39171.6000000001
166.75,40,3.89500000000001,39545
166.8,40,3.99115384615386,39933.3333333334
166.85,40,4.08922330097091,40294.9090909092
166.9,40,4.19601941747575,40692.1739130435
166.95,40,4.30371428571435,41097.4000000001
167,40,4.418,41490.1923076922
167.05,40,4.53254901960786,41950
167.1,40,4.66000000000004,42344.4000000002
167.15,40,4.78745098039215,42757.6470588236
167.2,40,4.91368932038839,43220.8000000002
167.25,40,5.03990291262138,43678.6274509804
167.3,40,5.17826923076927,44154.0384615386
167.35,40,5.31769230769236,44680.2083333336
167.4,40,5.46352941176471,45237.9591836735
167.45,40,5.61058823529414,45766.2745098041
167.5,40,5.7695238095238,46288.6
167.55,40,5.93142857142861,46830.3921568629
167.6,40,6.09323529411772,47362.5000000003
167.65,40,6.25500000000001,47889.2
167.7,40,6.43764150943403,48418.823529412
167.75,40,6.63103773584907,48935.9615384616
167.8,40,6.86970297029712,49469.5918367349
167.85,40,7.14693069306946,50006.9811320758
167.9,40,7.41378640776703,50554.4680851066
167.95,40,7.67106796116513,51135.1020408166
168,40,7.86914285714285,51700.3921568627
168.05,40,7.99771428571432,52260.3846153847
168.1,40,8.11669902912627,52873.4042553194
168.15,40,8.21864077669904,53496.8627450982
168.2,40,8.32932038834955,54128.2352941179
168.25,40,8.46038834951454,54794.4000000001
168.3,40,8.58470588235295,55506.1224489799
168.35,40,8.68764705882358,56223.529411765
168.4,40,8.7796153846154,56914.4000000001
168.45,40,8.82769230769233,57632.0408163268
168.5,40,8.87058252427184,58343.9999999999
168.55,40,8.87543689320388,59052.0000000002
168.6,40,8.88054545454546,59845.8823529415
168.65,40,8.88963636363637,60617.6000000001
168.7,40,8.89872727272728,61482.2448979596
168.75,40,8.89122448979592,62434.7058823531
168.8,40,8.88102040816326,63357.8000000003
168.85,40,8.86701923076923,64231.2244897963
168.9,40,8.85259615384615,64956.5384615385
168.95,40,8.86217821782179,65560.8333333335
169,40,8.8770297029703,66072.3529411765
169.05,40,8.88769230769231,66461.4000000001
169.1,40,8.8973076923077,66785.6000000001
169.15,40,8.9,67059.2
169.2,40,8.9,67271.5384615385
169.25,40,8.89384615384615,67420.612244898
169.3,40,8.88423076923077,67515.7142857143
169.35,40,8.88,67567.4
169.4,40,8.88,67580
169.45,40,8.88,67597.4
169.5,40,8.88,67610
169.55,40,8.88,67610
169.6,40,8.88,67620.5882352941
169.65,40,8.87807692307692,67635.306122449
169.7,40,8.87326923076923,67624.1176470588
169.75,40,8.87,67604.5833333333
169.8,40,8.87,67589.0196078431
169.85,40,8.8678431372549,67564.1176470588
169.9,40,8.85803921568627,67534.4
169.95,40,8.84912621359223,67535.2941176471
170,40,8.8442718446602,67539.5833333333
170.05,40,8.84173076923077,67546.5306122449
170.1,40,8.85615384615385,67554.6153846154
170.15,40,8.87,67550
170.2,40,8.87,67550
170.25,40,8.87,67523.4693877551
170.3,40,8.87,67473.5294117647
170.35,40,8.87,67434.4
170.4,40,8.87,67430.4
170.45,40,8.87,67440
170.5,40,8.86184466019417,67429.4117647059
170.55,40,8.8521359223301,67420
170.6,40,8.85757281553398,67420
170.65,40,8.86728155339806,67409.387755102
170.7,40,8.85951456310679,67384.1176470588
170.75,40,8.84495145631068,67385.6
170.8,40,8.84933962264151,67400
170.85,40,8.86349056603774,67384.7058823529
170.9,40,8.86470588235294,67380
170.95,40,8.85490196078431,67355.6862745098
171,40,8.85,67320
171.05,40,8.85,67315
171.1,40,8.85,67294.7058823529
171.15,40,8.85,67260.7692307692
171.2,40,8.85548076923077,67235.306122449
171.25,40,8.86990384615385,67234.705882353
171.3,40,8.88,67249.5833333333
171.35,40,8.88,67270
171.4,40,8.87885714285714,67280
171.45,40,8.87409523809524,67270.1960784314
171.5,40,8.86792079207921,67260
171.55,40,8.85306930693069,67268.9795918367
171.6,40,8.84,67280
171.65,40,8.84,67284.5833333333
171.7,40,8.83941747572815,67299.2307692308
171.75,40,8.82970873786408,67301.2
171.8,40,8.82,67290
171.85,40,8.81047619047619,67299.5833333333
171.9,40,8.80095238095238,67300.3846153846
171.95,40,8.80882352941177,67290
172,40,8.81862745098039,67290
172.05,40,8.84067307692308,67285.5102040816
172.1,40,8.86471153846155,67292.7777777778
172.15,40,8.87,67313.9583333333
172.2,40,8.87,67328.4
172.25,40,8.86307692307692,67327.1428571429
172.3,40,8.85346153846154,67301.0204081633
172.35,40,8.84695238095238,67276.4705882353
172.4,40,8.84219047619048,67251.2
172.45,40,8.83465346534653,67240
172.5,40,8.82475247524753,67227.2340425532
172.55,40,8.825,67219.2
172.6,40,8.83461538461539,67230
172.65,40,8.84,67230
172.7,40,8.84,67242
172.75,40,8.84,67280
172.8,40,8.84,67310
172.85,40,8.83692307692307,67322.9411764706
172.9,40,8.82730769230769,67352.8571428571
172.95,40,8.82,67391.568627451
173,40,8.82,67420
173.05,40,8.82176470588236,67428.5714285714
173.1,40,8.83156862745098,67453.2
173.15,40,8.84,67461.2
173.2,40,8.84,67445.6862745098
173.25,40,8.83942307692308,67444.2
173.3,40,8.82980769230769,67437.6470588235
173.35,40,8.8201923076923,67412
173.4,40,8.81057692307692,67400
173.45,40,8.80096153846154,67400
173.5,40,8.81747572815534,67419
173.55,40,8.8368932038835,67450
173.6,40,8.83184466019417,67458.0769230769
173.65,40,8.8221359223301,67462.4
173.7,40,8.8125,67469.3877551021
173.75,40,8.80288461538461,67508
173.8,40,8.8,67512
173.85,40,8.8,67492.1568627451
173.9,40,8.80622641509434,67487.1698113208
173.95,40,8.81566037735849,67506.9565217391
174,40,8.82,67520
174.05,40,8.82,67493.4
174.1,40,8.82764150943397,67450
174.15,40,8.84179245283019,67450
174.2,40,8.85,67457.8431372549
174.25,40,8.85,67470
174.3,40,8.84457142857143,67462.9166666667
174.35,40,8.83028571428571,67457.4509803922
174.4,40,8.81725490196078,67470
174.45,40,8.80745098039215,67470
174.5,40,8.8,67473.8775510204
174.55,40,8.8,67476.0784313725
174.6,40,8.80173076923077,67470
174.65,40,8.81134615384616,67458.8235294117
174.7,40,8.81901960784313,67440
174.75,40,8.80921568627451,67427.2
174.8,40,8.80057692307693,67396.7346938775
174.85,40,8.81019230769231,67390
174.9,40,8.81980769230769,67400.3846153846
174.95,40,8.8342718446602,67413.6
175,40,8.84883495145631,67400
175.05,40,8.84553398058252,67400
175.1,40,8.84067961165048,67400
175.15,40,8.82330097087379,67396.6666666667
175.2,40,8.80388349514563,67393.3333333333
175.25,40,8.80747663551402,67407.0588235294
175.3,40,8.81682242990654,67420
175.35,40,8.82,67426
175.4,40,8.82,67434.1176470588
175.45,40,8.81425742574257,67425.7142857143
175.5,40,8.80435643564356,67440
175.55,40,8.80543689320389,67433.8775510204
175.6,40,8.81514563106797,67429.6
175.65,40,8.82485436893204,67450
175.7,40,8.83456310679612,67450
175.75,40,8.84,67450
175.8,40,8.84,67450
175.85,40,8.84,67450
175.9,40,8.84,67456.1224489796
175.95,40,8.84,67485.6862745098
176,40,8.84,67529.1836734694
176.05,40,8.83803921568627,67565.6862745098
176.1,40,8.82823529411764,67600
176.15,40,8.82,67607.3469387755
176.2,40,8.82,67630
176.25,40,8.82133333333333,67624
176.3,40,8.83085714285714,67607.0588235294
176.35,40,8.83900990099009,67602.8571428572
176.4,40,8.81425742574258,67610
176.45,40,8.78971698113207,67610
176.5,40,8.77556603773585,67615.8823529412
176.55,40,8.76141509433962,67630
176.6,40,8.77310679611651,67624.8936170213
176.65,40,8.78766990291262,67601.3461538462
176.7,40,8.81058823529413,67571.875
176.75,40,8.83509803921569,67552.8301886792
176.8,40,8.84,67560
176.85,40,8.84,67571.5384615385
176.9,40,8.84,67600
176.95,40,8.84,67594.1176470588
177,40,8.83425742574257,67571.7647058823
177.05,40,8.82435643564356,67557.6470588235
177.1,40,8.81450980392157,67575.1020408163
177.15,40,8.80470588235294,67573
177.2,40,8.80504854368932,67602.3529411765
177.25,40,8.8147572815534,67568
177.3,40,8.81342857142856,67527.6
177.35,40,8.79914285714285,67515
177.4,40,8.7952427184466,67494.4
177.45,40,8.80980582524272,67493.7254901961
177.5,40,8.82291262135922,67530
177.55,40,8.8326213592233,67535.2
177.6,40,8.84116504854369,67557.8
177.65,40,8.84601941747573,67580
177.7,40,8.85,67587.6470588235
177.75,40,8.85,67614.8979591837
177.8,40,8.84798076923077,67630
177.85,40,8.83355769230769,67630
177.9,40,8.81913461538461,67632.5
177.95,40,8.80471153846153,67644.5833333333
178,40,8.79028846153846,67652.2
178.05,40,8.79471153846154,67624.9019607843
178.1,40,8.79951923076923,67602.8
178.15,40,8.80857142857143,67580
178.2,40,8.81809523809524,67584.8
178.25,40,8.82,67602.3529411765
178.3,40,8.82,67614.4
178.35,40,8.82,67630
178.4,40,8.82,67625.9183673469
178.45,40,8.80971428571428,67610
178.5,40,8.79542857142857,67610
178.55,40,8.79,67607.8
178.6,40,8.79,67602.1568627451
178.65,40,8.78465346534653,67603.8775510204
178.7,40,8.77475247524752,67580
178.75,40,8.77495238095238,67584.4
178.8,40,8.78447619047619,67606.4705882353
178.85,40,8.79207920792079,67642
178.9,40,8.7970297029703,67696.1224489796
178.95,40,8.8,67728.4615384615
179,40,8.8,67756.4
179.05,40,8.7985294117647,67740
179.1,40,8.79362745098039,67740
179.15,40,8.7912380952381,67736.3265306122
179.2,40,8.796,67712
179.25,40,8.79921568627451,67672.3076923077
179.3,40,8.79431372549019,67643.2653061225
179.35,40,8.7888349514563,67654.4897959184
179.4,40,8.77912621359223,67632
179.45,40,8.76971153846154,67640
179.5,40,8.76490384615385,67635.625
179.55,40,8.76009615384615,67604.4897959184
179.6,40,8.70291262135919,67583.9215686275
179.65,40,8.64466019417475,67600
179.7,40,8.49708737864072,67594.2857142857
179.75,40,8.34174757281555,67558.3673469388
179.8,40,8.12980769230764,67551.8
179.85,40,7.90865384615371,67563.6
179.9,40,7.69124999999995,67574.7058823529
179.95,40,7.47490384615378,67545.2
180,40,7.25752475247526,67516.7346938775
180.05,32.6530612244789,7.03970297029699,67490.8163265306
180.1,0,6.84903846153837,67448.0769230769
180.15,0,6.67115384615379,67444.6153846154
180.2,0,6.50660377358483,67466.25
180.25,0,6.35094339622643,67417.358490566
180.3,0,6.19633663366336,67268.5714285713
180.35,0,6.04287128712867,67049.3877551019
180.4,0,5.88854368932039,66786.6
180.45,0,5.73320388349508,66451.3999999999
180.5,0,5.57786407766988,65944.6
180.55,0,5.42252427184461,65328.0392156862
180.6,0,5.27628571428565,64670.7999999996
180.65,0,5.14771428571425,64011.6326530612
180.7,0,5.02203883495139,63364.9019607842
180.75,0,4.90553398058251,62758.9795918367
180.8,0,4.78970588235291,62166.2745098038
180.85,0,4.67696078431367,61569.1999999997
180.9,0,4.56586538461538,60977.7551020408
180.95,0,4.46490384615383,60388.679245283
181,0,4.36388349514566,59871.6666666668
181.05,0,4.2619417475728,59285.6603773585
181.1,0,4.15999999999994,58826.2499999998
181.15,0,4.04785046728969,58262
181.2,0,3.93570093457939,57683.7499999997
181.25,0,3.83910891089108,57129.9999999999
181.3,0,3.74504950495046,56627.5999999998
181.35,0,3.65660194174753,56097.4999999998
181.4,0,3.56922330097086,55564
181.45,0,3.49647058823527,55018.8235294115
181.5,0,3.42784313725491,54506.1538461539
181.55,0,3.35714285714284,53966.8085106381
181.6,0,3.28571428571425,53421.1320754714
181.65,0,3.20666666666665,52927.551020408
181.7,0,3.1233333333333,52387.6923076921
181.75,0,3.04428571428571,51859.1489361701
181.8,0,2.96809523809521,51336.0784313723
181.85,0,2.89359223300966,50798.3673469386
181.9,0,2.82077669902911,50284.7169811321
181.95,0,2.76077669902911,49827.4468085105
182,0,2.71708737864078,49272
182.05,0,2.6752427184466,48790.9615384613
182.1,0,2.63640776699027,48299.9999999998
182.15,0,2.60230769230768,47800.7843137253
182.2,0,2.57826923076922,47308.7755102039
182.25,0,2.55184466019417,46791.6000000001
182.3,0,2.5178640776699,46313.1372549018
182.35,0,2.48475728155339,45853.5999999999
182.4,0,2.45563106796116,45410.6122448978
182.45,0,2.42826923076922,44922.3529411763
182.5,0,2.41384615384615,44451.8000000001
182.55,0,2.39902912621359,43979.9999999999
182.6,0,2.37475728155339,43488.7999999998
182.65,0,2.35048543689321,43093.9999999998
182.7,0,2.3264423076923,42646.1538461537
182.75,0,2.30240384615384,42221.2499999999
182.8,0,2.29117647058823,41757.9999999999
182.85,0,2.2813725490196,41363.0769230768
182.9,0,2.26771428571428,41027.6923076922
182.95,0,2.25342857142856,40719.9999999998
183,0,2.23893203883495,40410
183.05,0,2.22436893203883,40104.1176470588
183.1,0,2.20333333333332,39840.1960784313
183.15,0,2.1795238095238,39595.2083333333
183.2,0,2.16108910891088,39357.6470588235
183.25,0,2.14623762376237,39151.6666666666
183.3,0,2.14,38944.6153846153
183.35,0,2.14,38752.8301886792
183.4,0,2.135,38573.5849056604
183.45,0,2.12538461538461,38383.7999999999
183.5,0,2.10718446601942,38210.9433962265
183.55,0,2.07805825242717,38060
183.6,0,2.05446601941747,37914.074074074
183.65,0,2.03990291262136,37765.9259259259
183.7,0,2.03,37607.8
183.75,0,2.03,37497.8431372549
183.8,0,2.02732673267326,37390
183.85,0,2.01247524752474,37259.9999999999
183.9,0,2,37130
183.95,0,2,37022.156862745
184,0,1.99735849056604,36912.2
184.05,0,1.97849056603773,36780
184.1,0,1.95970297029702,36680
184.15,0,1.94485148514851,36598.4615384615
184.2,0,1.93,36521.5384615384
184.25,0,1.93,36430
184.3,0,1.93,36330
184.35,0,1.92148514851484,36238.0392156862
184.4,0,1.91158415841584,36140
184.45,0,1.90588235294117,36059.9999999999
184.5,0,1.90098039215686,35960
184.55,0,1.88846153846153,35881.5686274509
184.6,0,1.87403846153846,35800
184.65,0,1.86300970873786,35723.0769230769
184.7,0,1.85330097087379,35631.8367346938
184.75,0,1.85640776699029,35551.6
184.8,0,1.86611650485437,35471.6
184.85,0,1.87291262135923,35401.4
184.9,0,1.87776699029126,35311.8
184.95,0,1.86714285714285,35233.1372549019
185,0,1.84333333333333,35161.4285714286
185.05,0,1.8213725490196,35102.3529411765
185.1,0,1.80176470588234,35026.1538461538
185.15,0,1.79,34947.8431372549
185.2,0,1.79,34879.9999999999
185.25,0,1.79,34783.8461538462
185.3,0,1.79,34704.7058823529
185.35,0,1.7878431372549,34641.25
185.4,0,1.77803921568627,34564.6153846154
185.45,0,1.77259615384616,34483.2653061224
185.5,0,1.78701923076923,34385.8823529411
185.55,0,1.79855769230769,34324.7058823529
185.6,0,1.78413461538461,34247.8431372549
185.65,0,1.76970873786408,34174.375
185.7,0,1.75514563106796,34113.6
185.75,0,1.74058252427185,34044.2
185.8,0,1.75411764705882,34011.8
185.85,0,1.76882352941177,33934.8
185.9,0,1.78339805825243,33883.9215686274
185.95,0,1.79796116504855,33823.6734693877
186,0,1.80826923076923,33773.9215686274
186.05,0,1.81788461538462,33725.7692307692
186.1,0,1.80874999999999,33682.5531914894
186.15,0,1.79432692307692,33632.0408163265
186.2,0,1.77640776699028,33582.9411764706
186.25,0,1.75699029126214,33551.8
186.3,0,1.75,33503.9215686274
186.35,0,1.75,33471.8367346939
186.4,0,1.75557692307692,33442.8846153846
186.45,0,1.76519230769231,33404
186.5,0,1.77,33390.8163265306
186.55,0,1.77,33390
186.6,0,1.7764077669903,33371.9230769231
186.65,0,1.79097087378641,33360.8163265306
186.7,0,1.79451923076923,33341.6
186.75,0,1.78009615384615,33312.9411764706
186.8,0,1.77,33310
186.85,0,1.77,33292.0408163265
186.9,0,1.76764705882353,33307.6470588235
186.95,0,1.7578431372549,33292.0408163265
187,0,1.74903846153846,33290
187.05,0,1.74423076923077,33290
187.1,0,1.74,33290
187.15,0,1.74,33290
187.2,0,1.74056603773585,33281.3461538461
187.25,0,1.75471698113207,33280
187.3,0,1.7688679245283,33280
187.35,0,1.7792,33288.9795918367
187.4,0,1.7892,33281
187.45,0,1.78132075471698,33280
187.5,0,1.77188679245283,33262.4489795918
187.55,0,1.75823529411764,33260
187.6,0,1.7435294117647,33243.137254902
187.65,0,1.7326213592233,33231.0638297872
187.7,0,1.72291262135922,33212.6923076923
187.75,0,1.73029411764706,33183.6734693878
187.8,0,1.745,33180
187.85,0,1.76257142857144,33162.8
187.9,0,1.78161904761905,33151.7307692308
187.95,0,1.78456310679611,33132.9166666667
188,0,1.77485436893204,33130
188.05,0,1.77,33147.2549019608
188.1,0,1.77,33123.125
188.15,0,1.7635922330097,33120
188.2,0,1.74902912621359,33120
188.25,0,1.74182692307692,33128.4615384615
188.3,0,1.74663461538462,33130
188.35,0,1.75288461538462,33146.8
188.4,0,1.7625,33150
188.45,0,1.77,33158.2
188.5,0,1.77,33151.8
188.55,0,1.77,33158.0392156863
188.6,0,1.77,33152.1568627451
188.65,0,1.77,33150
188.7,0,1.77,33174.1176470588
188.75,0,1.76961165048544,33180
188.8,0,1.75990291262136,33180
188.85,0,1.75019417475728,33163.8461538461
188.9,0,1.75,33176.3265306122
188.95,0,1.75,33196.4
189,0,1.75,33208.3673469388
189.05,0,1.75,33210
189.1,0,1.75,33226.4
189.15,0,1.75,33238.0392156863
189.2,0,1.75,33240
189.25,0,1.75,33240
189.3,0,1.75699029126214,33231.8367346939
189.35,0,1.76669902912622,33230
189.4,0,1.77,33230
189.45,0,1.77,33230
189.5,0,1.77,33230
189.55,0,1.77,33205.8823529412
189.6,0,1.76529411764705,33200
189.65,0,1.75549019607843,33200
189.7,0,1.75,33200
189.75,0,1.75,33200
189.8,0,1.74495327102804,33184.0816326531
189.85,0,1.73093457943925,33164.3137254902
189.9,0,1.72217821782178,33175.9183673469
189.95,0,1.73207920792079,33164.3137254902
190,0,1.74294117647059,33175.9183673469
190.05,0,1.75764705882353,33164
190.1,0,1.77,33152.1568627451
190.15,0,1.77,33157.9591836735
190.2,0,1.76825242718446,33175.6862745098
190.25,0,1.75368932038835,33164.4
190.3,0,1.74085714285715,33160
190.35,0,1.75514285714287,33160
190.4,0,1.76942857142858,33175.6
190.45,0,1.77,33164.4
190.5,0,1.77,33137.0588235294
190.55,0,1.77,33122.8301886792
190.6,0,1.77,33105.1063829787
190.65,0,1.77811881188119,33100
190.7,0,1.7880198019802,33100
190.75,0,1.79,33100
190.8,0,1.79,33085.4166666667
190.85,0,1.79,33080
190.9,0,1.79,33072.9411764706
190.95,0,1.77446601941747,33055.1063829787
191,0,1.75019417475728,33050
191.05,0,1.73436893203883,33050
191.1,0,1.72466019417475,33050
191.15,0,1.72757281553398,33042.6923076923
191.2,0,1.7421359223301,33047.5
191.25,0,1.75442307692308,33050
191.3,0,1.76403846153846,33050
191.35,0,1.77,33064.1176470588
191.4,0,1.77,33070
191.45,0,1.76722772277228,33076.9811320755
191.5,0,1.75732673267327,33080
191.55,0,1.75,33080
191.6,0,1.75,33080
191.65,0,1.75174757281554,33094.5098039216
191.7,0,1.76145631067962,33100
191.75,0,1.76884615384615,33113.3333333333
191.8,0,1.75923076923077,33120
191.85,0,1.75038834951457,33120
191.9,0,1.76009708737864,33106.25
191.95,0,1.76980582524272,33114
192,0,1.77,33120
192.05,0,1.77,33120
192.1,0,1.77,33106.8
192.15,0,1.77,33100
192.2,0,1.77826923076923,33100
192.25,0,1.78788461538462,33113.7254901961
192.3,0,1.79378640776699,33106.4
192.35,0,1.79864077669903,33100
192.4,0,1.79660377358491,33113.75
192.45,0,1.79188679245283,33120
192.5,0,1.79294117647059,33120
192.55,0,1.7978431372549,33139.5918367347
192.6,0,1.80815533980583,33150
192.65,0,1.82271844660194,33156.5306122449
192.7,0,1.82264705882353,33186.9387755102
192.75,0,1.80794117647059,33220
192.8,0,1.79336538461538,33216.5306122449
192.85,0,1.7789423076923,33210
192.9,0,1.77368932038835,33223.6
192.95,0,1.78339805825243,33216.4
193,0,1.79,33223.3333333333
193.05,0,1.79,33230
193.1,0,1.78568627450979,33236.6666666667
193.15,0,1.76607843137255,33240
193.2,0,1.75,33253.0612244898
193.25,0,1.75,33246.5306122449
193.3,0,1.75097087378641,33253.0769230769
193.35,0,1.76067961165049,33273.3333333333
193.4,0,1.77,33280
193.45,0,1.77,33280
193.5,0,1.77,33286.4705882353
193.55,0,1.77932038834952,33303.3333333333
193.6,0,1.7890291262136,33310
193.65,0,1.79432692307692,33297.5471698113
193.7,0,1.79913461538462,33290
193.75,0,1.79601941747573,33290
193.8,0,1.79116504854369,33283.5294117647
193.85,0,1.79,33280
193.9,0,1.79,33286.2745098039
193.95,0,1.79,33290
194,0,1.79,33284.0816326531
194.05,0,1.79902912621359,33255
194.1,0,1.81359223300971,33240
194.15,0,1.81184466019418,33252.8
194.2,0,1.79728155339805,33260
194.25,0,1.78514563106796,33248
194.3,0,1.77543689320388,33252.2448979592
194.35,0,1.7742718446602,33260
194.4,0,1.78398058252427,33260
194.45,0,1.78634615384615,33278.2352941177
194.5,0,1.77673076923077,33283.8775510204
194.55,0,1.77432692307693,33280
194.6,0,1.78875000000001,33280
194.65,0,1.80320388349514,33286.2
194.7,0,1.81776699029127,33283.9215686274
194.75,0,1.83152380952381,33280
194.8,0,1.84104761904762,33280
194.85,0,1.85089108910892,33280
194.9,0,1.86574257425743,33286
194.95,0,1.88057692307693,33302
195,0,1.895,33315.8823529412
195.05,0,1.90942307692308,33320
195.1,35.0000000000237,1.94230769230771,33331.6666666667
195.15,60,1.97596153846154,33340
195.2,60,2.00135922330098,33340
195.25,60,2.02563106796117,33340
195.3,60,2.04971153846155,33340
195.35,60,2.07375000000001,33351.7647058824
195.4,60,2.10198019801981,33365.8
195.45,60,2.13168316831684,33381.6
195.5,60,2.17461538461538,33425.5102040816
195.55,60,2.22269230769231,33489.6226415094
195.6,60,2.27384615384617,33565
195.65,60,2.32673076923078,33652.2
195.7,60,2.37446601941749,33752.5490196079
195.75,60,2.41815533980582,33872.8
195.8,60,2.45941747572816,33992.8571428572
195.85,60,2.49825242718449,34132.8000000001
195.9,60,2.53903846153848,34302.3529411765
195.95,60,2.58230769230771,34488.5714285715
196,60,2.63470588235294,34675.9615384615
196.05,60,2.70333333333335,34875.7142857143
196.1,60,2.77000000000003,35098.8000000001
196.15,60,2.83250000000002,35309.8039215686
196.2,60,2.89846153846158,35543.2653061225
196.25,60,2.97538461538462,35816.1538461538
196.3,60,3.05254901960786,36082.4528301887
196.35,60,3.13098039215689,36358.9583333335
196.4,60,3.20807692307692,36673.0434782609
196.45,60,3.27538461538464,36986.274509804
196.5,60,3.34313725490198,37297.6923076923
196.55,60,3.42156862745101,37646.3265306123
196.6,60,3.50000000000006,37952.5454545456
196.65,60,3.6,38270.888888889
196.7,60,3.70000000000001,38652.1153846155
196.75,60,3.79653846153845,39011.3725490196
196.8,60,3.89269230769233,39375
196.85,60,3.98961165048548,39753.9215686276
196.9,60,4.08669902912622,40155
196.95,60,4.19568627450983,40568.3333333334
197,60,4.308431372549,40966.4705882352
197.05,60,4.41542857142858,41378.1632653062
197.1,60,4.52019047619052,41807.6470588237
197.15,60,4.63901960784315,42235.0000000001
197.2,60,4.76647058823533,42689.7872340427
197.25,60,4.90644230769231,43153.5294117646
197.3,60,5.05548076923083,43624.6938775511
197.35,60,5.2035294117648,44114.7058823532
197.4,60,5.35058823529416,44615.2
197.45,60,5.49029126213598,45141.224489796
197.5,60,5.62135922330097,45639.6226415093
197.55,60,5.76346153846158,46155
197.6,60,5.92211538461549,46690.0000000002
197.65,60,6.07923076923082,47209.2307692309
197.7,60,6.23307692307699,47753.4693877553
197.75,60,6.39730769230769,48294.4
197.8,60,6.59442307692309,48844.2857142858
197.85,60,6.80470588235301,49419.2156862748
197.9,60,7.08411764705886,49994.2857142857
197.95,60,7.36000000000014,50564.3137254903
198,60,7.61,51148.9795918367
198.05,60,7.86,51733.6538461539
198.1,60,8.07287128712876,52328.6274509808
198.15,60,8.28574257425741,52913.4693877553
198.2,60,8.59800000000007,53487.5000000002
198.25,60,8.91228571428571,54130
198.3,60,9.26611650485442,54792.1568627453
198.35,60,9.62533980582535,55453.3333333336
198.4,60,9.93519607843134,56116.8000000001
198.45,60,10.2342156862745,56767.2000000003
198.5,60,10.5953398058252,57404.6153846154
198.55,60,10.9739805825244,58060.8163265308
198.6,60,11.3474285714287,58741.1764705886
198.65,60,11.7188571428571,59485.2000000002
198.7,60,12.0788235294119,60343.461538462
198.75,60,12.4317647058824,61271.6666666668
198.8,60,12.8030769230771,62260.0000000003
198.85,60,13.1876923076925,63264.6938775515
198.9,60,13.5001923076923,64250.8000000002
198.95,60,13.740576923077,65183.8461538465
199,60,13.902427184466,66082.5490196078
199.05,60,13.9558252427185,66994.2857142859
199.1,60,13.9882352941176,67896.5384615388
199.15,60,13.9833333333333,68785.0000000002
199.2,60,13.98,69701.6000000003
199.25,60,13.98,70595.1020408163
199.3,60,13.9749514563107,71466.4000000003
199.35,60,13.9555339805825,72293.2075471702
199.4,60,13.94,73120.0000000001
199.45,60,13.94,73975.098039216
199.5,60,13.9419230769231,74837.4468085108
199.55,60,13.9611538461539,75647.8431372551
199.6,60,13.9798039215686,76434.3750000002
199.65,60,13.97,77265.9615384615
199.7,60,13.9601960784314,77987.8000000001
199.75,60,13.9457281553398,78556.4705882352
199.8,60,13.9311650485437,79035.1020408164
199.85,60,13.93,79371.1764705883
199.9,60,13.93,79592.5
199.95,60,13.9341176470588,79747.6923076924
200,60,13.9390196078431,79887.0588235294
200.05,60,13.94,79998.7755102041
200.1,60,13.94,80080
200.15,60,13.94,80110
200.2,60,13.94,80113.7254901961
200.25,60,13.9370192307692,80120
200.3,60,13.9322115384615,80120
200.35,60,13.9246534653465,80128
200.4,60,13.9147524752475,80140
200.45,60,13.905,80147.7551020408
200.5,60,13.8953846153846,80164
200.55,60,13.89,80150
200.6,60,13.89,80127.8431372549
200.65,60,13.893738317757,80132.4
200.7,60,13.9030841121495,80120
200.75,60,13.9125242718447,80097.2
200.8,60,13.9222330097087,80079
200.85,60,13.9280392156863,80110
200.9,60,13.9182352941176,80110
200.95,60,13.91,80110
201,60,13.91,80102.5490196078
201.05,60,13.9090291262136,80097.3469387755
201.1,60,13.8993203883495,80110
201.15,60,13.8903846153846,80103.0769230769
201.2,60,13.9,80090
201.25,60,13.9096153846154,80086.4
201.3,60,13.91,80090.5882352941
201.35,60,13.91,80110
201.4,60,13.8969306930693,80102.9411764706
201.45,60,13.8820792079208,80090
201.5,60,13.88,80090
201.55,60,13.88,80090
201.6,60,13.8835849056604,80086.6666666667
201.65,60,13.8883018867925,80083.137254902
201.7,60,13.8868,80105.9574468085
201.75,60,13.8818,80133.2075471698
201.8,60,13.8830769230769,80120
201.85,60,13.8878846153846,80120
201.9,60,13.89,80133.0769230769
201.95,60,13.89,80160
202,60,13.8949019607843,80169.2307692308
202.05,60,13.9047058823529,80184.1666666667
202.1,60,13.91,80176.2745098039
202.15,60,13.91,80198.6538461538
202.2,60,13.9044660194175,80214.2222222222
202.25,60,13.8899029126214,80206.7924528302
202.3,60,13.8845283018868,80226.25
202.35,60,13.898679245283,80233.5849056604
202.4,60,13.91,80220
202.45,60,13.91,80210.7692307692
202.5,60,13.9082692307692,80192.8571428571
202.55,60,13.8986538461538,80200
202.6,60,13.8885576923077,80205.6
202.65,60,13.8741346153846,80220
202.7,60,13.8602857142857,80211.6
202.75,60,13.8745714285714,80192.9166666667
202.8,60,13.8888571428571,80200
202.85,60,13.898932038835,80200
202.9,60,13.908640776699,80212
202.95,60,13.9014851485149,80234.1176470588
203,60,13.8915841584158,80225.6
203.05,60,13.8777669902913,80240
203.1,60,13.8632038834951,80234
203.15,60,13.867358490566,80214
203.2,60,13.8767924528302,80197.1153846154
203.25,60,13.88,80203.2653061225
203.3,60,13.88,80234.2857142857
203.35,60,13.88,80228.8235294118
203.4,60,13.88,80258.5714285714
203.45,60,13.8826732673267,80285.8823529412
203.5,60,13.8876237623762,80294.2857142857
203.55,60,13.89,80294.4230769231
203.6,60,13.89,80337.9591836735
203.65,60,13.8877884615385,80360
203.7,60,13.8829807692308,80360
203.75,60,13.8818446601942,80365.0980392157
203.8,60,13.8866990291262,80372.8
203.85,60,13.8884761904762,80337.7551020408
203.9,60,13.8837142857143,80292.2
203.95,60,13.8767647058823,80272.6
204,60,13.8620588235294,80285.306122449
204.05,60,13.8508653846154,80286.2745098039
204.1,60,13.8556730769231,80250
204.15,60,13.8609708737864,80257.8
204.2,60,13.8706796116505,80269.6
204.25,60,13.8796226415094,80242.4528301887
204.3,60,13.8701886792453,80255.8823529412
204.35,60,13.8607547169811,80278.0434782609
204.4,60,13.8691089108911,80283
204.45,60,13.8790099009901,80309.6
204.5,60,13.88,80277.4
204.55,60,13.88,80272.5
204.6,60,13.8678846153846,80280
204.65,60,13.8534615384615,80288.6274509804
204.7,60,13.8536538461538,80316
204.75,60,13.8584615384615,80296.0784313726
204.8,60,13.8666019417476,80280
204.85,60,13.8763106796117,80284.705882353
204.9,60,13.88,80293.4
204.95,60,13.88,80272.2
205,60,13.8745098039216,80284.2307692308
205.05,60,13.8647058823529,80303.75
205.1,60,13.8650485436893,80320
205.15,60,13.8747572815534,80320
205.2,60,13.88,80321.8
205.25,60,13.88,80339.375
205.3,60,13.8764705882353,80380
205.35,60,13.8666666666667,80375.6
205.4,60,13.8584905660377,80360
205.45,60,13.8537735849057,80360
205.5,60,13.8509900990099,80369.375
205.55,60,13.8559405940594,80403.6538461538
205.6,60,13.8617475728155,80380
205.65,60,13.8714563106796,80376
205.7,60,13.8805769230769,80360
205.75,60,13.8853846153846,80368
205.8,60,13.8898130841121,80401.9607843137
205.85,60,13.8851401869159,80401.1764705882
205.9,60,13.8804672897196,80355.1020408163
205.95,60,13.8709090909091,80333.6
206,60,13.8608080808081,80346.4
206.05,60,13.868932038835,80328.1632653061
206.1,60,13.878640776699,80321.9607843137
206.15,60,13.8717307692308,80324.6
206.2,60,13.8621153846154,80296.4
206.25,60,13.86,80280
206.3,60,13.86,80287.2
206.35,60,13.86,80321.7307692308
206.4,60,13.86,80330
206.45,60,13.86,80335.4
206.5,60,13.86,80360
206.55,60,13.86,80358.4210526316
206.6,60,13.86,80350
206.65,60,13.86,80351.4285714286
206.7,60,13.86,80358.3673469388
206.75,60,13.86,80355.4
206.8,60,13.86,80380
206.85,60,13.86,80383.2
206.9,60,13.86,80401.568627451
206.95,60,13.86,80412.7450980392
207,60,13.86,80424.1176470588
207.05,60,13.86,80374.8979591837
207.1,60,13.86,80328.8461538462
207.15,60,13.86,80322.4489795918
207.2,60,13.86,80353.125
207.25,60,13.86,80384.1176470588
207.3,60,13.86,80408.7755102041
207.35,60,13.86,80404.0384615385
207.4,60,13.86,80428
207.45,60,13.86,80408.9583333333
207.5,60,13.8462857142857,80397.3076923077
207.55,60,13.832,80382.8846153846
207.6,60,13.8214,80411.9565217392
207.65,60,13.8114,80445.4901960784
207.7,60,13.8183495145631,80480
207.75,60,13.8280582524272,80480
207.8,60,13.837476635514,80481.2244897959
207.85,60,13.8468224299065,80490
207.9,60,13.8597058823529,80490
207.95,60,13.8744117647059,80492.2641509434
208,60,13.8830097087379,80508.125
208.05,60,13.8878640776699,80480
208.1,60,13.8872815533981,80477.6
208.15,60,13.882427184466,80460
208.2,60,13.8750980392157,80460
208.25,60,13.8652941176471,80455.1923076923
208.3,60,13.864380952381,80411.2
208.35,60,13.8739047619048,80430
208.4,60,13.8764705882353,80428
208.45,60,13.8666666666667,80412.8846153846
208.5,60,13.8554285714286,80441.2
208.55,60,13.8411428571429,80458.2
208.6,60,13.83,80433.0612244898
208.65,60,13.83,80480
208.7,60,13.8323762376238,80478.431372549
208.75,60,13.8472277227723,80461.2
208.8,60,13.86,80477.6923076923
208.85,60,13.86,80440.4166666667
208.9,60,13.8602912621359,80460
208.95,60,13.874854368932,80460
209,60,13.8894174757282,80460
209.05,60,13.8853398058252,80461.5384615385
209.1,60,13.8804854368932,80480.4081632653
209.15,60,13.8668932038835,80490
209.2,60,13.8523300970874,80491.6981132075
209.25,60,13.8418446601942,80520
209.3,60,13.8321359223301,80557.6
209.35,60,13.83,80517.6470588235
209.4,60,13.83,80480
209.45,60,13.83,80481.6
209.5,60,13.83,80520.7843137255
209.55,60,13.8144660194175,80539.5833333333
209.6,60,13.7901941747573,80520
209.65,60,13.7631067961165,80519.4
209.7,60,13.7339805825243,80510
209.75,60,13.7,80509.2
209.8,60,13.6615384615385,80488.8679245283
209.85,60,13.6058252427184,80460.5660377358
209.9,60,13.5281553398058,80459
209.95,60,13.4209708737864,80410
210,60,13.2656310679612,80409.4
210.05,60,13.0784615384614,80380.4
210.1,58.823529411726,12.8236538461537,80400
210.15,0,12.5596153846154,80400
210.2,0,12.266346153846,80400
210.25,0,11.9690196078431,80400
210.3,0,11.6503921568626,80316.8
210.35,0,11.3391428571427,80154.6153846152
210.4,0,11.082,79885.3846153846
210.45,0,10.8248039215686,79519.9999999998
210.5,0,10.565,79110
210.55,0,10.3051960784313,78860
210.6,0,10.0335922330095,78489.9999999997
210.65,0,9.76174757281548,77980
210.7,0,9.46399999999985,77450.5882352939
210.75,0,9.16399999999992,76869.8076923076
210.8,0,8.8420792079207,76360.1923076921
210.85,0,8.51534653465339,75789.5999999997
210.9,0,8.24615384615386,75268.6274509803
210.95,0,7.99134615384607,74699.9999999997
211,0,7.76228571428569,74090
211.05,0,7.543238095238,73511.5686274507
211.1,0,7.32188118811866,72919.9999999997
211.15,0,7.09910891089101,72307.8846153846
211.2,0,6.89285714285705,71702.1153846151
211.25,0,6.69761904761905,71082.4000000001
211.3,0,6.51019417475724,70523.4615384614
211.35,0,6.33058252427173,69879.9999999997
211.4,0,6.16592233009704,69321.1764705883
211.45,0,6.02029126213585,68771.9607843135
211.5,0,5.87153846153845,68260.2040816327
211.55,0,5.71769230769228,67622.7999999997
211.6,0,5.56776699029121,66825.9999999996
211.65,0,5.42699029126211,66045.6000000001
211.7,0,5.29230769230763,65332.6923076921
211.75,0,5.17692307692307,64626.4705882352
211.8,0,5.05999999999997,63884.8936170209
211.85,0,4.93499999999993,63226.2745098037
211.9,0,4.81137254901957,62597.6470588234
211.95,0,4.70352941176465,61943.1249999997
212,0,4.59538461538459,61334.3137254903
212.05,0,4.47999999999997,60754.7058823528
212.1,0,4.36461538461534,60288.3673469386
212.15,0,4.25384615384613,59703.5999999998
212.2,0,4.14326923076917,59131.4285714283
212.25,0,4.04115384615383,58526.346153846
212.3,0,3.94019230769229,57963.5999999998
212.35,0,3.8526732673267,57394.1999999998
212.4,0,3.76851485148514,56832.4489795916
212.45,0,3.68249999999996,56273.5294117645
212.5,0,3.59596153846152,55694.7999999998
212.55,0,3.51902912621356,55161.7999999998
212.6,0,3.44621359223297,54612.0408163263
212.65,0,3.36819047619047,54091.1764705881
212.7,0,3.28723809523808,53561.7999999998
212.75,0,3.2106796116505,53032.3529411764
212.8,0,3.13786407766988,52502.3999999999
212.85,0,3.0627184466019,51981.2244897958
212.9,0,2.98504854368931,51461.5686274509
212.95,0,2.91145631067959,50932.3999999999
213,0,2.84349514563108,50420.7999999999
213.05,0,2.78252427184466,49882.4489795917
213.1,0,2.73398058252425,49389.3999999999
213.15,0,2.68676470588234,48899.2156862744
213.2,0,2.64264705882351,48399.9999999999
213.25,0,2.6075,47899.9999999999
213.3,0,2.59788461538461,47444.3396226415
213.35,0,2.5839423076923,46977.4999999999
213.4,0,2.55028846153846,46507.0588235294
213.45,0,2.51708737864076,46037.5510204081
213.5,0,2.48796116504854,45575.3846153846
213.55,0,2.45884615384615,45088.9795918367
213.6,0,2.42999999999998,44607.9999999997
213.65,0,2.40115384615384,44222.5
213.7,0,2.38135922330096,43740
213.75,0,2.36194174757281,43292.9411764706
213.8,0,2.35563106796116,42860.3921568626
213.85,0,2.35077669902912,42421.5999999998
213.9,0,2.33788461538461,42056.4705882352
213.95,0,2.32346153846153,41669.3617021276
214,0,2.29442307692307,41327.1153846154
214.05,0,2.26076923076922,41013.3999999999
214.1,0,2.239900990099,40701.2499999998
214.15,0,2.22504950495049,40431.7647058823
214.2,0,2.22,40193.4693877551
214.25,0,2.22,39962.3076923077
214.3,0,2.22,39723.5999999999
214.35,0,2.22,39509.3999999999
214.4,0,2.21278846153846,39273.6
214.45,0,2.19836538461538,39096.6666666666
214.5,0,2.17990384615385,38886.25
214.55,0,2.15586538461538,38704.7058823529
214.6,0,2.13166666666666,38539.5918367346
214.65,0,2.1071568627451,38381.9607843137
214.7,0,2.08563106796116,38227.6923076923
214.75,0,2.07106796116505,38068.8
214.8,0,2.05650485436893,37937.4999999999
214.85,0,2.04194174757281,37808.1999999999
214.9,0,2.03,37678.2
214.95,0,2.03,37541.9607843137
215,0,2.03,37417.1428571429
215.05,0,2.03,37305.4
215.1,0,2.02961165048543,37202.4074074073
215.15,0,2.01990291262136,37100.4081632653
215.2,0,2.01019417475728,36988.3333333333
215.25,0,1.99586538461538,36895.8823529412
215.3,0,1.98144230769231,36783.5294117647
215.35,0,1.96689320388349,36685
215.4,0,1.95233009708737,36577.6
215.45,0,1.942,36492.8
215.5,0,1.93247619047619,36379.2
215.55,0,1.92281553398058,36294.1176470588
215.6,0,1.9131067961165,36216.923076923
215.65,0,1.91,36128.3673469388
215.7,0,1.91,36044.693877551
215.75,0,1.9070297029703,35966.9230769231
215.8,0,1.90207920792079,35867.0212765957
215.85,0,1.89163461538461,35800.5882352941
215.9,0,1.87721153846154,35725.6862745098
215.95,0,1.86519230769231,35646
216,0,1.85557692307692,35564.693877551
216.05,0,1.85,35468
216.1,0,1.85,35363.2692307692
216.15,0,1.8447572815534,35260.4081632653
216.2,0,1.83019417475728,35177.2549019608
216.25,0,1.82,35098.8235294118
216.3,0,1.82,35017.9591836735
216.35,0,1.81682692307692,34953.2
216.4,0,1.80240384615385,34875
216.45,0,1.7906862745098,34795.6862745098
216.5,0,1.79558823529412,34717.2549019608
216.55,0,1.8,34620.4081632653
216.6,0,1.8,34530.7692307692
216.65,0,1.8,34455.7142857143
216.7,0,1.79519230769231,34377.6
216.75,0,1.79038461538461,34312.2448979592
216.8,0,1.79455445544555,34253.8461538461
216.85,0,1.79950495049505,34179.2
216.9,0,1.8,34096.6666666666
216.95,0,1.8,34027.1698113207
217,0,1.8,33947.0212765957
217.05,0,1.8,33891.5384615385
217.1,0,1.8,33837.7777777778
217.15,0,1.8,33776.5957446809
217.2,0,1.79653846153846,33722.2448979592
217.25,0,1.79173076923077,33687.6470588235
217.3,0,1.79,33649.7959183673
217.35,0,1.79,33617.6470588235
217.4,0,1.79,33587.3469387755
217.45,0,1.79,33565.3846153846
217.5,0,1.79,33530.612244898
217.55,0,1.79,33505.7692307692
217.6,0,1.78603960396039,33484.7826086956
217.65,0,1.77613861386139,33472.5
217.7,0,1.77361904761905,33470
217.75,0,1.78314285714286,33470
217.8,0,1.79137254901961,33470
217.85,0,1.79627450980392,33455.2
217.9,0,1.80233009708738,33464.5098039216
217.95,0,1.81203883495146,33470
218,0,1.81571428571429,33455.306122449
218.05,0,1.79190476190476,33450
218.1,0,1.77078431372549,33442.7450980392
218.15,0,1.78058823529412,33425.6
218.2,0,1.79,33420
218.25,0,1.79,33420
218.3,0,1.79,33420
218.35,0,1.78066666666666,33434.0425531915
218.4,0,1.77114285714286,33440
218.45,0,1.77871287128713,33425.6
218.5,0,1.78861386138614,33434.1176470588
218.55,0,1.79413461538462,33461
218.6,0,1.79894230769231,33470
218.65,0,1.79625,33477
218.7,0,1.79144230769231,33480
218.75,0,1.78320388349515,33473.125
218.8,0,1.77349514563107,33470
218.85,0,1.77,33470
218.9,0,1.77,33470
218.95,0,1.77557692307693,33476.9387755102
219,0,1.78519230769231,33480
219.05,0,1.79,33473
219.1,0,1.79,33477
219.15,0,1.78580952380952,33473
219.2,0,1.77628571428571,33470
219.25,0,1.77330097087379,33456.25
219.3,0,1.78300970873786,33463.7254901961
219.35,0,1.78725490196078,33456.1224489796
219.4,0,1.77745098039216,33470.1923076923
219.45,0,1.77233009708738,33473.4
219.5,0,1.78203883495146,33470
219.55,0,1.79,33476.7346938776
219.6,0,1.79,33493.3333333333
219.65,0,1.78902912621359,33500
219.7,0,1.77932038834951,33487.1698113207
219.75,0,1.77,33480
219.8,0,1.77,33473.3333333333
219.85,0,1.77,33476.8
219.9,0,1.7795145631068,33473.3333333333
219.95,0,1.78922330097088,33470
220,0,1.79442307692308,33470
220.05,0,1.79923076923077,33476.2745098039
220.1,0,1.796,33480
220.15,0,1.7912380952381,33473.6734693878
220.2,0,1.79366336633663,33470
220.25,0,1.79861386138614,33457.3076923077
220.3,0,1.8,33443.8
220.35,0,1.8,33446.3265306122
220.4,0,1.8,33443.7254901961
220.45,0,1.8,33446.2
220.5,0,1.8,33450
220.55,0,1.8,33443.7254901961
220.6,0,1.8,33440
220.65,0,1.8,33440
220.7,0,1.8,33440
220.75,0,1.8,33427.7551020408
220.8,0,1.79828571428571,33432.4
220.85,0,1.79352380952381,33440
220.9,0,1.78742574257426,33427.6
220.95,0,1.77752475247524,33432.1568627451
221,0,1.77,33428
221.05,0,1.77,33432
221.1,0,1.77233009708738,33440
221.15,0,1.7868932038835,33440
221.2,0,1.79951456310679,33428
221.25,0,1.79466019417476,33432.2448979592
221.3,0,1.79,33427.8431372549
221.35,0,1.79,33420
221.4,0,1.79,33431.6
221.45,0,1.79,33440
221.5,0,1.79,33428.1632653061
221.55,0,1.79441176470588,33420
221.6,0,1.7993137254902,33420
221.65,0,1.80811320754717,33431.7647058824
221.7,0,1.81754716981133,33440
221.75,0,1.80922330097087,33428.1632653061
221.8,0,1.79466019417475,33432
221.85,0,1.78326732673267,33440
221.9,0,1.77336633663366,33440
221.95,0,1.77951923076924,33440
222,0,1.79394230769231,33440
222.05,0,1.8,33428.4
222.1,0,1.8,33431.3725490196
222.15,0,1.79759615384615,33428.3333333333
222.2,0,1.79278846153846,33431.5384615385
222.25,0,1.78592233009709,33440
222.3,0,1.77621359223301,33428.75
222.35,0,1.77519230769232,33420
222.4,0,1.78961538461539,33431.25
222.45,0,1.8,33440
222.5,0,1.8,33440
222.55,0,1.80247619047619,33440
222.6,0,1.812,33440
222.65,0,1.82,33440
222.7,0,1.82,33429.4117647059
222.75,0,1.82,33420
222.8,0,1.82,33420
222.85,0,1.81980582524271,33430.8
222.9,0,1.81009708737864,33440
222.95,0,1.80038834951456,33445.306122449
223,0,1.80932038834951,33450
223.05,0,1.81902912621359,33450
223.1,0,1.82,33444.8979591837
223.15,0,1.82,33440
223.2,0,1.79980769230768,33440
223.25,0,1.77576923076923,33445.3846153846
223.3,0,1.77,33450
223.35,0,1.77,33444.6153846154
223.4,0,1.77679245283019,33445.0980392157
223.45,0,1.78622641509434,33450
223.5,0,1.78411764705882,33460.5882352941
223.55,0,1.77431372549019,33470
223.6,0,1.77543689320389,33459.6
223.65,0,1.78514563106796,33450
223.7,0,1.79242718446602,33444.7058823529
223.75,0,1.79728155339806,33440
223.8,0,1.78932038834951,33440
223.85,0,1.76504854368931,33440
223.9,0,1.75,33440
223.95,0,1.75,33444.6808510638
224,0,1.75291262135922,33450
224.05,0,1.7626213592233,33444.8979591837
224.1,0,1.77,33440
224.15,0,1.77,33440
224.2,0,1.76843137254902,33430.1960784314
224.25,0,1.75862745098039,33410.5882352941
224.3,0,1.75,33409.2
224.35,0,1.75,33405.3191489361
224.4,0,1.75,33390
224.45,0,1.75,33390
224.5,0,1.75,33390
224.55,0,1.76843137254903,33380.4166666667
224.6,0,1.78803921568629,33365
224.65,0,1.79432692307692,33360
224.7,0,1.79913461538462,33365
224.75,0,1.80796116504854,33365.1923076923
224.8,0,1.81766990291262,33360
224.85,0,1.83085714285715,33350.4
224.9,0,1.84514285714286,33330.9433962264
224.95,0,1.85990000000001,33320
225,0,1.8749,33329.4117647059
225.05,0,1.88942857142857,33340
225.1,0,1.90371428571429,33349.6
225.15,36.9230769230836,1.92359223300971,33350.7692307692
225.2,80,1.94786407766991,33348.8
225.25,80,1.9721359223301,33360
225.3,80,1.9964077669903,33360
225.35,80,2.02480769230771,33360
225.4,80,2.05846153846155,33360
225.45,80,2.09009345794394,33372.9411764706
225.5,80,2.1181308411215,33411
225.55,80,2.15222222222225,33452.3529411765
225.6,80,2.2077777777778,33503.3333333334
225.65,80,2.26142857142857,33575.8823529412
225.7,80,2.30904761904764,33652.8571428572
225.75,80,2.35554455445545,33758.4
225.8,80,2.3951485148515,33869.3877551021
225.85,80,2.43514285714288,33987.5000000001
225.9,80,2.478,34128.5714285715
225.95,80,2.52097087378641,34279.2307692308
226,80,2.56951456310679,34425.306122449
226.05,80,2.6180582524272,34584.6153846154
226.1,80,2.67126213592236,34763.1250000001
226.15,80,2.72466019417476,34966.7307692308
226.2,80,2.79490384615388,35171.0416666667
226.25,80,2.86701923076925,35412.8571428571
226.3,80,2.93572815533984,35655.7692307693
226.35,80,3.00368932038839,35896.0000000001
226.4,80,3.0748076923077,36154.2857142858
226.45,80,3.14692307692309,36446.0000000001
226.5,80,3.22333333333332,36744.2857142857
226.55,80,3.30176470588235,37045.3846153847
226.6,80,3.3797087378641,37347.6470588236
226.65,80,3.45737864077671,37664.5833333334
226.7,80,3.54912621359228,38000.7547169812
226.75,80,3.65106796116505,38338.75
226.8,80,3.74250000000002,38707.2549019609
226.85,80,3.82423076923082,39060.6000000002
226.9,80,3.90844660194178,39448.3333333334
226.95,80,3.99582524271849,39847.5000000001
227,80,4.09201923076924,40238.3333333334
227.05,80,4.20259615384617,40650.3773584907
227.1,80,4.31894230769235,41063.7500000002
227.15,80,4.44875000000002,41484.705882353
227.2,80,4.57563106796122,41903.4000000001
227.25,80,4.6921359223301,42356.1224489796
227.3,80,4.81370370370373,42826.4705882354
227.35,80,4.96185185185191,43268.0769230772
227.4,80,5.11,43733.6170212766
227.45,80,5.2564646464647,44243.9215686276
227.5,80,5.40278846153847,44765.2
227.55,80,5.54221153846157,45256.4705882354
227.6,80,5.68163461538466,45711.0204081635
227.65,80,5.85883495145633,46241.6326530613
227.7,80,6.03844660194184,46779.6078431374
227.75,80,6.2066666666667,47328.6274509804
227.8,80,6.3733333333334,47860.0000000001
227.85,80,6.55346153846163,48367.4509803924
227.9,80,6.73615384615385,48897.6470588236
227.95,80,6.95538461538469,49450.4000000002
228,80,7.18615384615388,50028.9583333333
228.05,80,7.44155339805834,50637.2549019609
228.1,80,7.70854368932052,51235.2941176473
228.15,80,7.95307692307693,51845.1020408164
228.2,80,8.18384615384618,52476.8000000003
228.25,80,8.43558823529408,53105
228.3,80,8.70519607843146,53742.3076923079
228.35,80,8.97592233009726,54408.5714285717
228.4,80,9.24776699029132,55092.5000000002
228.45,80,9.51846153846163,55806.3265306126
228.5,80,9.78769230769227,56517.0588235295
228.55,80,10.0551923076923,57200.0000000003
228.6,80,10.3196153846155,57875.3846153849
228.65,80,10.5861165048544,58562.5531914895
228.7,80,10.8579611650486,59283.3333333336
228.75,80,11.1239423076923,60036.6666666666
228.8,80,11.3691346153847,60898.5714285717
228.85,80,11.6234951456313,61837.4509803926
228.9,80,11.9341747572816,62801.0000000002
228.95,80,12.2474509803923,63776.8750000003
229,80,12.5905882352941,64759.8
229.05,80,12.9320388349515,65706.0000000004
229.1,80,13.233009708738,66556.6666666671
229.15,80,13.5339805825242,67354.8000000003
229.2,80,13.8226923076924,68230.7692307696
229.25,80,14.1111538461539,69086.4000000001
229.3,80,14.3977669902913,69980.4000000001
229.35,80,14.6841747572817,70906.666666667
229.4,80,15.011320754717,71791.5384615387
229.45,80,15.3462264150945,72636.6666666668
229.5,80,15.6961538461538,73526.6666666666
229.55,80,16.0519230769231,74374.0000000002
229.6,80,16.3477669902914,75215.0000000003
229.65,80,16.6099029126214,75950.0000000002
229.7,80,16.7954000000001,76681.1764705885
229.75,80,16.9254,77497.142857143
229.8,80,17.01625,78330.0000000002
229.85,80,17.07875,79129.4230769234
229.9,80,17.1197087378641,79932.2448979592
229.95,80,17.1391262135922,80732.6923076925
230,80,17.1541904761905,81497.5
230.05,80,17.1637142857143,82289.6000000001
230.1,80,17.17,83099.6078431375
230.15,80,17.17,83881.6326530613
230.2,80,17.176,84668.5714285716
230.25,80,17.201,85472.3529411763
230.3,80,17.2234285714286,86262.4000000001
230.35,80,17.2377142857143,87087.8431372551
230.4,80,17.251359223301,87845.4901960785
230.45,80,17.2610679611651,88432.2448979595
230.5,80,17.2723076923077,88943.4693877551
230.55,80,17.3011538461539,89275.7692307693
230.6,80,17.33,89436.2264150944
230.65,80,17.3397087378641,89575.6521739131
230.7,80,17.3494174757282,89658.2
230.75,80,17.3546078431373,89705
230.8,80,17.3595098039216,89687.7083333333
230.85,80,17.3426923076923,89682.6
230.9,80,17.3234615384615,89682.3529411765
230.95,80,17.3120388349515,89660
231,80,17.3023300970874,89674.4
231.05,80,17.3073076923077,89736.8
231.1,80,17.3169230769231,89804.1176470589
231.15,80,17.3233333333333,89856.4705882353
231.2,80,17.3282352941176,89880
231.25,80,17.3393203883495,89891.5384615385
231.3,80,17.3538834951456,89927.8723404255
231.35,80,17.3572115384615,89915
231.4,80,17.3524038461538,89889
231.45,80,17.35,89854.4897959184
231.5,80,17.35,89872.3529411765
231.55,80,17.35,89884.4
231.6,80,17.35,89906.3461538462
231.65,80,17.3518269230769,89920.625
231.7,80,17.3566346153846,89866.5306122449
231.75,80,17.3629126213592,89826.7924528302
231.8,80,17.3726213592233,89848.125
231.85,80,17.3777142857143,89829
231.9,80,17.3681904761905,89783.5294117647
231.95,80,17.3579411764706,89752.1568627451
232,80,17.3432352941176,89723.75
232.05,80,17.3314563106796,89740
232.1,80,17.3460194174757,89743.75
232.15,80,17.3609523809524,89762.1153846154
232.2,80,17.3847619047619,89775.4
232.25,80,17.4085714285714,89800
232.3,80,17.41,89809.8039215686
232.35,80,17.41,89859.1836734694
232.4,80,17.41,89912
232.45,80,17.41,89963.9215686275
232.5,80,17.41,89976.4
232.55,80,17.41,89963.6734693878
232.6,80,17.4172380952381,89968.2352941176
232.65,80,17.4267619047619,89912.8
232.7,80,17.4332038834951,89878.1632653061
232.75,80,17.4380582524272,89870
232.8,80,17.44,89871.8
232.85,80,17.44,89878.2352941177
232.9,80,17.4454368932039,89871.6326530612
232.95,80,17.455145631068,89883.6
233,80,17.4551923076923,89900
233.05,80,17.4455769230769,89905.4
233.1,80,17.4379611650485,89924.6
233.15,80,17.4331067961165,89900
233.2,80,17.4352427184466,89906.25
233.25,80,17.4498058252427,89942
233.3,80,17.46,89904.705882353
233.35,80,17.46,89925.8823529412
233.4,80,17.4576923076923,89905.7692307692
233.45,80,17.4480769230769,89947.4468085106
233.5,80,17.4415533980583,89920
233.55,80,17.4512621359223,89924.2
233.6,80,17.4614423076923,89943.1372549019
233.65,80,17.4758653846154,89896.25
233.7,80,17.49,89870
233.75,80,17.49,89866.8
233.8,80,17.49,89845.294117647
233.85,80,17.4991089108911,89824.2
233.9,80,17.5090099009901,89843.2692307692
233.95,80,17.51,89807.2916666667
234,80,17.51,89871.3461538461
234.05,80,17.5019230769231,89878.9583333333
234.1,80,17.4923076923077,89870
234.15,80,17.4862745098039,89870
234.2,80,17.4813725490196,89870
234.25,80,17.4903846153846,89877.2
234.3,80,17.5048076923077,89932.3076923077
234.35,80,17.51,89943.3333333333
234.4,80,17.51,89867.7358490566
234.45,80,17.51,89849.375
234.5,80,17.51,89840
234.55,80,17.5051923076923,89841
234.6,80,17.4955769230769,89852.8846153846
234.65,80,17.4940384615385,89876.3265306122
234.7,80,17.5036538461538,89822.4
234.75,80,17.5051428571429,89852.4
234.8,80,17.4908571428571,89885.7142857143
234.85,80,17.4835643564357,89957.843137255
234.9,80,17.4984158415842,90030.8163265306
234.95,80,17.5078640776699,90036.9387755102
235,80,17.4981553398058,90004.3396226415
235.05,80,17.4876923076923,89963.125
235.1,80,17.4732692307692,90011.9607843137
235.15,80,17.4611650485437,90030
235.2,80,17.4757281553398,90033.6734693878
235.25,80,17.4901923076923,90092.3529411765
235.3,80,17.4998076923077,90122.4
235.35,80,17.5094230769231,90160.6
235.4,80,17.5007843137255,90171.2244897959
235.45,80,17.4909803921569,90182
235.5,80,17.49,90090
235.55,80,17.49,90089.0384615385
235.6,80,17.49,90082.4
235.65,80,17.49,90119.4
235.7,80,17.4973076923077,90113.6734693878
235.75,80,17.5069230769231,90175.4901960784
235.8,80,17.5198076923077,90240
235.85,80,17.5342307692308,90236.7346938775
235.9,80,17.54,90158.8235294118
235.95,80,17.54,90138.8235294118
236,80,17.5346153846154,90109.3617021277
236.05,80,17.525,90076.0784313725
236.1,80,17.5244859813084,90030.6
236.15,80,17.5338317757009,90042.9411764706
236.2,80,17.5433333333333,90093.137254902
236.25,80,17.553137254902,90170.625
236.3,80,17.5615,90202.4489795918
236.35,80,17.5665,90234.5098039215
236.4,80,17.57,90169.4444444444
236.45,80,17.57,90160.1851851852
236.5,80,17.5688349514563,90171.1764705882
236.55,80,17.5639805825243,90199.8039215686
236.6,80,17.5582524271845,90190
236.65,80,17.5485436893204,90110
236.7,80,17.5411428571429,90060
236.75,80,17.5506666666667,90009.4230769231
236.8,80,17.5600961538462,89980.5769230769
236.85,80,17.5649038461538,90000
236.9,80,17.5697115384615,90000.1923076923
236.95,80,17.5561764705882,90009.8076923077
237,80,17.5414705882353,89960
237.05,80,17.54,89961.6326530612
237.1,80,17.54,90042.7450980392
237.15,80,17.5480769230769,90110.2
237.2,80,17.5576923076923,90120.8
237.25,80,17.5636538461538,90158.6
237.3,80,17.5684615384615,90090.3846153846
237.35,80,17.5766019417476,90109.6153846154
237.4,80,17.5863106796116,90142.2641509434
237.45,80,17.5809708737864,90198.8679245283
237.5,80,17.5664077669903,90171.1764705882
237.55,80,17.56,90160.2040816326
237.6,80,17.56,90092.7450980392
237.65,80,17.5552941176471,90080
237.7,80,17.5454901960784,90080
237.75,80,17.5441904761905,90060.4
237.8,80,17.5537142857143,90030.6
237.85,80,17.5666666666667,90030
237.9,80,17.5862745098039,90040
237.95,80,17.5942307692308,90030
238,80,17.575,90039.8039215686
238.05,80,17.5557281553398,90059.6
238.1,80,17.5363106796116,90040
238.15,80,17.5231067961165,90030.1960784314
238.2,80,17.5425242718447,90030
238.25,80,17.5614285714286,90039.8
238.3,80,17.5757142857143,90059.2156862745
238.35,80,17.59,90040.0000000023
238.4,80,17.580099009901,94089.0196078428
238.45,80,17.570198019802,90249.9999999981
238.5,80,17.5795145631068,90232.3636363636
238.55,80,17.5892233009709,90220.8695652174
238.6,80,17.59,90200.4081632653
238.65,80,17.59,90171.7307692308
238.7,80,17.5822330097087,90160.4081632653
238.75,80,17.5725242718447,90169.6
238.8,80,17.5771844660194,90188.4615384615
238.85,80,17.5868932038835,90190
238.9,80,17.59,90171.568627451
238.95,80,17.59,90142.4
239,80,17.5931067961165,90140
239.05,80,17.5979611650485,90158.8235294118
239.1,80,17.5972641509434,90160
239.15,80,17.5925471698113,90197.6470588235
239.2,80,17.5832352941176,90190.7843137255
239.25,80,17.5685294117647,90198.8461538462
239.3,80,17.562,90171.914893617
239.35,80,17.5667619047619,90216.0784313726
239.4,80,17.568431372549,90275.2
239.45,80,17.5635294117647,90252.9411764706
239.5,80,17.5506666666667,90250
239.55,80,17.5173333333333,90250
239.6,80,17.4855882352941,90240.612244898
239.65,80,17.4610784313725,90193
239.7,80,17.4346666666667,90171.9230769231
239.75,80,17.3965714285714,90161
239.8,80,17.3584,90160
239.85,80,17.3184,90196.0784313726
239.9,80,17.2773333333333,90218.75
239.95,80,17.2106666666666,90247.1153846154
240,80,17.144,90295.918367347
240.05,80,17.0708823529411,90300
240.1,80,16.9973529411764,90246.7924528302
240.15,80,16.963786407767,90274.5098039216
240.2,8.33333333332543,16.9346601941747,90280
240.25,0,16.874,90244.7058823529
240.3,0,16.8073333333333,90222.4
240.35,0,16.6894174757281,90146.6666666667
240.4,0,16.553495145631,89914.3396226415
240.45,0,16.369423076923,89584.375
240.5,0,16.1626923076923,89203.8461538462
240.55,0,15.9005882352941,88737.5510204082
240.6,0,15.6015686274509,88307.6923076922
240.65,0,15.2842307692308,87870.3999999998
240.7,0,14.9524999999999,87329.5999999998
240.75,0,14.6364705882353,86811.25
240.8,0,14.3374509803921,86309.9999999999
240.85,0,14.0421904761903,85767.2916666664
240.9,0,13.7517142857142,85268.2692307691
240.95,0,13.4449999999998,84725.4347826086
241,0,13.1067647058823,84254.6153846154
241.05,0,12.7791346153845,83842.6923076922
241.1,0,12.4762499999999,83308.7499999997
241.15,0,12.1774509803922,82808.2692307691
241.2,0,11.8931372549019,82219.7999999998
241.25,0,11.6115384615385,81649.7959183675
241.3,0,11.3423076923077,81097.1428571426
241.35,0,11.0735849056602,80530.9803921566
241.4,0,10.8094339622641,79961.1999999998
241.45,0,10.5452830188678,79522.6923076922
241.5,0,10.2343564356435,79106.6666666667
241.55,0,9.92247524752463,78542.8571428569
241.6,0,9.60371428571414,77987.8431372547
241.65,0,9.28466666666669,77402.8571428572
241.7,0,8.97019607843127,76857.5471698112
241.75,0,8.65647058823522,76258.3333333334
241.8,0,8.39300970873775,75723.5294117646
241.85,0,8.1405825242717,75126.0416666664
241.9,0,7.90291262135919,74528.8679245282
241.95,0,7.66990291262129,73924.893617021
242,0,7.43689320388352,73308.8235294119
242.05,0,7.20388349514563,72707.6470588234
242.1,0,7.00615384615379,72107.9999999998
242.15,0,6.82826923076921,71499.7999999999
242.2,0,6.65576923076918,70879.5918367344
242.25,0,6.48750000000002,70311.5384615384
242.3,0,6.31378640776697,69737.2549019607
242.35,0,6.13417475728146,69130.6249999998
242.4,0,5.96336538461535,68536.1999999999
242.45,0,5.80471153846148,67891.3725490194
242.5,0,5.6554368932039,67103.9999999999
242.55,0,5.52436893203883,66299.9999999998
242.6,0,5.39294117647055,65511.4285714283
242.65,0,5.2605882352941,64807.2549019607
242.7,0,5.12653846153839,64147.551020408
242.75,0,4.98711538461537,63515.4901960783
242.8,0,4.85213592233008,62877.9999999999
242.85,0,4.74048543689317,62245.9999999999
242.9,0,4.6304761904762,61649.4117647059
242.95,0,4.53523809523807,61051.9999999999
243,0,4.44,60442.4489795918
243.05,0,4.32571428571425,59943.9999999999
243.1,0,4.2114285714285,59393.9999999999
243.15,0,4.10454545454544,58799.9999999999
243.2,0,3.99848484848483,58263.9999999999
243.25,0,3.91038461538462,57719.9999999999
243.3,0,3.82384615384612,57162.9411764705
243.35,0,3.73730769230765,56610.9999999997
243.4,0,3.65076923076923,56054.1176470588
243.45,0,3.57097087378638,55493.469387755
243.5,0,3.49330097087377,54948.8
243.55,0,3.4122330097087,54400.9999999999
243.6,0,3.32970873786403,53835.3999999997
243.65,0,3.24461538461537,53327.5
243.7,0,3.1580769230769,52791.4583333333
243.75,0,3.07106796116505,52257.5000000001
243.8,0,2.98368932038832,51727.3469387755
243.85,0,2.9185714285714,51197.1999999997
243.9,0,2.87571428571428,50658.9795918367
243.95,0,2.83461538461537,50142.1999999999
244,0,2.79615384615384,49640
244.05,0,2.76372549019607,49132.5490196076
244.1,0,2.74411764705881,48622.5999999997
244.15,0,2.71788461538461,48127.4
244.2,0,2.67461538461537,47644.7999999998
244.25,0,2.63313725490197,47142.4489795918
244.3,0,2.59882352941176,46662.3529411763
244.35,0,2.56390476190475,46198.4615384614
244.4,0,2.52580952380953,45724.5833333334
244.45,0,2.48826923076922,45222.4489795916
244.5,0,2.45942307692307,44750.4
244.55,0,2.43057692307691,44369.6153846153
244.6,0,2.4157281553398,43950.7547169809
244.65,0,2.40116504854369,43455.652173913
244.7,0,2.39089108910891,43019.8113207547
244.75,0,2.3809900990099,42599.5833333334
244.8,0,2.35897196261682,42191.9999999999
244.85,0,2.3356074766355,41825.882352941
244.9,0,2.31848484848485,41493.5294117647
244.95,0,2.30333333333333,41163.3333333332
245,0,2.28885714285714,40871.6326530612
245.05,0,2.27457142857143,40596.862745098
245.1,0,2.26009708737864,40350.1886792451
245.15,0,2.24553398058253,40091.2499999999
245.2,0,2.22796116504854,39855.9999999999
245.25,0,2.20854368932039,39632.1568627451
245.3,0,2.19728155339806,39418.3333333333
245.35,0,2.19242718446602,39218.8235294117
245.4,0,2.18519230769231,39020
245.45,0,2.17557692307692,38831.4285714285
245.5,0,2.17,38657.7358490566
245.55,0,2.17,38487.659574468
245.6,0,2.16833333333333,38327.0588235294
245.65,0,2.16343137254902,38196
245.7,0,2.15278846153845,38057.0588235294
245.75,0,2.12875,37910.8333333334
245.8,0,2.10245098039214,37795.2830188679
245.85,0,2.06813725490194,37677.4999999999
245.9,0,2.03914285714286,37544.2553191489
245.95,0,2.03438095238095,37411.6
246,0,2.03,37272.8571428571
246.05,0,2.03,37161.3725490196
246.1,0,2.02961538461538,37075.6
246.15,0,2.02,36988.8
246.2,0,2.01038461538461,36892
246.25,0,2.00533980582524,36795.8490566038
246.3,0,2.0004854368932,36700.6382978723
246.35,0,1.9826923076923,36602
246.4,0,1.96346153846153,36498.0769230769
246.45,0,1.94794117647058,36389.5999999999
246.5,0,1.93323529411765,36298.8
246.55,0,1.93,36206
246.6,0,1.93,36111.2244897959
246.65,0,1.92326923076923,36032.8571428571
246.7,0,1.91365384615384,35955.6
246.75,0,1.90699029126214,35870
246.8,0,1.9021359223301,35789.2307692307
246.85,0,1.89184466019417,35709.387755102
246.9,0,1.87728155339806,35634.2857142857
246.95,0,1.85798076923076,35570.4
247,0,1.83394230769231,35485.2941176471
247.05,0,1.82,35399.8039215686
247.1,0,1.82,35338.3673469387
247.15,0,1.82168316831683,35262.4
247.2,0,1.82663366336634,35185.2
247.25,0,1.83,35108.8
247.3,0,1.83,35028.8
247.35,0,1.82679611650485,34963.0769230769
247.4,0,1.81223300970874,34903.2653061224
247.45,0,1.8,34816.7346938775
247.5,0,1.8,34742.3529411765
247.55,0,1.8,34675.7142857143
247.6,0,1.8,34600.7692307692
247.65,0,1.8,34532.5
247.7,0,1.8,34466.0784313725
247.75,0,1.8,34390.4
247.8,0,1.8,34334.693877551
247.85,0,1.8,34276.9230769231
247.9,0,1.79572815533981,34220
247.95,0,1.79087378640777,34164.7058823529
248,0,1.79,34122.2448979592
248.05,0,1.79,34061.0204081632
248.1,0,1.80114285714286,33999.6078431372
248.15,0,1.81542857142857,33962
248.2,0,1.81339805825242,33920
248.25,0,1.80368932038835,33870
248.3,0,1.8,33832
248.35,0,1.8,33802.3529411765
248.4,0,1.8,33761
248.45,0,1.8,33722.6
248.5,0,1.8,33697.9166666667
248.55,0,1.8,33684.0384615385
248.6,0,1.80377358490566,33668.4
248.65,0,1.81320754716981,33648.1632653061
248.7,0,1.81588235294117,33651.7647058824
248.75,0,1.80117647058824,33630.4081632653
248.8,0,1.79117647058824,33604
248.85,0,1.79607843137255,33600
248.9,0,1.8,33588.2352941176
248.95,0,1.8,33568.1632653061
249,0,1.8,33560
249.05,0,1.8,33554.3137254902
249.1,0,1.80095238095239,33550
249.15,0,1.81047619047619,33550
249.2,0,1.81999999999999,33550
249.25,0,1.80543689320388,33550
249.3,0,1.79087378640776,33539.1666666667
249.35,0,1.78087378640776,33524.4
249.4,0,1.77116504854369,33520
249.45,0,1.78269230769231,33520
249.5,0,1.79711538461539,33520
249.55,0,1.80792079207921,33520
249.6,0,1.81782178217822,33520
249.65,0,1.81257142857143,33520
249.7,0,1.80304761904762,33525.4901960784
249.75,0,1.80980769230769,33530
249.8,0,1.82423076923077,33513.2
249.85,0,1.82705882352941,33510.9803921569
249.9,0,1.8221568627451,33520
249.95,0,1.80666666666666,33520
250,0,1.78285714285714,33509.6153846154
250.05,0,1.77446601941748,33500
250.1,0,1.78417475728156,33500
250.15,0,1.79196078431373,33489.387755102
250.2,0,1.79686274509804,33490.5882352941
250.25,0,1.8,33500
250.3,0,1.8,33500
250.35,0,1.79846153846154,33500
250.4,0,1.79365384615384,33500
250.45,0,1.7876923076923,33500
250.5,0,1.77807692307692,33490.612244898
250.55,0,1.7723076923077,33490
250.6,0,1.78673076923078,33500
250.65,0,1.79887850467289,33509.6153846154
250.7,0,1.7848598130841,33520
250.75,0,1.77084112149532,33510.5660377358
250.8,0,1.77,33500
250.85,0,1.77,33500
250.9,0,1.76087378640777,33500
250.95,0,1.75116504854368,33500
251,0,1.75,33490.1960784314
251.05,0,1.75,33480
251.1,0,1.76971153846155,33480
251.15,0,1.79375,33480
251.2,0,1.8,33475.1923076923
251.25,0,1.8,33460.8
251.3,0,1.79669811320755,33450
251.35,0,1.79198113207547,33450
251.4,0,1.7928431372549,33445.1923076923
251.45,0,1.79774509803922,33444.693877551
251.5,0,1.8,33459.6
251.55,0,1.8,33474.7058823529
251.6,0,1.8,33466.2
251.65,0,1.8,33459.2
251.7,0,1.8060576923077,33470
251.75,0,1.82048076923077,33470
251.8,0,1.82346153846153,33470
251.85,0,1.80423076923076,33461.2
251.9,0,1.78495145631068,33445.5102040816
251.95,0,1.76553398058252,33430.8
252,0,1.75194174757281,33420
252.05,0,1.7616504854369,33411.2
252.1,0,1.76796116504853,33400
252.15,0,1.75339805825242,33400
252.2,0,1.74115384615385,33400
252.25,0,1.75557692307692,33400
252.3,0,1.77,33400
252.35,0,1.77980392156863,33400
252.4,0,1.78960784313726,33400
252.45,0,1.79,33400
252.5,0,1.79,33400
252.55,0,1.79427184466019,33400
252.6,0,1.79912621359223,33408.75
252.65,0,1.79598039215686,33411.4814814815
252.7,0,1.79107843137255,33400
252.75,0,1.79,33400
252.8,0,1.79,33395.4901960784
252.85,0,1.79336538461539,33390
252.9,0,1.79817307692308,33390
252.95,0,1.8,33390
253,0,1.8,33390
253.05,0,1.8,33390
253.1,0,1.8,33390
253.15,0,1.79766990291262,33381.8367346939
253.2,0,1.79281553398058,33370
253.25,0,1.79203883495146,33377.8431372549
253.3,0,1.7968932038835,33390
253.35,0,1.79826923076923,33390
253.4,0,1.79346153846154,33390
253.45,0,1.79,33393.8461538462
253.5,0,1.79,33400
253.55,0,1.7909900990099,33400
253.6,0,1.79594059405941,33407.8431372549
253.65,0,1.79914285714286,33420
253.7,0,1.79438095238095,33411.8367346939
253.75,0,1.79,33408.2352941176
253.8,0,1.79,33420
253.85,0,1.78999999999999,33420
253.9,0,1.78038461538461,33412.4
253.95,0,1.77076923076923,33407.4509803922
254,0,1.77,33420
254.05,0,1.77,33420
254.1,0,1.78269230769231,33427.6
254.15,0,1.79711538461539,33440
254.2,0,1.80776699029127,33443.8461538462
254.25,0,1.81747572815534,33450
254.3,0,1.80922330097087,33438
254.35,0,1.79466019417475,33420
254.4,0,1.79,33412.4
254.45,0,1.79,33400
254.5,0,1.79,33400
254.55,0,1.79,33400
254.6,0,1.79,33407.0833333333
254.65,0,1.79,33412.8301886792
254.7,0,1.79692307692308,33400
254.75,0,1.81134615384615,33400
254.8,0,1.82,33396.6666666667
254.85,0,1.82,33390
254.9,0,1.82470588235295,33390
254.95,0,1.83941176470589,33383.2
255,0,1.85673076923077,33370
255.05,0,1.88076923076924,33376.5306122449
255.1,0,1.90098039215686,33383.4615384615
255.15,0,1.90588235294118,33370
255.2,32.6923076923413,1.91543689320389,33370
255.25,100,1.94941747572816,33370
255.3,100,1.98285714285716,33366.8
255.35,100,2.01142857142859,33360
255.4,100,2.04,33360
255.45,100,2.07365384615386,33363.2653061224
255.5,100,2.1073076923077,33376.6666666667
255.55,100,2.13277227722773,33409.5918367347
255.6,100,2.15752475247526,33466.0377358491
255.65,100,2.19428571428572,33523.3333333334
255.7,100,2.23238095238096,33599.2
255.75,100,2.27428571428571,33672
255.8,100,2.31714285714287,33775.2
255.85,100,2.35718446601943,33885.2000000001
255.9,100,2.39601941747573,34007.0588235295
255.95,100,2.43485436893204,34149
256,100,2.47368932038834,34284.4444444444
256.05,100,2.53306930693069,34441.5555555556
256.1,100,2.60732673267328,34630.8000000001
256.15,100,2.67769230769234,34824.0000000001
256.2,100,2.74499999999998,35019.6078431371
256.25,100,2.81029126213592,35217.3469387755
256.3,100,2.87339805825243,35443.6000000001
256.35,100,2.93854368932041,35673.8461538462
256.4,100,3.00650485436896,35911.4285714287
256.45,100,3.07621359223297,36170.9999999999
256.5,100,3.14902912621356,36445.294117647
256.55,100,3.22019230769229,36731.2
256.6,100,3.28750000000001,37025.7142857144
256.65,100,3.36135922330102,37338.0769230772
256.7,100,3.4584466019417,37658.4905660376
256.75,100,3.55461538461535,37973.9130434782
256.8,100,3.64596153846154,38334.2857142858
256.85,100,3.73723809523813,38662.3076923079
256.9,100,3.82771428571432,38979.2156862748
256.95,100,3.91819047619042,39336
257,100,4.0095192307692,39735.5102040817
257.05,100,4.10086538461539,40128.8000000002
257.1,100,4.21247524752479,40524.0816326533
257.15,100,4.32633663366343,40947.6923076925
257.2,100,4.44999999999997,41347.7551020407
257.25,100,4.57500000000002,41797.2549019606
257.3,100,4.7058823529412,42245.8823529412
257.35,100,4.83823529411766,42697.7551020411
257.4,100,4.96588785046734,43187.5510204086
257.45,100,5.09205607476633,43674.7999999997
257.5,100,5.2342156862745,44157.4999999999
257.55,100,5.38617647058821,44656.6000000002
257.6,100,5.53700000000002,45193.7500000003
257.65,100,5.6870000000001,45742.5000000003
257.7,100,5.84301886792452,46254.2307692305
257.75,100,6.00339622641513,46781.4893617022
257.8,100,6.16892156862751,47330
257.85,100,6.34049019607848,47841.4893617024
257.9,100,6.5215533980583,48401.7647058829
257.95,100,6.71572815533966,48957.9591836731
258,100,6.92571428571419,49539.2
258.05,100,7.16380952380957,50111.320754717
258.1,100,7.41137254901977,50666.8750000002
258.15,100,7.68588235294131,51269.791666667
258.2,100,7.95499999999985,51898.039215686
258.25,100,8.20499999999994,52515.2941176471
258.3,100,8.45432692307695,53165.2000000003
258.35,100,8.69951923076935,53829.6000000003
258.4,100,8.94647058823552,54472.1568627454
258.45,100,9.22098039215676,55007.9999999999
258.5,100,9.49542857142845,55663.9999999998
258.55,100,9.76685714285718,56376.7346938775
258.6,100,10.0382857142859,57053.0000000003
258.65,100,10.3059405940597,57713.1372549023
258.7,100,10.5732673267327,58405.294117647
258.75,100,10.8485714285715,59097.7551020409
258.8,100,11.124761904762,59882.5490196077
258.85,100,11.3996078431374,60760.816326531
258.9,100,11.6741176470591,61712.0000000009
258.95,100,11.9775,62670.1960784312
259,100,12.2899999999999,63628.2000000002
259.05,100,12.5972380952381,64616.4000000002
259.1,100,12.9020000000002,65589.2000000002
259.15,100,13.2367326732677,66528.7500000003
259.2,100,13.5931683168317,67458.8461538457
259.25,100,13.9303846153847,68370.8163265308
259.3,100,14.2525,69302.5490196077
259.35,100,14.5870588235295,70172.0000000002
259.4,100,14.9350980392159,71061.7647058826
259.45,100,15.2850476190475,71905.9999999997
259.5,100,15.6374285714285,72753.8775510202
259.55,100,15.9958653846154,73594.8000000002
259.6,100,16.3660576923078,74453.0000000002
259.65,100,16.7317647058826,75294.0000000004
259.7,100,17.084705882353,76088.4615384617
259.75,100,17.4197142857144,76863.4000000001
259.8,100,17.691142857143,77677.142857143
259.85,100,17.9711764705884,78511.2000000006
259.9,100,18.3143137254904,79327.05882353
259.95,100,18.6574285714283,80098.2000000001
260,100,19.0002857142857,80751.1764705883
260.05,100,19.343142857143,81548.7500000005
260.1,100,19.5780198019804,82367.05882353
260.15,100,19.8106930693072,83162.2916666677
260.2,100,19.9525714285714,83955.0000000002
260.25,100,20.0906666666667,84707.8000000001
260.3,100,20.185145631068,85480.0000000001
260.35,100,20.2725242718447,86260.7843137261
260.4,100,20.3249514563107,87015.6862745106
260.45,100,20.368640776699,87779.9999999995
260.5,100,20.398137254902,88597.6470588233
260.55,100,20.4226470588235,89343.9215686276
260.6,100,20.4633333333334,90138.3673469392
260.65,100,20.5109523809524,90771.4000000006
260.7,100,20.5476470588235,91309.4000000001
260.75,100,20.5770588235294,92033.4000000001
260.8,100,20.6166666666667,92835.6862745099
260.85,100,20.6642857142857,93575.9183673473
260.9,100,20.7095283018868,94181.6000000005
260.95,100,20.7519811320755,94613.2
261,100,20.7920202020202,94973.7037037037
261.05,100,20.8273737373737,95213.0434782608
261.1,100,20.8551923076923,95408.75
261.15,100,20.8696153846154,95471.0869565218
261.2,100,20.8881553398058,95525.8823529412
261.25,100,20.9172815533981,95584.8979591837
261.3,100,20.9506796116505,95642.0408163265
261.35,100,20.9992233009709,95665.7692307693
261.4,100,21.0461538461539,95714.8
261.45,100,21.0846153846154,95776.5306122448
261.5,100,21.1218867924528,95859.6153846154
261.55,100,21.1454716981132,95958.75
261.6,100,21.1690566037736,96091.9607843137
261.65,100,21.1844,96118.3018867925
261.7,100,21.1994,96221.3043478261
261.75,100,21.232,96287
261.8,100,21.2653333333333,96352.9411764706
261.85,100,21.3037254901961,96382.4489795918
261.9,100,21.3429411764706,96409
261.95,100,21.3657692307692,96403
262,100,21.385,96435.8823529412
262.05,100,21.4252380952381,96498.4615384616
262.1,100,21.4728571428572,96604.1666666667
262.15,100,21.5245098039216,96708
262.2,100,21.578431372549,96800.7692307692
262.25,100,21.6294117647059,96813.2653061225
262.3,100,21.678431372549,96891.2244897959
262.35,100,21.7215384615385,96907.6
262.4,100,21.76,96880
262.45,100,21.7984615384615,96880
262.5,100,21.8369230769231,96883.137254902
262.55,100,21.8698039215686,96927.0588235294
262.6,100,21.8943137254902,97042.4489795918
262.65,100,21.91,97107.3584905661
262.7,100,21.91,97230
262.75,100,21.9142857142857,97321.6326530612
262.8,100,21.9285714285714,97365.1923076923
262.85,100,21.9419417475728,97452.2448979593
262.9,100,21.9516504854369,97565.2
262.95,100,21.9626923076923,97692.8571428572
263,100,21.9819230769231,97760.5882352941
263.05,100,22.0014705882353,97772
263.1,100,22.0259803921569,97819.2
263.15,100,22.0502884615385,97804
263.2,100,22.0647115384615,97903.0769230769
263.25,100,22.0791346153846,97980
263.3,100,22.0753921568627,98040.3921568628
263.35,100,22.0704901960784,98060
263.4,100,22.07,98109.1836734694
263.45,100,22.07,98088.3018867925
263.5,100,22.0739423076923,98060
263.55,100,22.07875,98081.1764705882
263.6,100,22.0974528301887,98109.6
263.65,100,22.1210377358491,98090.3846153846
263.7,100,22.1361386138614,98109.6153846154
263.75,100,22.1460396039604,98110
263.8,100,22.1441747572815,98060.5660377359
263.85,100,22.1344660194175,98088.8679245283
263.9,100,22.1352427184466,98090.0000000001
263.95,100,22.1449514563107,98160
264,100,22.15,98170
264.05,100,22.15,98140
264.1,100,22.1538461538462,98220
264.15,100,22.1634615384615,98220
264.2,100,22.17,98269
264.25,100,22.17,98328.8235294118
264.3,100,22.17,98270
264.35,100,22.17,98220.9803921568
264.4,100,22.1728846153846,98190.6
264.45,100,22.1873076923077,98220
264.5,100,22.2,98269.0196078432
264.55,100,22.2,98279.8
264.6,100,22.2,98316.9811320755
264.65,100,22.19,98350
264.7,100,22.18,98359.8039215686
264.75,100,22.1751923076923,98360
264.8,100,22.1703846153846,98360
264.85,100,22.17,98320.7843137255
264.9,100,22.17,98280.8
264.95,100,22.1828155339806,98221.2
265,100,22.1973786407767,98141.6
265.05,100,22.2191588785047,98168.2692307692
265.1,100,22.242523364486,98170
265.15,100,22.2365346534653,98160.2083333333
265.2,100,22.2167326732673,98160
265.25,100,22.2068269230769,98140.4081632653
265.3,100,22.2020192307692,98120.7843137255
265.35,100,22.2028431372549,98159.1836734694
265.4,100,22.2077450980392,98197.6923076923
265.45,100,22.2151923076923,98171.2244897959
265.5,100,22.2248076923077,98170
265.55,100,22.23,98170
265.6,100,22.23,98170
265.65,100,22.2341509433962,98141.25
265.7,100,22.2435849056604,98121.5384615385
265.75,100,22.246862745098,98083.2
265.8,100,22.2370588235294,98108.75
265.85,100,22.2273076923077,98081.7647058823
265.9,100,22.2176923076923,98033
265.95,100,22.2119417475728,98039.4
266,100,22.2216504854369,98087
266.05,100,22.23,98137
266.1,100,22.23,98140
266.15,100,22.23,98140
266.2,100,22.23,98158.4
266.25,100,22.23,98141.9607843137
266.3,100,22.2396078431373,98123.0188679245
266.35,100,22.2494117647059,98164.6808510638
266.4,100,22.2409615384615,98170
266.45,100,22.2313461538462,98143.5294117647
266.5,100,22.23,98115.0943396227
266.55,100,22.23,98110
266.6,100,22.23,98118.8
266.65,100,22.23,98120
266.7,100,22.2228846153846,98120
266.75,100,22.2132692307692,98111.1538461538
266.8,100,22.2164077669903,98091.6666666667
266.85,100,22.2261165048544,98044
266.9,100,22.23,98040
266.95,100,22.23,98102.8571428572
267,100,22.23,98137
267.05,100,22.23,98122
267.1,100,22.23,98093.5294117647
267.15,100,22.23,98081.3725490196
267.2,100,22.23,98113.7254901961
267.25,100,22.23,98094.8
267.3,100,22.23,98090
267.35,100,22.23,98090
267.4,100,22.2325242718447,98107.9591836735
267.45,100,22.2422330097087,98092.6923076923
267.5,100,22.2480392156863,98081.7307692308
267.55,100,22.2382352941176,98062.9166666667
267.6,100,22.2284761904762,98077.5510204082
267.65,100,22.2189523809524,98088.6274509804
267.7,100,22.2105825242718,98150.2
267.75,100,22.2202912621359,98116.1224489796
267.8,100,22.23,98118.4615384615
267.85,100,22.2396153846154,98111.6
267.9,100,22.2492307692308,98085.294117647
267.95,100,22.25,98062.5531914894
268,100,22.25,98060
268.05,100,22.2542307692308,98060
268.1,100,22.2590384615385,98034.375
268.15,100,22.26,98012.8
268.2,100,22.26,98035.294117647
268.25,100,22.2566037735849,98014.2857142857
268.3,100,22.2518867924528,98035.8
268.35,100,22.25,98056.862745098
268.4,100,22.25,98008.5714285714
268.45,100,22.2441747572816,98008.431372549
268.5,100,22.2344660194175,98010
268.55,100,22.2377884615385,98075.6
268.6,100,22.2522115384615,98081.4583333333
268.65,100,22.26,98113.076923077
268.7,100,22.26,98070.8
268.75,100,22.258137254902,98110.2040816327
268.8,100,22.2532352941176,98137.1428571429
268.85,100,22.2466990291262,98190.5882352941
268.9,100,22.2369902912621,98216.8
268.95,100,22.23,98195.2941176471
269,100,22.23,98190
269.05,100,22.2319230769231,98173.6734693878
269.1,100,22.2415384615385,98161.9607843137
269.15,100,22.2517821782178,98118.3333333333
269.2,100,22.2666336633663,98118.2352941176
269.25,100,22.2785981308411,98136.0784313725
269.3,100,22.2645794392523,98124.3137254902
269.35,100,22.2505607476635,98152.5
269.4,100,22.25,98143.9215686274
269.45,100,22.25,98156.3265306122
269.5,100,22.25,98120.5769230769
269.55,100,22.25,98117.6470588235
269.6,100,22.2294117647059,98151.6666666667
269.65,100,22.2049019607843,98056
269.7,100,22.15,98030
269.75,100,22.0875,98006.4705882353
269.8,100,22.0076923076923,97984.4
269.85,100,21.9211538461538,98019.7959183674
269.9,100,21.8460784313725,98006.4705882353
269.95,100,21.7774509803922,97984.4
270,100,21.7208737864078,97964.081632653
270.05,100,21.6723300970874,97992
270.1,100,21.61625,98031.3725490196
270.15,100,21.55375,97977.5999999999
270.2,100,21.4887378640777,97960
270.25,63.4615384615427,21.4207766990291,97974.6153846154
270.3,50,21.3457142857142,97994.693877551
270.35,50,21.2599999999999,98046.25
270.4,50,21.1796116504854,97977.4999999999
270.45,50,21.1116504854369,97808.2978723404
270.5,50,21.0332038834951,97479.8039215687
270.55,50,20.9215533980582,97063.5294117647
270.6,50,20.7976699029126,96602.3529411763
270.65,50,20.6180582524271,96095.1999999997
270.7,50,20.4288235294119,95568.2352941178
270.75,50,20.1690196078432,95030.6122448978
270.8,50,19.9046153846153,94475.5999999997
270.85,50,19.5873076923074,93967.5510204081
270.9,50,19.2699999999996,93507.2549019606
270.95,50,18.9238461538462,93112.5
271,50,18.5776923076924,92817.7083333332
271.05,50,18.2284466019418,92350.9803921568
271.1,50,17.878932038835,91685.714285714
271.15,50,17.5210679611649,91080.1923076921
271.2,50,17.1618446601941,90455.7446808512
271.25,50,16.8157142857142,89890.7692307693
271.3,50,16.472857142857,89320
271.35,50,16.1333333333332,88770.7692307688
271.4,50,15.7952380952379,88230.6122448976
271.45,50,15.4491089108913,87734.8000000003
271.5,50,15.0976237623763,87204.423076923
271.55,50,14.7895145631068,86668.5714285714
271.6,50,14.5128155339806,86173.5849056603
271.65,50,14.2739805825242,85687.1739130433
271.7,50,14.0700970873786,85145.6000000004
271.75,50,13.8920952380952,84666.274509804
271.8,50,13.7444761904761,84208.8000000001
271.85,50,13.6084615384615,83727.0588235293
271.9,50,13.4930769230768,83193.5416666664
271.95,50,13.3880392156863,82672.8846153846
272,50,13.3096078431373,82120.9999999998
272.05,50,13.2441176470588,81564.9999999998
272.1,50,13.2196078431372,81015.6862745094
272.15,50,13.1990384615385,80459.9999999994
272.2,50,13.1942307692308,79940
272.25,50,13.1859223300971,79454.1176470587
272.3,50,13.1519417475728,78912.8846153845
272.35,50,13.12,78326.8085106379
272.4,50,13.12,77793.0769230765
272.45,50,13.12,77316.153846154
272.5,50,13.1152427184466,76908.3673469388
272.55,50,13.1103883495146,76590.4255319149
272.6,50,13.1009803921569,76329.9999999999
272.65,50,13.0911764705882,76123.3333333331
272.7,50,13.09,75970.625
272.75,50,13.09,75840.7843137255
272.8,50,13.0861165048544,75772.2448979592
272.85,50,13.0812621359223,75706.1538461538
272.9,50,13.08,75631.875
272.95,50,13.08,75568
273,50,13.08,75529.4117647059
273.05,50,13.08,75486.6666666667
273.1,50,13.0744230769231,75449.7959183673
273.15,50,13.0648076923077,75413.3333333333
273.2,50,13.0551923076923,75400
273.25,50,13.0455769230769,75400
273.3,50,13.0339423076923,75379.6
273.35,50,13.0195192307692,75383.3333333333
273.4,50,13.0083168316832,75376.8
273.45,50,13.0033663366337,75370
273.5,50,13.0015533980583,75370
273.55,50,13.0064077669903,75363.5294117647
273.6,50,13.0087619047619,75360
273.65,50,13.004,75366.5306122449
273.7,50,12.996862745098,75350.9615384615
273.75,50,12.9772549019608,75352.1568627451
273.8,50,12.9611650485437,75334.4680851064
273.85,50,12.9708737864078,75333.2
273.9,50,12.9794339622641,75320.5882352941
273.95,50,12.97,75296.9387755102
274,50,12.9605660377358,75290
274.05,50,12.96,75290
274.1,50,12.96,75283.9130434783
274.15,50,12.96,75267.2
274.2,50,12.96,75247.6923076923
274.25,50,12.9681553398058,75240
274.3,50,12.9778640776699,75215.3846153846
274.35,50,12.987572815534,75200
274.4,50,12.9972815533981,75200
274.45,50,12.9861538461538,75218.125
274.5,50,12.9669230769231,75247.8846153846
274.55,50,12.9568932038835,75248.6274509804
274.6,50,12.9520388349515,75216.170212766
274.65,50,12.9583653846154,75224.3137254902
274.7,50,12.9727884615385,75222
274.75,50,12.98,75227.6470588235
274.8,50,12.98,75240
274.85,50,12.9733653846154,75234.081632653
274.9,50,12.9589423076923,75200.5882352941
350,15,3.77173076923077,48738.8235294118
350.05,15,3.76211538461537,48555.2941176468
350.1,15,3.74885714285713,48384
350.15,15,3.73457142857142,48226.9230769229
350.2,15,3.72326732673266,48063.3333333331
350.25,15,3.71336633663366,47914.6153846154
350.3,15,3.70679611650485,47786.93877551
350.35,15,3.70194174757281,47681.9999999999
350.4,15,3.70288461538462,47572.4489795918
350.45,15,3.70769230769231,47471.5686274509
350.5,15,3.71,47378.3673469388
350.55,15,3.71,47320.7843137254
350.6,15,3.70776699029126,47255.4
350.65,15,3.70291262135922,47178.8235294117
350.7,15,3.69615384615384,47113.4693877551
350.75,15,3.68653846153846,47060.2040816326
350.8,15,3.68,47026
350.85,15,3.68,46980.7843137255
350.9,15,3.68224299065422,46970
350.95,15,3.69158878504674,46931.9999999999
351,15,3.70151515151515,46912.2448979592
351.05,15,3.71666666666669,46871.7647058823
351.1,15,3.73,46837.2
351.15,15,3.73,46830
351.2,15,3.72970588235293,46814.8
351.25,15,3.715,46810
351.3,15,3.70029411764704,46810
351.35,15,3.70480392156863,46810
351.4,15,3.70970588235294,46802.4489795918
351.45,15,3.71,46800
351.5,15,3.71,46800
351.55,15,3.69771428571427,46807.4509803922
351.6,15,3.68342857142857,46810
351.65,15,3.68745098039216,46810
351.7,15,3.69725490196079,46825
351.75,15,3.70346153846154,46808.0769230769
351.8,15,3.70826923076924,46807.2
351.85,15,3.71,46810
351.9,15,3.71,46802.4489795918
351.95,15,3.71,46822.8
352,15,3.71,46830
352.05,15,3.71,46830
352.1,15,3.71,46830
352.15,15,3.71,46808.4
352.2,15,3.71,46800
352.25,15,3.71,46785.4166666667
352.3,15,3.71,46780
352.35,15,3.7132380952381,46780
352.4,15,3.72276190476191,46766
352.45,15,3.72653846153844,46752.8571428571
352.5,15,3.71211538461538,46757.3469387755
352.55,15,3.70237623762379,46774.5098039216
352.6,15,3.71722772277229,46765.306122449
352.65,15,3.73134615384616,46760
352.7,15,3.74096153846155,46788.5714285715
352.75,15,3.74941176470588,46771.7647058823
352.8,15,3.73960784313724,46774.2857142857
352.85,15,3.72981132075471,46780
352.9,15,3.72037735849056,46780
352.95,15,3.7109433962264,46758.6538461538
353,15,3.71,46771.4285714286
353.05,15,3.71,46794.4
353.1,15,3.71843137254902,46786.1538461538
353.15,15,3.72823529411766,46800.8163265306
353.2,15,3.73,46810
353.25,15,3.73,46823.6
353.3,15,3.73704761904764,46836.6666666667
353.35,15,3.74657142857143,46833.125
353.4,15,3.74372549019607,46830
353.45,15,3.73392156862745,46830
353.5,15,3.72423076923077,46836.862745098
353.55,15,3.71461538461537,46840
353.6,15,3.71,46833.5849056604
353.65,15,3.71,46817.0833333333
353.7,15,3.71,46810
353.75,15,3.71,46823.3333333333
353.8,15,3.71,46830
353.85,15,3.71,46816.9230769231
353.9,15,3.7157142857143,46823.3333333334
353.95,15,3.73476190476192,46810
354,15,3.748,46800
354.05,15,3.73799999999998,46800
354.1,15,3.73,46800
354.15,15,3.73,46800
354.2,15,3.72801886792451,46800
354.25,15,3.7138679245283,46806.4
354.3,15,3.7000980392157,46803.4693877551
354.35,15,3.705,46800
354.4,15,3.70990196078432,46800
354.45,15,3.7290291262136,46786.9387755102
354.5,15,3.74844660194174,46780
354.55,15,3.7276699029126,46780
354.6,15,3.70339805825243,46767.2
354.65,15,3.7,46760
354.7,15,3.7,46760
354.75,15,3.70382352941176,46760
354.8,15,3.70872549019609,46772.1568627451
354.85,15,3.71718446601942,46780
354.9,15,3.7268932038835,46780
354.95,15,3.73653846153847,46780
355,15,3.74615384615385,46780
355.05,15,3.74417475728154,46792.3404255319
355.1,15,3.73446601941747,46800
355.15,15,3.73,46775.5102040816
355.2,15,3.73,46760
355.25,15,3.73,46760
355.3,15,3.73,46760
355.35,15,3.72663366336634,46760
355.4,15,3.71673267326732,46760
355.45,15,3.71,46760
355.5,15,3.71,46760
355.55,15,3.71252427184468,46771.7647058824
355.6,15,3.72223300970875,46792.0833333333
355.65,15,3.72807692307691,46818.2352941177
355.7,15,3.71846153846153,46830
355.75,15,3.71,46830
355.8,15,3.71,46818.2352941176
355.85,15,3.71,46827.4
355.9,15,3.71,46840
355.95,15,3.71000000000001,46840
356,15,3.71961538461539,46840
356.05,15,3.72923076923079,46834.081632653
356.1,15,3.73,46835.8823529412
356.15,15,3.73,46834.2
356.2,15,3.73,46830
356.25,15,3.73,46835.4347826087
356.3,15,3.7227450980392,46834.3137254902
356.35,15,3.71294117647058,46818.3333333333
356.4,15,3.71,46821.7647058824
356.45,15,3.71,46819.0566037736
356.5,15,3.71,46810
356.55,15,3.71,46821.1538461539
356.6,15,3.71563106796117,46830
356.65,15,3.72533980582525,46835.5102040816
356.7,15,3.73504854368933,46861.9607843137
356.75,15,3.7447572815534,46868.75
356.8,15,3.74557692307691,46842.9411764706
356.85,15,3.73596153846153,46830
356.9,15,3.73,46830
356.95,15,3.73,46835.6862745098
357,15,3.73,46834.5098039216
357.05,15,3.73,46835.2941176471
357.1,15,3.73235294117647,46834.8
357.15,15,3.7421568627451,46819.387755102
357.2,15,3.74811320754716,46825.283018868
357.25,15,3.73867924528302,46835
357.3,15,3.73,46835.306122449
357.35,15,3.73,46840
357.4,15,3.72942307692307,46834.6
357.45,15,3.71980769230768,46835.5102040816
357.5,15,3.7101923076923,46850.7692307692
357.55,15,3.70524271844659,46849.387755102
357.6,15,3.70038834951456,46850.8
357.65,15,3.7,46860
357.7,15,3.7,46860
357.75,15,3.71235294117647,46875.6
357.8,15,3.72705882352943,46890
357.85,15,3.72252336448598,46890
357.9,15,3.71317757009345,46884.8979591837
357.95,15,3.71660000000001,46880
358,15,3.7266,46880
358.05,15,3.73,46885.1020408163
358.1,15,3.73,46884.8
358.15,15,3.72456310679611,46885.0980392157
358.2,15,3.71485436893203,46890
358.25,15,3.71,46890
358.3,15,3.71,46875.3191489361
358.35,15,3.71438095238096,46870.4
358.4,15,3.72390476190477,46880
358.45,15,3.72647058823529,46870.3846153846
358.5,15,3.71666666666667,46860
358.55,15,3.71310679611652,46860
358.6,15,3.72281553398059,46860
358.65,15,3.73,46850
358.7,15,3.73,46835.2
358.75,15,3.72841584158416,46830
358.8,15,3.71851485148514,46820.7692307692
358.85,15,3.71132075471698,46818.9795918367
358.9,15,3.72075471698114,46830
358.95,15,3.72980198019801,46830
359,15,3.71990099009901,46830
359.05,15,3.71,46834.6153846154
359.1,15,3.71,46826.5306122449
359.15,15,3.71,46805.4
359.2,15,3.71,46790.9803921569
359.25,15,3.71,46771.0204081633
359.3,15,3.6978846153846,46760
359.35,15,3.68346153846154,46760
359.4,15,3.68,46760
359.45,15,3.68,46760
359.5,15,3.68711538461538,46760
359.55,15,3.69673076923078,46769.0196078432
359.6,15,3.70951923076924,46771.0204081633
359.65,15,3.72394230769232,46746.7307692307
359.7,15,3.73,46717.1428571428
359.75,15,3.73,46700
359.8,15,3.74213592233014,46709.0196078432
359.85,15,3.76640776699031,46720
359.9,15,3.79725490196082,46720
359.95,15,3.83647058823532,46732.9411764706
360,15,3.88452830188677,46750
360.05,15,3.94584905660384,46750
360.1,15,3.99554455445545,46750
360.15,15,4.01534653465347,46750
360.2,15,4.04822429906547,46754.2857142857
360.25,15,4.11831775700935,46768.6274509804
360.3,15,4.19090909090925,46780
360.35,15,4.28181818181827,46771.6
360.4,34.2857142857367,4.37466666666679,46768.5714285714
360.45,60,4.4794285714287,46788.4615384616
360.5,60,4.58407766990293,46800
360.55,60,4.68601941747588,46812.0000000001
360.6,60,4.78796116504859,46834.1666666667
360.65,60,4.9125000000001,46873.8461538462
360.7,60,5.03750000000015,46968.0000000001
360.75,60,5.16029411764706,47108
360.8,60,5.28284313725503,47287.5510204085
360.85,60,5.4168932038835,47496.6
360.9,60,5.55281553398061,47730.9615384617
360.95,60,5.69047619047629,47990.8333333337
361,60,5.82857142857145,48283.5294117648
361.05,60,5.98105769230791,48596.0000000006
361.1,60,6.13971153846155,48934.6938775512
361.15,60,6.31852941176476,49293.8000000003
361.2,60,6.50970588235308,49688.8235294122
361.25,60,6.70990384615385,50110
361.3,60,6.91663461538493,50564.0000000008
361.35,60,7.13407766990306,51028.0000000003
361.4,60,7.36223300970892,51506.0000000003
361.45,60,7.60314285714309,52008.0000000003
361.5,60,7.86028571428566,52528
361.55,60,8.12257425742603,53055.3846153856
361.6,60,8.39485148514856,53613.0612244902
361.65,60,8.67475728155351,54207.2549019613
361.7,60,8.97087378640792,54805.2941176475
361.75,60,9.26446601941738,55412.4999999999
361.8,60,9.55087378640819,56034.7058823538
361.85,60,9.83096153846176,56673.7500000004
361.9,60,10.0857692307694,57287.5471698117
361.95,60,10.3449514563108,57874.3750000007
362,60,10.6362135922329,58553.8461538461
362.05,60,10.9244230769233,59243.3333333342
362.1,60,11.1648076923077,60105.8000000004
362.15,60,11.4051923076924,61031.3725490205
362.2,60,11.6906796116507,61985.6000000005
362.25,60,11.9770873786407,62939.2307692305
362.3,60,12.2321904761908,63906.6666666682
362.35,60,12.4845714285716,64912.6530612252
362.4,60,12.6385294117648,65865.8000000011
362.45,60,12.7708823529413,66754.7272727283
362.5,60,12.8573529411765,67632.5000000002
362.55,60,12.9308823529413,68567.1428571441
362.6,60,13.0069230769231,69493.3333333333
362.65,60,13.0838461538462,70396.078431373
362.7,60,13.1512500000001,71281.2500000008
362.75,60,13.21375,72199.1999999999
362.8,60,13.2343137254902,73069.0000000008
362.85,60,13.2245098039216,73906.6666666667
362.9,60,13.22,74710.9803921572
362.95,60,13.22,75486.5306122457
363,60,13.22,76233.8461538463
363.05,60,13.22,77000.0000000013
363.1,60,13.22,77838.7755102046
363.15,60,13.22,78574.5098039219
363.2,60,13.2231067961165,79129.807692308
363.25,60,13.2328155339806,79536.6666666665
363.3,60,13.2412380952381,79841.8750000002
363.35,60,13.246,80053.3333333333
363.4,60,13.25,80189.3877551021
363.45,60,13.25,80266.6666666667
363.5,60,13.2514423076923,80309.4117647059
363.55,60,13.2658653846154,80350.5882352942
363.6,60,13.28,80402.7450980392
363.65,60,13.28,80415.4166666667
363.7,60,13.28,80430
363.75,60,13.2658653846154,80423.7254901961
363.8,60,13.2514423076923,80406.9387755102
363.85,60,13.2632352941177,80403.137254902
363.9,60,13.2779411764706,80395.294117647
363.95,60,13.2759047619048,80365.6
364,60,13.2711428571429,80380
364.05,60,13.2626923076923,80385.4166666667
364.1,60,13.2530769230769,80403
364.15,60,13.25,80401.3461538461
364.2,60,13.25,80374.693877551
364.25,60,13.2595192307692,80365.3846153846
364.3,60,13.2739423076923,80392.2448979592
364.35,60,13.2909433962264,80424.693877551
364.4,60,13.3098113207547,80401.9230769231
364.45,60,13.3111538461538,80384.8
364.5,60,13.2919230769231,80402.5
364.55,60,13.28,80407.2
364.6,60,13.28,80402.8
364.65,60,13.2835294117647,80407.2549019608
364.7,60,13.2933333333333,80402.6530612245
364.75,60,13.3030769230769,80407.2
364.8,60,13.3126923076923,80408.076923077
364.85,60,13.3176699029126,80425
364.9,60,13.3079611650485,80410
364.95,60,13.3,80410
365,60,13.3,80410
365.05,60,13.2985714285714,80407.4509803921
365.1,60,13.2842857142857,80402.2641509434
365.15,60,13.27,80404.2553191489
365.2,60,13.275,80391.320754717
365.25,60,13.28,80424.375
365.3,60,13.28,80402.2448979592
365.35,60,13.28,80410
365.4,60,13.28,80414.6153846154
365.45,60,13.28,80423.75
365.5,60,13.28,80402.4
365.55,60,13.28,80410
365.6,60,13.2870588235294,80407.6
365.65,60,13.296862745098,80402.3529411765
365.7,60,13.2933333333333,80403.125
365.75,60,13.2835294117647,80375
365.8,60,13.2861538461539,80357.8431372549
365.85,60,13.2957692307692,80352
365.9,60,13.3054901960784,80360
365.95,60,13.3152941176471,80353.75
366,60,13.315,80322.9411764706
366.05,60,13.3053846153846,80304.1509433963
366.1,60,13.2957692307692,80316.5957446808
366.15,60,13.2861538461538,80300
366.2,60,13.28,80296
366.25,60,13.28,80284.1666666667
366.3,60,13.28,80300
366.35,60,13.28,80309.8039215687
366.4,60,13.2822857142857,80351.8
366.45,60,13.2918095238095,80363.6734693878
366.5,60,13.3013725490196,80392
366.55,60,13.3111764705882,80443.9215686275
366.6,60,13.3190384615385,80463.6
366.65,60,13.3094230769231,80480
366.7,60,13.2997058823529,80476
366.75,60,13.285,80463.9215686275
366.8,60,13.270294117647,80481.8367346939
366.85,60,13.27,80488.0392156863
366.9,60,13.27,80481.8
366.95,60,13.2743689320388,80488.2
367,60,13.2792233009709,80481.6981132075
367.05,60,13.28,80490
367.1,60,13.28,80495.2941176471
367.15,60,13.2874509803922,80510.2040816326
367.2,60,13.2972549019608,80460
367.25,60,13.3069902912621,80460
367.3,60,13.3166990291262,80460
367.35,60,13.32,80451
367.4,60,13.32,80410
367.45,60,13.3228571428571,80400.9999999999
367.5,60,13.327619047619,80358.2352941177
367.55,60,13.3275490196078,80350
367.6,60,13.3226470588235,80344.7058823529
367.65,60,13.3156603773585,80320
367.7,60,13.3062264150943,80324.705882353
367.75,60,13.2915841584158,80351.3725490196
367.8,60,13.2668316831683,80365.0000000001
367.85,60,13.25,80396.9230769231
367.9,60,13.25,80382.3076923077
367.95,60,13.2556074766355,80405.2173913044
368,60,13.2789719626168,80463.2
368.05,60,13.3010101010101,80473.725490196
368.1,60,13.3111111111111,80434.2857142857
368.15,60,13.3188461538461,80392.1568627451
368.2,60,13.3092307692308,80347.2
368.25,60,13.2994174757282,80328.6274509804
368.3,60,13.284854368932,80317.5
368.35,60,13.2702912621359,80303.0769230769
368.4,60,13.27,80314.1176470588
368.45,60,13.27,80271.0204081633
368.5,60,13.2743689320388,80282.3076923077
368.55,60,13.2792233009709,80300
368.6,60,13.2881553398058,80301.25
368.65,60,13.2978640776699,80320
368.7,60,13.307358490566,80317.6
368.75,60,13.3167924528302,80294.2307692308
368.8,60,13.3069306930693,80249.1666666666
368.85,60,13.2871287128713,80244.705882353
368.9,60,13.28,80277.0588235294
368.95,60,13.28,80255.6
369,60,13.2854901960784,80320.8163265306
369.05,60,13.2952941176471,80330
369.1,60,13.305,80332.4489795918
369.15,60,13.3146153846154,80360
369.2,60,13.311619047619,80358.8
369.25,60,13.2925714285714,80347.6
369.3,60,13.2749504950495,80332.3076923077
369.35,60,13.260099009901,80350
369.4,60,13.2545714285714,80350
369.45,60,13.2688571428572,80350
369.5,60,13.2789215686274,80350
369.55,60,13.2740196078431,80350
369.6,60,13.2674038461538,80350
369.65,60,13.2529807692308,80351.7647058824
369.7,60,13.2404901960784,80377.8723404255
369.75,60,13.2453921568627,80330
369.8,60,13.2514285714286,80332.8846153847
369.85,60,13.2752380952381,80358.2
369.9,60,13.2990476190476,80329.387755102
369.95,60,13.3,80318.4
370,60,13.3,80300
370.05,60,13.2912621359223,80298.4
370.1,60,13.2815533980582,80280
370.15,60,13.2878504672897,80283.137254902
370.2,60,13.2971962616823,80320
370.25,60,13.3105,80320.4
370.3,60,13.3255,80330
370.35,60,13.3198058252427,80330
370.4,60,13.3052427184466,80329.7872340425
370.45,60,13.3,80320.7843137255
370.5,60,13.3,80332.8846153846
370.55,60,13.3,80381.0204081634
370.6,60,13.3,80430
370.65,60,13.3,80430.1960784314
370.7,60,13.3,80440
370.75,60,13.2935922330097,80438.4
370.8,60,13.2790291262136,80400.3846153846
370.85,60,13.2718269230769,80410
370.9,60,13.2766346153846,80410
370.95,60,13.2829411764706,80400.1960784314
371,60,13.2927450980392,80400
371.05,60,13.2975,80400
371.1,60,13.2878846153846,80380.4081632653
371.15,60,13.2791346153846,80399.2
371.2,60,13.2743269230769,80381.1538461539
371.25,60,13.2714285714286,80410
371.3,60,13.2857142857143,80380
371.35,60,13.3,80409.4117647059
371.4,60,13.3,80400
371.45,60,13.3,80409.8039215686
371.5,60,13.2907843137255,80400
371.55,60,13.2809803921569,80410.3846153847
371.6,60,13.2886538461539,80429.6153846154
371.65,60,13.2982692307692,80410
371.7,60,13.3078846153846,80380.5882352941
371.75,60,13.3175,80360.4
371.8,60,13.32,80410
371.85,60,13.32,80410
371.9,60,13.32,80410
371.95,60,13.32,80429.6078431373
372,60,13.32,80410.3846153846
372.05,60,13.32,80429.6153846154
372.1,60,13.3227102803738,80430
372.15,60,13.3273831775701,80410.4
372.2,60,13.33,80400
372.25,60,13.33,80360
372.3,60,13.3280769230769,80360
372.35,60,13.3232692307692,80360
372.4,60,13.3168316831683,80360
372.45,60,13.3069306930693,80360
372.5,60,13.2970873786408,80360
372.55,60,13.2873786407767,80360
372.6,60,13.2823076923077,80360
372.65,60,13.2919230769231,80379.2156862745
372.7,60,13.3,80380
372.75,60,13.3,80380
372.8,60,13.3007766990291,80361.1538461538
372.85,60,13.3104854368932,80379.1836734694
372.9,60,13.3198058252427,80350.6122448979
372.95,60,13.3100970873786,80378.2692307693
373,60,13.3003883495146,80351.8
373.05,60,13.3,80350
373.1,60,13.3,80359.5918367347
373.15,60,13.2913461538461,80360
373.2,60,13.2817307692308,80378.4905660378
373.25,60,13.28,80398.7755102041
373.3,60,13.28,80400
373.35,60,13.28,80381.2244897959
373.4,60,13.28,80408.2
373.45,60,13.2864705882353,80410
373.5,60,13.2962745098039,80438.2
373.55,60,13.3,80440
373.6,60,13.3,80458.0392156863
373.65,60,13.2920909090909,80441.6326530612
373.7,60,13.2784545454545,80440
373.75,60,13.2719,80477.5
373.8,60,13.2769,80480
373.85,60,13.2837254901961,80480
373.9,60,13.2935294117647,80489.1836734694
373.95,60,13.3033333333333,80490
374,60,13.313137254902,80518
374.05,60,13.3214423076923,80511.4545454545
374.1,60,13.32625,80518.9361702128
374.15,60,13.3289423076923,80511.1764705882
374.2,60,13.3241346153846,80536.9387755102
374.25,60,13.32,80521.6326530612
374.3,60,13.32,80520
374.35,60,13.32,80581.9230769231
374.4,60,13.32,80562.5
374.45,60,13.32,80560
374.5,60,13.3101960784314,80560
374.55,60,13.3003921568627,80569.1666666667
374.6,60,13.2907692307692,80560.9803921569
374.65,60,13.2811538461538,80560
374.7,60,13.2757692307692,80542
374.75,60,13.2709615384615,80523.0188679245
374.8,60,13.2503921568627,80537.8723404256
374.85,60,13.2258823529412,80540
374.9,60,13.2089320388349,80540
374.95,60,13.1943689320388,80557.6
375,60,13.1731730769231,80524.0816326531
375.05,60,13.1491346153846,80520
375.1,60,13.1219417475728,80553.4693877551
375.15,60,13.0928155339806,80568.75
375.2,60,13.0476923076923,80561.2
375.25,60,12.99,80560
375.3,60,12.8970873786406,80560
375.35,60,12.7660194174757,80542.4489795918
375.4,60,12.5991346153845,80540
375.45,38.8461538461433,12.3827884615383,80523.0769230769
375.5,35,12.1582692307692,80520
375.55,35,11.9178846153843,80486.5306122448
375.6,35,11.6819417475727,80436.25
375.65,35,11.4586407766989,80336.923076923
375.7,35,11.2256310679609,80079.9999999997
375.75,35,10.953786407767,79713.2
375.8,35,10.681262135922,79282.6530612238
375.85,35,10.4045631067961,78933.846153846
375.9,35,10.1303846153845,78550.5882352938
375.95,35,9.88519230769212,78036.5306122446
376,35,9.64,77497.0588235296
376.05,35,9.37039215686231,76964.3749999994
376.1,35,9.10078431372524,76443.1372549018
376.15,35,8.90538461538446,75906.3999999998
376.2,35,8.71307692307681,75349.5999999998
376.25,35,8.56184466019424,74789.5999999999
376.3,35,8.41621359223288,74197.6470588229
376.35,35,8.31903846153846,73630.7999999996
376.4,35,8.23249999999996,73070.7999999995
376.45,35,8.16019230769226,72504.8076923073
376.5,35,8.09288461538461,71900.6250000002
376.55,35,8.02794117647051,71332.6923076914
376.6,35,7.96421568627451,70754.9999999995
376.65,35,7.91913461538461,70170.3773584899
376.7,35,7.88548076923075,69552.9787234037
376.75,35,7.85442307692308,68964.4000000001
376.8,35,7.82557692307688,68425.3999999995
376.85,35,7.79872549019606,67841.1538461536
376.9,35,7.77421568627448,67133.1249999994
376.95,35,7.75394230769229,66471.7307692303
377,35,7.73951923076923,65860.4081632653
377.05,35,7.71844660194171,65371.9999999994
377.1,35,7.68446601941748,64974.1176470586
377.15,35,7.65864077669903,64632.5999999998
377.2,35,7.65378640776699,64392.8571428569
377.25,35,7.65,64169.6078431373
377.3,35,7.65,63957.4999999998
377.35,35,7.64766990291261,63778.0769230768
377.4,35,7.63310679611649,63609.9999999999
377.45,35,7.62048076923077,63432.3999999998
377.5,35,7.62528846153846,63305.3846153847
377.55,35,7.6301941747573,63184.4897959182
377.6,35,7.63990291262137,63089.4117647058
377.65,35,7.64961165048545,63006.3265306122
377.7,35,7.63615384615383,62949.9999999999
377.75,35,7.62173076923076,62893.8461538461
377.8,35,7.62,62841.2244897958
377.85,35,7.62,62775.4
377.9,35,7.62,62752.2
377.95,35,7.62,62726.6
378,35,7.6126923076923,62688.8
378.05,35,7.60307692307691,62680
378.1,35,7.6,62657.5
378.15,35,7.6,62664.5098039216
378.2,35,7.6,62670
378.25,35,7.6,62670
378.3,35,7.6,62677.6
378.35,35,7.6,62680
378.4,35,7.59538461538461,62695.2941176471
378.45,35,7.58576923076922,62684.8
378.5,35,7.5723076923077,62694.9019607843
378.55,35,7.5530769230769,62685.2
378.6,35,7.54,62672.7450980392
378.65,35,7.54,62655.306122449
378.7,35,7.54135922330098,62650
378.75,35,7.54621359223301,62650
378.8,35,7.5521153846154,62650
378.85,35,7.56173076923078,62664.6666666667
378.9,35,7.56862745098038,62648.0769230769
378.95,35,7.55882352941175,62647.3469387755
379,35,7.55,62627.8
379.05,35,7.55,62605.2
379.1,35,7.55,62592.6
379.15,35,7.55,62597.4
379.2,35,7.55,62600
379.25,35,7.56342857142858,62579.4117647059
379.3,35,7.57771428571431,62584.4680851064
379.35,35,7.59663366336635,62568.2352941176
379.4,35,7.61643564356437,62545.6
379.45,35,7.62,62553.8461538462
379.5,35,7.62,62566.8
379.55,35,7.61262135922329,62570
379.6,35,7.60291262135922,62548.8235294118
379.65,35,7.58999999999999,62540
379.7,35,7.57571428571428,62504
379.75,35,7.5789108910891,62502.8571428571
379.8,35,7.59376237623764,62530.0000000001
379.85,35,7.6,62540
379.9,35,7.6,62553.2
379.95,35,7.6,62560
380,35,7.6,62545.8823529412
380.05,35,7.6,62540
380.1,35,7.6,62560.8163265306
380.15,35,7.59504854368931,62563
380.2,35,7.58048543689319,62560
380.25,35,7.57,62560
380.3,35,7.57,62567.0833333333
380.35,35,7.56788461538461,62590.7692307692
380.4,35,7.55826923076922,62626.6666666667
380.45,35,7.55,62659.4117647059
380.5,35,7.55,62676.4
380.55,35,7.55115384615387,62693.3333333334
380.6,35,7.56557692307693,62713.6
380.65,35,7.58000000000002,62720
380.7,35,7.59941747572818,62706.6666666666
380.75,35,7.61883495145632,62700
380.8,35,7.61087378640775,62687.5
380.85,35,7.60116504854368,62660.4081632653
380.9,35,7.59161904761904,62650
380.95,35,7.58209523809523,62643.2653061224
381,35,7.58757281553398,62646.5384615385
381.05,35,7.59728155339807,62643.6
381.1,35,7.6,62626.6666666667
381.15,35,7.6,62620
381.2,35,7.6064077669903,62620
381.25,35,7.61611650485437,62620
381.3,35,7.60543689320384,62606.8
381.35,35,7.58116504854367,62600
381.4,35,7.56235849056602,62593.6
381.45,35,7.5482075471698,62590
381.5,35,7.54207920792079,62577.0588235294
381.55,35,7.54702970297031,62583.0612244898
381.6,35,7.55,62570.9615384615
381.65,35,7.55,62560
381.7,35,7.55313725490197,62566.2745098039
381.75,35,7.56294117647059,62570
381.8,35,7.57,62552.4528301886
381.85,35,7.57,62527.8260869565
381.9,35,7.57,62532.3076923077
381.95,35,7.57,62527.5
382,35,7.57067307692308,62520
382.05,35,7.57548076923078,62513.9215686274
382.1,35,7.57911764705881,62515.8823529412
382.15,35,7.56441176470587,62531.6
382.2,35,7.55,62540
382.25,35,7.55,62527.9166666667
382.3,35,7.55,62520
382.35,35,7.5364423076923,62514.0384615385
382.4,35,7.52201923076922,62498.4
382.45,35,7.52,62490
382.5,35,7.52,62501.5384615385
382.55,35,7.53194174757283,62515.9574468085
382.6,35,7.54650485436893,62520
382.65,35,7.56085714285715,62532.0833333334
382.7,35,7.57514285714287,62540
382.75,35,7.57676470588235,62528.4
382.8,35,7.57186274509803,62520
382.85,35,7.56415094339622,62514.1176470588
382.9,35,7.55471698113207,62527.4
382.95,35,7.55485436893204,62528.1632653061
383,35,7.56456310679611,62520
383.05,35,7.56576923076922,62520
383.1,35,7.55615384615384,62520
383.15,35,7.54821782178218,62514
383.2,35,7.54326732673267,62515.8823529412
383.25,35,7.54485714285714,62514.2
383.3,35,7.55914285714287,62510
383.35,35,7.57,62498.75
383.4,35,7.57,62501.6
383.45,35,7.57,62498.4
383.5,35,7.57,62501.6
383.55,35,7.57148514851487,62527.4
383.6,35,7.58633663366337,62540
383.65,35,7.59923076923076,62540
383.7,35,7.58961538461538,62540
383.75,35,7.58,62540
383.8,35,7.57514563106796,62528.8
383.85,35,7.57029126213592,62520
383.9,35,7.56096153846153,62531.0204081633
383.95,35,7.55134615384614,62550.5660377359
384,35,7.55826923076923,62560
384.05,35,7.56788461538463,62581.6000000001
384.1,35,7.58135922330098,62610.5882352941
384.15,35,7.5959223300971,62609.6
384.2,35,7.59300970873785,62610.612244898
384.25,35,7.58330097087379,62620
384.3,35,7.56705882352939,62620
384.35,35,7.54745098039216,62630.7692307692
384.4,35,7.54885714285715,62629.6
384.45,35,7.56314285714287,62630.612244898
384.5,35,7.565,62656.2
384.55,35,7.5553846153846,62670
384.6,35,7.54788461538461,62670
384.65,35,7.54307692307692,62675.2941176471
384.7,35,7.54720000000001,62690.4
384.75,35,7.5672,62689.387755102
384.8,35,7.58342857142859,62680
384.85,35,7.59295238095239,62680
384.9,35,7.59624999999999,62680
384.95,35,7.58182692307691,62689.4339622642
385,35,7.56823529411765,62700
385.05,35,7.55843137254901,62690
385.1,35,7.55134615384616,62675
385.15,35,7.56096153846154,62660.1960784314
385.2,35,7.57,62635.8823529411
385.25,35,7.57,62610.612244898
385.3,35,7.57,62600
385.35,35,7.57471153846154,62609.8039215686
385.4,35,7.57951923076924,62629.7959183674
385.45,35,7.57554455445544,62640
385.5,35,7.57059405940594,62630.4
385.55,35,7.57423076923078,62610.2040816326
385.6,35,7.57903846153846,62600
385.65,35,7.58769230769231,62600
385.7,35,7.5973076923077,62595.2
385.75,35,7.6,62580.7692307692
385.8,35,7.6,62565.6
385.85,35,7.5935922330097,62560
385.9,35,7.58388349514563,62560
385.95,35,7.57708737864077,62564.4680851064
386,35,7.57223300970874,62579.4117647059
386.05,35,7.56480769230768,62603.8
386.1,35,7.55519230769231,62620
386.15,35,7.55446601941748,62620
386.2,35,7.56417475728156,62634.1176470589
386.25,35,7.57,62650
386.3,35,7.57,62645.5102040816
386.35,35,7.56533980582524,62640
386.4,35,7.55077669902912,62631.2
386.45,35,7.54126213592233,62620
386.5,35,7.54611650485437,62629.2
386.55,35,7.55194174757283,62640
386.6,35,7.5616504854369,62630.9803921568
386.65,35,7.57,62628.4615384616
386.7,35,7.57,62631.4893617021
386.75,35,7.56960784313725,62629.0196078431
386.8,35,7.55980392156862,62640
386.85,35,7.55,62617.0833333333
386.9,35,7.53557692307692,62580.7692307692
386.95,35,7.52115384615383,62557.0588235294
387,35,7.52,62527.4
387.05,35,7.52,62501.6
387.1,35,7.52819047619048,62485.8
387.15,35,7.5377142857143,62471.7647058823
387.2,35,7.53254901960783,62447.5
387.25,35,7.52274509803922,62417.0588235294
387.3,35,7.52,62378.9999999999
387.35,35,7.52,62354.1176470588
387.4,35,7.52,62347.7551020408
387.45,35,7.52,62325.8823529412
387.5,35,7.52579439252336,62320
387.55,35,7.5351401869159,62320
387.6,35,7.54,62311.6
387.65,35,7.54,62300
387.7,35,7.5353846153846,62288
387.75,35,7.52576923076923,62270
387.8,35,7.51423076923074,62261.6
387.85,35,7.49980769230769,62245.7142857143
387.9,35,7.49155339805825,62240
387.95,35,7.49640776699029,62224.4897959183
388,35,7.5025,62196.0784313726
388.05,35,7.5121153846154,62182.4
388.1,35,7.51825242718446,62170
388.15,35,7.50854368932038,62166.2
388.2,35,7.49828571428571,62163.8775510204
388.25,35,7.484,62178
388.3,35,7.470198019802,62190
388.35,35,7.480099009901,62182.4
388.4,35,7.49,62166.2
388.45,35,7.49,62160
388.5,35,7.49,62160
388.55,35,7.51254901960787,62163.6
388.6,35,7.53705882352943,62177.2
388.65,35,7.53161904761904,62190
388.7,35,7.52209523809523,62193.1914893617
388.75,35,7.5125,62189.4117647059
388.8,35,7.5028846153846,62177.0833333334
388.85,35,7.50686274509805,62190
388.9,35,7.51666666666668,62190
388.95,35,7.52,62179.5918367347
389,35,7.52,62160
389.05,35,7.52,62163.2
389.1,35,7.52,62170
389.15,35,7.52,62176.8
389.2,35,7.52,62183.3333333333
389.25,35,7.52,62176.5306122449
389.3,35,7.52,62183.0612244898
389.35,35,7.52,62177.0588235294
389.4,35,7.52,62193.2692307692
389.45,35,7.52,62200
389.5,35,7.52,62213.8775510204
389.55,35,7.51749999999998,62243.5294117647
389.6,35,7.50788461538461,62267
389.65,35,7.50173076923077,62310
389.7,35,7.51134615384616,62326.9230769231
389.75,35,7.51902912621359,62322.8571428571
389.8,35,7.5093203883495,62330
389.85,35,7.49884615384615,62339.7959183674
389.9,35,7.46999999999998,62372.5925925926
389.95,35,7.44115384615382,62408.125
390,35,7.40235294117646,62423.75
390.05,35,7.36313725490189,62406.6666666667
390.1,35,7.2936538461538,62409.4117647059
390.15,35,7.22153846153843,62430
390.2,35,7.16245283018864,62420.7692307692
390.25,35,7.10584905660379,62402.8571428571
390.3,35,7.06148514851481,62410
390.35,35,7.0218811881188,62406.9387755102
390.4,35,6.99317307692306,62409.4117647059
390.45,34.1176470588208,6.96913461538459,62430
390.5,32,6.94480392156863,62432.8571428571
390.55,32,6.92029411764703,62440
390.6,32,6.91,62437.3913043478
390.65,32,6.91,62398.6274509803
390.7,32,6.91,62287.9999999999
390.75,32,6.91,62118.0000000001
390.8,32,6.89466666666662,61882.0754716979
390.85,32,6.86133333333332,61651.2765957446
390.9,32,6.84,61426.2264150942
390.95,32,6.84,61257.0588235293
391,32,6.84,61111.7391304347
391.05,32,6.84,60958.2692307691
391.1,32,6.83883495145631,60852.9166666666
391.15,32,6.83398058252427,60756.4705882352
391.2,32,6.82745283018866,60671.9999999999
391.25,32,6.81330188679245,60589.2307692308
391.3,32,6.8,60539.9999999999
391.35,32,6.8,60480
391.4,32,6.80029411764707,60468.2978723404
391.45,32,6.81500000000002,60416.7924528301
391.5,32,6.82970588235295,60368.2978723404
391.55,32,6.82066666666665,60316.7924528301
391.6,32,6.81114285714285,60273.125
391.65,32,6.82294117647059,60242.0408163265
391.7,32,6.83764705882354,60211.6
391.75,32,6.84,60176.2745098039
391.8,32,6.84,60135
391.85,32,6.83625,60113.4
391.9,32,6.83144230769231,60090
391.95,32,6.82313725490195,60090
392,32,6.81333333333333,60090
392.05,32,6.81634615384617,60082.6530612244
392.1,32,6.82596153846155,60065
392.15,32,6.83,60080
392.2,32,6.83,60074.9019607843
392.25,32,6.83,60060
392.3,32,6.83,60064.8
392.35,32,6.83,60070.7692307692
392.4,32,6.83,60048.1632653062
392.45,32,6.83,60075.6
392.5,32,6.83,60060
392.55,32,6.83137254901961,60055.294117647
392.6,32,6.83627450980392,60044.3137254902
392.65,32,6.83650485436892,60063.9215686275
392.7,32,6.8219417475728,60076.3265306122
392.75,32,6.81252336448598,60060
392.8,32,6.82654205607479,60056.3265306122
392.85,32,6.84,60044.0816326531
392.9,32,6.84,60060
392.95,32,6.83915094339621,60069.8039215687
393,32,6.825,60110
393.05,32,6.81084905660375,60105.9183673469
393.1,32,6.81,60094.3137254902
393.15,32,6.81,60110
393.2,32,6.81867924528303,60106.4
393.25,32,6.82811320754717,60090
393.3,32,6.83,60094
393.35,32,6.83,60116
393.4,32,6.83360000000001,60136.0784313725
393.45,32,6.8386,60123.75
393.5,32,6.84692307692308,60135.6862745098
393.55,32,6.85653846153848,60123.9215686275
393.6,32,6.84461538461537,60140
393.65,32,6.82057692307691,60140
393.7,32,6.81,60143.6
393.75,32,6.81,60160
393.8,32,6.80278846153844,60165.4
393.85,32,6.78836538461538,60184.4897959184
393.9,32,6.7860576923077,60160
393.95,32,6.80048076923078,60161.9607843137
394,32,6.81330097087378,60168.2
394.05,32,6.82300970873788,60160
394.1,32,6.83135922330097,60160
394.15,32,6.83621359223301,60156.7346938775
394.2,32,6.84,60140
394.25,32,6.84,60142.9787234043
394.3,32,6.84,60156.2264150943
394.35,32,6.84,60142.6923076923
394.4,32,6.84114285714286,60160
394.45,32,6.85066666666667,60160
394.5,32,6.85970873786408,60156.9230769231
394.55,32,6.84514563106794,60140
394.6,32,6.83058252427183,60142.4
394.65,32,6.83461538461539,60157.5510204082
394.7,32,6.83942307692308,60142.8
394.75,32,6.84854368932039,60164.375
394.8,32,6.85825242718447,60190
394.85,32,6.85219047619047,60190
394.9,32,6.84266666666666,60193.6734693878
394.95,32,6.83643564356435,60220
395,32,6.83148514851485,60222.4
395.05,32,6.83,60243.7500000001
395.1,32,6.83,60274.5283018868
395.15,32,6.83,60302.0833333334
395.2,32,6.83,60321.3725490196
395.25,32,6.82447619047619,60332.5
395.3,32,6.81495238095237,60351.568627451
395.35,32,6.81699029126214,60355.8
395.4,32,6.83155339805827,60328.6
395.45,32,6.84403846153847,60317.2549019608
395.5,32,6.85365384615385,60303.4615384615
395.55,32,6.8566990291262,60329.1836734694
395.6,32,6.84699029126214,60321.0204081633
395.65,32,6.84,60328.8235294118
395.7,32,6.84,60321
395.75,32,6.83653846153846,60326.9387755102
395.8,32,6.82211538461536,60300
395.85,32,6.81,60296.4705882353
395.9,32,6.81,60270
395.95,32,6.81116504854369,60270
396,32,6.8257281553398,60270
396.05,32,6.84,60271
396.1,32,6.84,60280
396.15,32,6.84,60280
396.2,32,6.84,60280
396.25,32,6.84,60280
396.3,32,6.84,60283.2653061225
396.35,32,6.84,60318.0392156863
396.4,32,6.83603773584905,60300
396.45,32,6.83132075471698,60297.6923076923
396.5,32,6.82294117647059,60280
396.55,32,6.81313725490194,60283.9215686275
396.6,32,6.81990291262137,60316.9230769231
396.65,32,6.83446601941749,60279.5744680851
396.7,32,6.83701923076923,60268.0392156863
396.75,32,6.83221153846154,60251.5384615385
396.8,32,6.82470588235293,60268.75
396.85,32,6.81490196078431,60240
396.9,32,6.81,60238.431372549
396.95,32,6.81,60218.2
397,32,6.81,60188.2352941177
397.05,32,6.81,60160.3921568628
397.1,32,6.81542857142857,60169.7959183673
397.15,32,6.8297142857143,60160
397.2,32,6.84,60160.3703703704
397.25,32,6.84,60169.6296296296
397.3,32,6.84,60160
397.35,32,6.84,60160.625
397.4,32,6.84,60190
397.45,32,6.84,60190
397.5,32,6.83970588235294,60190.5882352941
397.55,32,6.83480392156862,60201.6000000001
397.6,32,6.83,60238.4615384615
397.65,32,6.83,60200
397.7,32,6.83,60200
397.75,32,6.83,60200
397.8,32,6.83,60200
397.85,32,6.82126213592233,60199.5918367347
397.9,32,6.81155339805825,60190
397.95,32,6.81,60190
398,32,6.81,60190
398.05,32,6.81718446601943,60190
398.1,32,6.8268932038835,60189.4117647059
398.15,32,6.83,60160
398.2,32,6.83,60160
398.25,32,6.83,60120.7843137255
398.3,32,6.83,60109.2156862745
398.35,32,6.82447619047619,60089.4117647059
398.4,32,6.81495238095237,60060
398.45,32,6.81,60040.3921568627
398.5,32,6.81,60000
398.55,32,6.81,59999.6
398.6,32,6.81,59979.6078431372
398.65,32,6.81,59960
398.7,32,6.81,59950.1960784314
398.75,32,6.80873786407767,59930.4
398.8,32,6.80388349514562,59920
398.85,32,6.8,59920
398.9,32,6.8,59900.4
398.95,32,6.79884615384615,59900
399,32,6.78923076923077,59900
399.05,32,6.78,59900
399.1,32,6.78,59900
399.15,32,6.78000000000001,59900
399.2,32,6.78980392156864,59870
399.25,32,6.79960784313725,59900
399.3,32,6.79076923076922,59880.3921568627
399.35,32,6.78115384615384,59899.2156862745
399.4,32,6.7885436893204,59900
399.45,32,6.79825242718447,59900
399.5,32,6.79211538461538,59870.6122448979
399.55,32,6.78249999999999,59879.8
399.6,32,6.77281553398058,59880
399.65,32,6.7631067961165,59899.1836734694
399.7,32,6.76653846153847,59870.6122448979
399.75,32,6.77615384615385,59870
399.8,32,6.78582524271846,59870
399.85,32,6.79553398058253,59870
399.9,32,6.8,59851.6
399.95,32,6.8,59850
400,32,6.7960396039604,59850
400.05,32,6.78613861386138,59897.0000000001
400.1,32,6.77631067961165,59871.8
400.15,32,6.76660194174757,59851.9230769231
400.2,32,6.76313725490197,59850
400.25,32,6.77294117647059,59850
400.3,32,6.78,59840.6
400.35,32,6.78,59821.2
400.4,32,6.78,59838.431372549
400.45,32,6.78,59840
400.5,32,6.78,59840
400.55,32,6.78,59840
400.6,32,6.78,59802.4
400.65,32,6.78,59790.6
400.7,32,6.78000000000001,59771.9230769231
400.75,32,6.78970873786408,59788.75
400.8,32,6.79941747572817,59771.5686274509
400.85,32,6.8,59770
400.9,32,6.8,59761.0416666667
400.95,32,6.8,59769
401,32,6.8,59795.9615384615
401.05,32,6.79219047619046,59791.2244897959
401.1,32,6.78266666666666,59790
401.15,32,6.78,59772.3529411765
401.2,32,6.78,59770
401.25,32,6.77346153846154,59788.0392156863
401.3,32,6.76384615384614,59799.1836734694
401.35,32,6.75705882352941,59800
401.4,32,6.7521568627451,59800
401.45,32,6.76333333333335,59800
401.5,32,6.78714285714286,59800
401.55,32,6.8,59817.0212765958
401.6,32,6.8,59837.9166666667
401.65,32,6.8,59823.0188679245
401.7,32,6.8,59802.5
401.75,32,6.8,59844
401.8,32,6.8,59841.2
401.85,32,6.79762376237624,59848.9795918367
401.9,32,6.78772277227723,59823.5294117647
401.95,32,6.78,59820
402,32,6.78,59802.5
402.05,32,6.78,59775.0943396226
402.1,32,6.78,59787.4468085106
402.15,32,6.78,59798.6274509804
402.2,32,6.78,59816.862745098
402.25,32,6.78,59846.25
402.3,32,6.7703846153846,59894.0000000001
402.35,32,6.76076923076922,59952.8
402.4,32,6.76884615384616,59993.8461538462
402.45,32,6.77846153846154,60008.4
402.5,32,6.79211538461538,60051.1764705882
402.55,32,6.80653846153848,60060
402.6,32,6.80627450980392,60060
402.65,32,6.8013725490196,60060
402.7,32,6.78588235294116,60084.9056603774
402.75,32,6.76627450980393,60090
402.8,32,6.76653846153847,60047.2916666666
402.85,32,6.77615384615385,60031.4
402.9,32,6.78576923076924,60005.1923076923
402.95,32,6.79538461538463,60008.2
403,32,6.78990291262136,60010
403.05,32,6.77048543689318,60010
403.1,32,6.76876190476191,60010
403.15,32,6.78780952380953,60002.0833333333
403.2,32,6.8,60008.5106382979
403.25,32,6.8,60010
403.3,32,6.8,60010
403.35,32,6.8,60026.4705882353
403.4,32,6.80126213592233,60038.2
403.45,32,6.80611650485437,60056.4
403.5,32,6.81190476190476,60035.4
403.55,32,6.82142857142858,60030
403.6,32,6.82901960784314,60038.0392156863
403.65,32,6.81921568627451,60031.8367346939
403.7,32,6.81057692307693,60030
403.75,32,6.82019230769231,60037.8
403.8,32,6.82980769230771,60031.875
403.85,32,6.80621359223299,60013.9215686274
403.9,32,6.7819417475728,60002
403.95,32,6.77115384615384,60000
404,32,6.76153846153846,60030.7692307692
404.05,32,6.76800000000001,60055.8333333334
404.1,32,6.77752380952381,60044.6153846154
404.15,32,6.78,60040
404.2,32,6.78,60040
404.25,32,6.78,60040
404.3,32,6.78,60055.6
404.35,32,6.78621359223302,60060
404.4,32,6.7959223300971,60044.4
404.45,32,6.8,60040
404.5,32,6.8,60016.6
404.55,32,6.79076923076921,60010
404.6,32,6.77153846153845,60002.1568627451
404.65,32,6.76,59968.1632653061
404.7,32,6.76,59936.4705882353
404.75,32,6.7635294117647,59922.2
404.8,32,6.77333333333334,59904.7058823529
404.85,32,6.79230769230771,59900
404.9,32,6.83076923076926,59900
404.95,32,6.8821359223302,59885
405,32,6.97436893203885,59880
405.05,32,7.07446601941767,59895.6
405.1,32,7.21038834951462,59885
405.15,32,7.35134615384626,59909.0196078432
405.2,32,7.52923076923094,59927.3469387755
405.25,32,7.70803921568631,59907.8
405.3,32,7.90901960784338,59900
405.35,32,8.11,59877.5
405.4,32,8.35038461538471,59877.7083333333
405.45,32,8.59076923076941,59895.2941176471
405.5,52.8627450980502,8.8509523809523,59900
405.55,60,9.11285714285737,59922.2
405.6,60,9.3766037735849,59930
405.65,60,9.6407547169812,59980.7843137255
405.7,60,9.92858585858603,60080.8163265307
405.75,60,10.2265656565656,60230.9615384615
405.8,60,10.5176923076927,60451.4285714289
405.85,60,10.806153846154,60750.4000000002
405.9,60,11.079411764706,61185.6000000005
405.95,60,11.344117647059,61780.8000000006
406,60,11.5971698113206,62500
406.05,60,11.8424528301889,63232.0754716991
406.1,60,12.0570588235294,63964.7058823534
406.15,60,12.2384313725491,64771.2000000007
406.2,60,12.3928846153847,65593.3333333343
406.25,60,12.513076923077,66475.0000000003
406.3,60,12.6363366336636,67364.2857142867
406.35,60,12.7650495049506,68231.1764705884
406.4,60,12.8710476190477,69111.4285714293
406.45,60,12.9329523809524,69823.8461538467
406.5,60,12.9834951456311,70636.6666666667
406.55,60,12.9980582524272,71571.9148936181
406.6,60,13.0117307692308,72447.0588235296
406.65,60,13.0213461538462,73258.6538461546
406.7,60,13.0304854368932,74161.3043478268
406.75,60,13.0353398058252,74979.2307692308
406.8,60,13.0403846153846,75634.0384615393
406.85,60,13.05,76366.5957446815
406.9,60,13.0596153846154,77133.2727272735
406.95,60,13.0694117647059,77891.7391304358
407,60,13.0792156862745,78490.1923076924
407.05,60,13.0842990654206,78945.0000000006
407.1,60,13.0889719626168,79275.8823529414
407.15,60,13.09,79481.0204081633
407.2,60,13.09,79627.2222222223
407.25,60,13.086213592233,79749.5918367347
407.3,60,13.081359223301,79840.1960784315
407.35,60,13.08,79902.2916666667
407.4,60,13.08,79946.9387755102
407.45,60,13.08,79994
407.5,60,13.08,80023.3333333333
407.55,60,13.0826213592233,80063.0000000001
407.6,60,13.0874757281553,80066.5306122449
407.65,60,13.0970588235294,80039.6
407.7,60,13.1117647058824,80010
407.75,60,13.1242307692308,80000
407.8,60,13.1338461538462,79974.1176470588
407.85,60,13.1347572815534,79953.3333333333
407.9,60,13.1201941747573,79936.4
407.95,60,13.1143269230769,79930
408,60,13.12875,79930
408.05,60,13.1367647058823,79930
408.1,60,13.1220588235294,79923.4693877551
408.15,60,13.11,79945.8823529412
408.2,60,13.11,79960
408.25,60,13.1103921568627,79985.8823529412
408.3,60,13.1152941176471,80006.1538461539
408.35,60,13.12,80022.5
408.4,60,13.12,80036.5306122449
408.45,60,13.12,80014.6153846153
408.5,60,13.1292156862745,79987.3469387755
408.55,60,13.1390196078432,79967.6923076923
408.6,60,13.1531067961165,79985
408.65,60,13.1676699029126,79974.9019607843
408.7,60,13.166,79960
408.75,60,13.1612380952381,79960
408.8,60,13.16,79984.3137254903
408.85,60,13.16,80017.6470588236
408.9,60,13.16,80030
408.95,60,13.16,80012
409,60,13.147572815534,79987.7551020408
409.05,60,13.1281553398058,79967.6
409.1,60,13.1254716981132,79989.8076923077
409.15,60,13.1349056603774,80039.5918367347
409.2,60,13.1445544554455,80047.5
409.25,60,13.1544554455445,80064.6153846154
409.3,60,13.1620952380952,80068
409.35,60,13.1668571428571,80072.2448979592
409.4,60,13.1683168316832,80098.2352941177
409.45,60,13.1633663366337,80098
409.5,60,13.1523809523809,80101.5384615385
409.55,60,13.1285714285714,80138.5714285715
409.6,60,13.11,80148.4
409.65,60,13.11,80122.6
409.7,60,13.1104,80098.1632653061
409.75,60,13.1154,80119.4117647059
409.8,60,13.1207766990291,80128.6274509804
409.85,60,13.1304854368932,80120
409.9,60,13.14,80120
409.95,60,13.14,80120
410,60,13.14,80120
410.05,60,13.1492452830189,80096.6666666666
410.1,60,13.158679245283,80085.7692307692
410.15,60,13.1514851485149,80101.4285714286
410.2,60,13.1415841584158,80115.5769230769
410.25,60,13.1480769230769,80120
410.3,60,13.1576923076923,80120
410.35,60,13.1709615384615,80141.6
410.4,60,13.1853846153846,80137.9591836734
410.45,60,13.1800970873786,80120
410.5,60,13.1655339805825,80120
410.55,60,13.16,80142.0408163266
410.6,60,13.16,80160
410.65,60,13.1491262135922,80165.5102040816
410.7,60,13.1297087378641,80164.8148148148
410.75,60,13.117619047619,80139.5744680851
410.8,60,13.1128571428571,80120
410.85,60,13.1119417475728,80098.8235294117
410.9,60,13.1167961165049,80069.387755102
410.95,60,13.12,80060
411,60,13.12,80044.375
411.05,60,13.1226923076923,80035.5102040816
411.1,60,13.1323076923077,80034.6153846154
411.15,60,13.14,80030
411.2,60,13.14,80030
411.25,60,13.14,80035.2
411.3,60,13.14,80034.693877551
411.35,60,13.1392233009709,80035.2941176471
411.4,60,13.1295145631068,80034.9019607843
411.45,60,13.1201941747573,80044.705882353
411.5,60,13.1299029126214,80045
411.55,60,13.1396116504854,80030
411.6,60,13.14,80020.1960784314
411.65,60,13.14,80005.1020408163
411.7,60,13.1525714285714,80000
411.75,60,13.1668571428571,80015
411.8,60,13.17,80054.0000000001
411.85,60,13.17,80098.8235294118
411.9,60,13.17,80129.3877551021
411.95,60,13.17,80154.1176470589
412,60,13.17,80145.5319148936
412.05,60,13.17,80104.4
412.1,60,13.1670192307692,80105.6
412.15,60,13.1622115384615,80114.8
412.2,60,13.1547572815534,80100
412.25,60,13.1450485436893,80099.6
412.3,60,13.14,80100.4
412.35,60,13.14,80090
412.4,60,13.1440776699029,80090
412.45,60,13.153786407767,80090
412.5,60,13.16,80090
412.55,60,13.16,80076.8
412.6,60,13.164128440367,80069.3617021277
412.65,60,13.1778899082569,80070.1960784314
412.7,60,13.1888118811881,80060
412.75,60,13.1789108910891,80050.4
412.8,60,13.17,80059.2
412.85,60,13.17,80084.8
412.9,60,13.1697087378641,80099.6
412.95,60,13.164854368932,80133.5294117648
413,60,13.16,80164.4230769231
413.05,60,13.16,80165.625
413.1,60,13.16,80137.4509803921
413.15,60,13.1736893203884,80101.2
413.2,60,13.1882524271845,80085.5102040816
413.25,60,13.1816981132075,80080
413.3,60,13.1722641509434,80080
413.35,60,13.1776,80093.4693877551
413.4,60,13.1876,80114.6
413.45,60,13.19,80129.0196078431
413.5,60,13.19,80131.2
413.55,60,13.1833980582524,80137.9591836735
413.6,60,13.1736893203884,80160
413.65,60,13.1757943925234,80178.4
413.7,60,13.1851401869159,80200
413.75,60,13.1851515151515,80195.6
413.8,60,13.1750505050505,80194.3137254902
413.85,60,13.17,80182.8571428571
413.9,60,13.17,80151.2
413.95,60,13.17,80140
414,60,13.17,80148.5714285714
414.05,60,13.17,80137.9999999999
414.1,60,13.17,80122.9411764706
414.15,60,13.1725490196078,80127.4
414.2,60,13.1823529411765,80101.4285714286
414.25,60,13.1878846153846,80102.6923076923
414.3,60,13.1782692307692,80136.0000000001
414.35,60,13.1693203883495,80175.6862745098
414.4,60,13.1644660194175,80215.8333333334
414.45,60,13.16,80256.4705882353
414.5,60,13.16,80267.7551020408
414.55,60,13.16,80258.2352941177
414.6,60,13.1745631067961,80262.1568627451
414.65,60,13.1891262135922,80261.4
414.7,60,13.1764423076923,80264.4897959183
414.75,60,13.1620192307692,80240
414.8,60,13.151568627451,80231.8367346938
414.85,60,13.1417647058823,80220
414.9,60,13.1517142857143,80220
414.95,60,13.166,80227.6
415,60,13.1805882352941,80224.8
415.05,60,13.1952941176471,80188.6
415.1,60,13.1901923076923,80177.6
415.15,60,13.1757692307692,80182.2448979592
415.2,60,13.1672222222222,80182
415.25,60,13.1625925925926,80188.2352941177
415.3,60,13.1666666666667,80177.6
415.35,60,13.1818181818182,80190
415.4,60,13.1922549019608,80201.7647058824
415.45,60,13.1971568627451,80227.3076923077
415.5,60,13.198,80240
415.55,60,13.1932380952381,80232.2448979592
415.6,60,13.19,80220
415.65,60,13.19,80220
415.7,60,13.1875,80229.7826086957
415.75,60,13.1778846153846,80257.6
415.8,60,13.1717475728155,80270
415.85,60,13.1814563106796,80288.2692307692
415.9,60,13.1905769230769,80313.2
415.95,60,13.1953846153846,80300
416,60,13.1998058252427,80306.6666666667
416.05,60,13.1949514563107,80313.3333333333
416.1,60,13.1900970873786,80292.8
416.15,60,13.1805769230769,80287.0588235294
416.2,60,13.1709615384615,80306.6666666667
416.25,60,13.1788235294118,80313.6
416.3,60,13.1886274509804,80306.5306122449
416.35,60,13.1940566037736,80306.4
416.4,60,13.1987735849057,80286.8
416.45,60,13.2,80300
416.5,60,13.2,80300
416.55,60,13.1898058252427,80293.2
416.6,60,13.1752427184466,80286.6666666667
416.65,60,13.17,80293.6
416.7,60,13.17,80293.0612244898
416.75,60,13.1787378640777,80320
416.8,60,13.1933009708738,80323.2653061225
416.85,60,13.1974285714286,80339.8076923077
416.9,60,13.1926666666667,80357
416.95,60,13.19,80350
417,60,13.19,80353.0612244898
417.05,60,13.1844117647059,80360
417.1,60,13.1697058823529,80365.8823529412
417.15,60,13.16,80374.1666666667
417.2,60,13.16,80360
417.25,60,13.1633,80351.5094339623
417.3,60,13.1783,80335
417.35,60,13.1868571428571,80341.4285714286
417.4,60,13.1725714285714,80320
417.45,60,13.1588349514563,80320
417.5,60,13.1491262135922,80320
417.55,60,13.14,80320
417.6,60,13.14,80320
417.65,60,13.14,80308.2352941176
417.7,60,13.1635,80271.4285714285
417.75,60,13.1885,80241.3461538462
417.8,60,13.19,80212.1999999999
417.85,60,13.19,80198.125
417.9,60,13.1818446601942,80211.3461538461
417.95,60,13.1721359223301,80181.875
418,60,13.17,80168.6538461538
418.05,60,13.17,80184.693877551
418.1,60,13.17,80178.2352941177
418.15,60,13.17,80200
418.2,60,13.17,80205.0980392157
418.25,60,13.17,80227.0588235294
418.3,60,13.17,80256.8750000001
418.35,60,13.17,80290.4
418.4,60,13.1674509803922,80320
418.45,60,13.1625490196078,80326.875
418.5,60,13.1690566037736,80350
418.55,60,13.1879245283019,80340.2173913043
418.6,60,13.2034951456311,80300
418.65,60,13.2132038834952,80294.5098039216
418.7,60,13.2170873786408,80280
418.75,60,13.2073786407767,80263.5294117647
418.8,60,13.2,80220
418.85,60,13.2,80220
418.9,60,13.1976470588235,80215.6862745098
418.95,60,13.1829411764706,80200
419,60,13.1711538461538,80200
419.05,60,13.1807692307692,80212.0000000001
419.1,60,13.1894285714286,80257.0588235294
419.15,60,13.1751428571428,80284.3137254902
419.2,60,13.1608571428571,80296
419.25,60,13.16,80284.0816326531
419.3,60,13.16,80295.5102040816
419.35,60,13.1778640776699,80291.7647058824
419.4,60,13.1972815533981,80334.2307692308
419.45,60,13.2,80344.4897959183
419.5,60,13.2,80315.8333333333
419.55,60,13.19625,80304.6153846154
419.6,60,13.1914423076923,80312.1568627451
419.65,60,13.183137254902,80274.4897959184
419.7,60,13.1733333333333,80244
419.75,60,13.17,80213.8775510204
419.8,60,13.17,80192.1153846154
419.85,60,13.1616831683168,80198.125
419.9,60,13.1468316831683,80192.1568627451
419.95,60,13.1270192307692,80198.0392156863
420,60,13.1029807692308,80191.875
420.05,60,13.0789423076923,80200
420.1,60,13.0549038461538,80198.3333333333
420.15,60,13.04,80190
420.2,60,13.04,80195.8823529412
420.25,60,13.0473529411765,80223.6
420.3,60,13.0718627450981,80245.4
420.35,60,13.0985849056604,80270
420.4,60,13.1316037735849,80257.1428571428
420.45,60,13.1661165048544,80198
420.5,58.0392156862758,13.2098058252427,80184.1176470588
420.55,50.1764705882367,13.262277227723,80152.9411764705
420.6,51.1666666666675,13.4157425742575,80118.3333333333
420.65,52.1960784313735,13.5778846153849,80100.1960784313
420.7,53.1800000000014,13.8759615384619,80036.5999999998
420.75,54.1800000000002,14.1740384615386,79886.7999999999
420.8,55.1800000000014,14.490961538462,79630.5999999995
420.85,56.1764705882356,14.8082692307693,79291.1764705881
420.9,57.1632653061233,15.1152427184467,78917.7551020406
420.95,58.3600000000028,15.4210679611652,78610.3999999997
421,60.1764705882356,15.7335294117646,78396.4705882352
421.05,61.1632653061243,16.0472549019612,78218.7755102038
421.1,62.1730769230773,16.3638461538463,78129.0384615385
421.15,63.2916666666692,16.6811538461541,78266.6666666671
421.2,65.1730769230782,16.9984615384619,78609.2307692313
421.25,66.1400000000001,17.3157692307694,79010
421.3,67.2857142857169,17.6250476190482,79520.0000000007
421.35,69.1632653061231,17.9298095238097,80104.4897959188
421.4,70.33962264151,18.1769306930695,80753.7735849059
421.45,72.1224489795925,18.3749504950497,81384.6938775514
421.5,73.1372549019609,18.5662962962963,82011.9607843138
421.55,74.244897959187,18.7514814814818,82674.4897959195
421.6,76.1400000000002,18.9809090909093,83375.2000000001
421.65,77.1400000000012,19.2889898989902,84048.2000000008
421.7,78.269230769233,19.5750000000003,84677.5000000007
421.75,80.1041666666666,19.8249999999999,85306.6666666666
421.8,81.137254901962,20.0367647058825,85941.7647058829
421.85,82.1200000000006,20.1593137254902,86399.6000000003
421.9,83.1176470588241,20.2696226415095,86986.4705882357
421.95,84.204081632655,20.3450943396227,87621.2244897965
422,86.1111111111106,20.4242718446602,88225.5555555553
422.05,87.043478260871,20.5262135922331,88774.3478260878
422.1,88.1224489795925,20.6277669902913,89385.9183673473
422.15,89.1346153846165,20.7248543689321,89998.6538461544
422.2,90,20.8208823529412,90487.0000000005
422.25,90.1020408163265,20.865,90939.5918367347
422.3,91.1224489795935,20.9091176470589,91217.1428571431
422.35,92.1346153846156,20.9241346153846,91391.1538461539
422.4,93,20.9385576923077,91778.0000000006
422.45,93.1020408163275,20.9271428571428,92352.040816327
422.5,94,20.9128571428571,92871.1999999998
422.55,94,20.91,93366.8000000007
422.6,94.1176470588241,20.91,93748.823529412
422.65,95,20.887281553398,94068.0000000003
422.7,95,20.8581553398058,94339.0000000002
422.75,95,20.8225714285714,94528.6274509804
422.8,95,20.7844761904761,94716.8000000003
422.85,95,20.7487254901961,94925.8333333334
422.9,95,20.7144117647059,95112.9411764707
422.95,94.899999999999,20.6776923076923,95228.0000000002
423,94,20.6392307692308,95393
423.05,94,20.5981553398057,95422.9411764706
423.1,93.9230769230766,20.5544660194174,95456.1538461539
423.15,92.9591836734692,20.491923076923,95528.7755102041
423.2,92,20.4053846153846,95496.4705882352
423.25,91.9583333333331,20.3252941176471,95432.5
423.3,90.9183673469373,20.2566666666666,95253.469387755
423.35,89.9019607843138,20.1901904761905,95167.2549019608
423.4,88.9215686274506,20.1282857142857,95033.5294117646
423.45,87.9387755102032,20.0575728155339,94826.5306122447
423.5,86.9215686274507,19.9556310679611,94597.2549019607
423.55,85.9399999999991,19.8466037735846,94318.5999999998
423.6,84.9411764705875,19.7003773584905,94122.3529411762
423.65,83.9599999999998,19.5504,93829.5999999999
423.7,82.9166666666639,19.3103999999998,93565.4166666662
423.75,80.9215686274507,19.0692307692307,93203.3333333332
423.8,79.9423076923068,18.7999999999995,92872.6923076921
423.85,78.9591836734681,18.530769230769,92585.7142857141
423.9,76.9591836734692,18.2124271844657,92374.2857142857
423.95,75.8799999999983,17.8920388349511,92208.1999999996
424,73.9423076923079,17.5299999999999,91675.9615384617
424.05,72.9583333333296,17.1633333333328,91106.2499999987
424.1,70.9411764705875,16.8076470588233,90421.1764705877
424.15,69.9607843137253,16.4547058823526,89774.5098039214
424.2,68.958333333332,16.1315686274506,89137.2916666662
424.25,66.9423076923079,15.8178431372549,88509.4230769232
424.3,65.9591836734657,15.4876923076919,87999.1836734684
424.35,63.9591836734692,15.1511538461537,87459.9999999999
424.4,62.8867924528286,14.8311650485435,86961.1320754713
424.45,60.9999999999988,14.5204854368929,86479.9999999993
424.5,59.9607843137253,14.2077142857143,85909.2156862744
424.55,58.9583333333296,13.8934285714283,85389.1666666657
424.6,56.9411764705875,13.5738834951456,84851.764705882
424.65,55.9607843137253,13.2486407766987,84381.1764705881
424.7,54.979591836734,12.9417475728151,83909.183673469
424.75,53.9607843137253,12.6601941747572,83369.9999999999
424.8,52.960784313722,12.418834951456,82868.6274509794
424.85,51,12.2489320388348,82300
424.9,50,12.1066990291262,81820.7999999999
424.95,49.9599999999987,12.0290291262135,81337.9999999993
425,48.9615384615383,11.9607692307692,80788.0769230768
425.05,47.9999999999989,11.9223076923076,80239.9999999994
425.1,47.0196078431368,11.8884905660377,79730.1960784311
425.15,46.9799999999993,11.8790566037736,79310.1999999997
425.2,46,11.8706,78817.7999999996
425.25,45.9807692307697,11.8856,78208.8461538464
425.3,45.0192307692292,11.9009615384616,77651.153846153
425.35,45,11.925,77028.4615384612
425.4,45,11.9490384615385,76451.5384615382
425.45,45,11.9872815533981,75869.9999999994
425.5,45,12.0261165048544,75310
425.55,45,12.0780582524273,74699.9999999993
425.6,45,12.1314563106796,74110
425.65,45.9803921568632,12.2248076923078,73668.8235294116
425.7,46.0000000000011,12.3257692307693,73239.9999999997
425.75,47,12.497572815534,72960
425.8,47.0000000000011,12.6917475728158,72729.9999999998
425.85,47.9615384615393,12.9350961538463,72576.1538461537
425.9,48.9795918367352,13.1995192307695,72511.2244897959
425.95,50.0000000000011,13.4860000000003,72540.0000000002
426,51,13.786,72680
426.05,51.9803921568643,14.0991262135927,72905.4901960788
426.1,52.9800000000005,14.4243689320389,73174.6000000001
426.15,54.0000000000011,14.7652427184468,73500.0000000004
426.2,55.0000000000011,15.1244660194177,73850.0000000005
426.25,56,15.4909803921568,74250
426.3,57.9230769230788,15.8684313725495,74663.4615384619
426.35,58.9411764705885,16.2445631067963,75169.411764706
426.4,59.9215686274517,16.6183495145634,75670.0000000004
426.45,61.877551020411,16.9838461538465,76141.8367346945
426.5,62.9591836734692,17.33,76601.6326530612
426.55,65.0000000000011,17.665784313726,77210.0000000008
426.6,65.9433962264154,17.9648039215687,77889.2452830191
426.65,67.8800000000006,18.2554285714287,78625.6000000002
426.7,69.8431372549034,18.5078095238098,79361.1764705888
426.75,70.9583333333331,18.7669306930694,80138.7499999999
426.8,72.8113207547193,19.1035643564362,80867.3584905669
426.85,73.9183673469395,19.4360000000002,81619.5918367352
426.9,75.9166666666686,19.7026666666669,82398.7500000007
426.95,76.9411764705896,19.9693333333336,83182.9411764717
427,78.8800000000006,20.1541176470589,84029.0000000002
427.05,79.9215686274528,20.3354901960788,84771.1764705896
427.1,81.8775510204088,20.4639047619049,85505.9183673472
427.15,82.9400000000003,20.5877142857144,86255.0000000002
427.2,83.8867924528307,20.6770192307693,86965.094339623
427.25,85.8333333333325,20.75875,87774.1666666664
427.3,86.9200000000018,20.8235294117648,88502.4000000013
427.35,87.884615384616,20.8823529411765,89161.5384615389
427.4,88.9166666666675,20.9134615384616,89826.6666666672
427.45,89.9387755102055,20.9326923076923,90518.3673469397
427.5,90.9400000000003,20.94,90992.4000000001
427.55,91.9400000000014,20.94,91349.0000000005
427.6,92.9038461538463,20.9372549019608,91876.1538461539
427.65,93,20.9323529411765,92371.1764705885
427.7,93.9166666666675,20.9129906542056,92915.8333333338
427.75,94,20.8802803738318,93356.8627450981
427.8,94.9183673469407,20.8432352941176,93785.7142857151
427.85,95,20.7991176470588,94135.6862745099
427.9,95,20.7567961165048,94390.7547169812
427.95,95,20.7179611650485,94599.7872340428
428,95,20.6803921568627,94761.1764705883
428.05,95,20.6460784313725,94878.7755102042
428.1,94.0816326530605,20.6076635514019,95055.3061224491
428.15,94,20.556261682243,95201.4285714286
428.2,94,20.500909090909,95269.8181818182
428.25,93.1428571428573,20.41,95374.2857142857
428.3,92.1041666666654,20.3231428571428,95398.9583333333
428.35,91.0999999999999,20.266,95391
428.4,91,20.2085436893203,95251.5384615383
428.45,90.1568627450975,20.1357281553397,95052.9411764705
428.5,89.1063829787234,20.0629126213592,94903.829787234
428.55,87.1632653061187,19.9613084112148,94697.1428571424
428.6,86.0980392156861,19.8585046728971,94499.6078431372
428.65,85.117647058823,19.6816831683166,94268.2352941175
428.7,83.2399999999988,19.4886138613859,93958.3999999998
428.75,82.1199999999995,19.2558252427184,93647.1999999999
428.8,81.1538461538446,19.0131067961161,93330.7692307687
428.85,79.352941176469,18.7667961165047,92975.2941176468
428.9,77.2553191489348,18.5192233009707,92587.2340425529
428.95,76.1372549019598,18.2221359223298,92376.0784313724
429,74.2800000000001,17.9017475728156,92186.6
429.05,73.1224489795902,17.5615238095234,91607.1428571418
429.1,71.3703703703698,17.2091428571428,91008.5185185183
429.15,69.2978723404235,16.8431067961163,90302.7659574461
429.2,67.2448979591823,16.464466019417,89629.5918367343
429.25,66.1538461538459,16.1014563106795,89059.2307692306
429.3,64.3199999999969,15.7567961165043,88491.1999999991
429.35,63.1428571428571,15.4264705882351,87920
429.4,61.2799999999982,15.1176470588234,87392.7999999995
429.45,59.2799999999979,14.802912621359,86881.3999999995
429.5,58.1568627450977,14.4776699029128,86464.3137254901
429.55,56.4150943396193,14.1485714285711,86003.7735849048
429.6,55.170212765957,13.810476190476,85460.2127659572
429.65,54.1428571428561,13.4831372549017,84984.2857142853
429.7,52.3461538461521,13.1988235294115,84589.2307692304
429.75,51.1800000000002,12.928761904762,84142.8000000001
429.8,50.1960784313713,12.7335238095235,83658.0392156857
429.85,49.1489361702128,12.5441747572815,83100.4255319149
429.9,48.1399999999991,12.4470873786407,82538.3999999995
429.95,47.1568627450975,12.35,82004.7058823527
430,47,12.3450495049505,81440.0000000001
430.05,46.1399999999989,12.340099009901,80835.3999999993
430.1,46,12.354,80229.038461538
430.15,45.1960784313722,12.3682857142857,79685.882352941
430.2,45,12.391359223301,79221.6666666665
430.25,45,12.4156310679612,78662.7999999999
430.3,45,12.4518446601942,78086.6037735839
430.35,45,12.4906796116505,77523.1999999996
430.4,45,12.5694230769231,76912.4999999995
430.45,45.8039215686287,12.6607692307693,76333.7254901954
430.5,46,12.8121359223301,75753.3333333331
430.55,46.8235294117657,12.9917475728157,75174.1176470582
430.6,47.8039215686276,13.1965137614679,74619.8039215686
430.65,48,13.4166972477066,74117.8431372546
430.7,48.7800000000007,13.6746938775513,73760.3999999998
430.75,49.8124999999997,13.9808163265306,73576.25
430.8,51.5769230769262,14.2862857142861,73510.5769230768
430.85,52.7800000000007,14.5910476190479,73585.8000000001
430.9,53.7800000000007,14.9141176470592,73750.4000000001
430.95,54.7800000000007,15.2670588235298,73985.0000000002
431,56.5599999999991,15.645,74320.7999999998
431.05,57.7800000000016,16.071470588236,74657.4000000005
431.1,59.5600000000014,16.4969230769234,75096.6000000003
431.15,61.5600000000014,16.9200000000002,75621.2000000004
431.2,62.7959183673482,17.3399038461541,76169.795918368
431.25,64.5686274509798,17.7485576923076,76758.4313725488
431.3,66.5918367346964,18.148461538462,77478.9795918377
431.35,68.5686274509816,18.4946153846156,78218.2352941181
431.4,69.7959183673473,18.843168316832,78992.8571428574
431.45,71.5686274509816,19.2293069306935,79738.2352941181
431.5,73.5599999999991,19.6119230769231,80508.3999999997
431.55,75.5600000000032,19.9100000000005,81272.8000000012
431.6,76.7800000000007,20.2080769230772,82001.6000000005
431.65,78.5600000000014,20.3845714285716,82745.0000000005
431.7,80.529411764708,20.5560000000002,83460.5882352949
431.75,81.7916666666669,20.6600980392157,84239.5833333335
431.8,83.5384615384639,20.7532352941177,85000.0000000009
431.85,84.7755102040822,20.8217475728156,85815.9183673474
431.9,86.529411764708,20.8848543689321,86611.7647058832
431.95,87.7450980392164,20.9109615384616,87440.7843137261
432,88.7708333333328,20.9253846153846,88299.7916666662
432.05,89.7500000000014,20.93,89082.5000000011
432.1,90.770833333334,20.93,89896.6666666672
432.15,91.7500000000005,20.923786407767,90560.0000000003
432.2,92.7400000000005,20.9140776699029,91119.6000000003
432.25,93.7708333333328,20.8935849056604,91830.4166666663
432.3,94,20.8652830188679,92585.0000000011
432.35,94.7400000000005,20.8274509803921,93231.4000000003
432.4,95,20.778431372549,93732.0754716985
432.45,95,20.7336893203883,94248.3333333339
432.5,95,20.694854368932,94632.9411764707
432.55,95,20.6474999999999,94824.7916666669
432.6,95,20.585,94997.8431372551
432.65,94.279999999999,20.5220183486238,95107.6000000001
432.7,94,20.4577981651376,95240.2040816327
432.75,93.2599999999998,20.3925742574257,95346.6
432.8,92.2599999999983,20.3183168316831,95451.4000000002
432.85,91.2599999999995,20.2443434343434,95435.6
432.9,90.3018867924521,20.1736363636363,95378.1132075471
432.95,89.2916666666657,20.1013461538461,95253.7499999999
433,88.2800000000001,20.0148076923077,95109.2
433.05,87.2941176470575,19.9268269230766,94900.5882352938
433.1,85.6274509803908,19.768173076923,94651.5686274508
433.15,84.3061224489791,19.6095192307692,94382.6530612244
433.2,82.5714285714269,19.3785576923075,94035.714285714
433.25,80.5882352941173,19.1429807692308,93661.7647058823
433.3,78.5714285714263,18.8823529411761,93249.9999999995
433.35,77.2941176470586,18.6176470588233,92868.8235294117
433.4,75.5999999999993,18.3122857142854,92549.9999999999
433.45,73.5714285714269,17.9979999999997,92359.9999999999
433.5,71.5600000000003,17.6735294117646,92017.6000000001
433.55,69.588235294115,17.3450980392151,91412.9411764697
433.6,67.6274509803908,17.0198095238092,90715.8823529407
433.65,65.6122448979582,16.6959999999997,90045.9183673466
433.7,64.3749999999994,16.3676237623759,89431.2499999996
433.75,62.7659574468078,16.0359405940594,88834.4680851062
433.8,60.6666666666627,15.7042307692302,88266.6666666656
433.85,58.6122448979582,15.3724999999997,87756.93877551
433.9,57.3137254901954,15.0384615384612,87259.9999999997
433.95,55.6122448979566,14.7019230769228,86753.0612244892
434,54.2999999999997,14.3769230769232,86256.9999999998
434.05,52.6792452830157,14.0692307692304,85746.7924528293
434.1,51.3191489361698,13.7815686274509,85280.8510638296
434.15,50.3396226415089,13.5364705882351,84819.8113207545
434.2,49.3191489361689,13.3192233009707,84289.1489361695
434.25,48.3396226415089,13.1735922330097,83816.2264150941
434.3,47.3599999999982,13.0546601941747,83333.5999999991
434.35,46.3191489361697,13.0303883495145,82789.14893617
434.4,46,13.0123076923077,82250.188679245
434.45,45.3599999999994,13.0267307692308,81720.7999999997
434.5,45,13.042718446602,81177.3469387755
434.55,45,13.0766990291263,80634.6153846147
434.6,45,13.1108737864078,80055.4166666666
434.65,45,13.1545631067962,79558.0769230766
434.7,45.6458333333346,13.1982524271845,79060.6249999993
434.75,46,13.3153846153846,78492.8846153846
434.8,46.6326530612261,13.4355769230771,77884.0816326521
434.85,47.6274509803924,13.6023076923078,77296.0784313724
434.9,48.6458333333342,13.7753846153847,76718.3333333328
434.95,49.6600000000013,13.9907692307694,76176.7999999993
435,50.6470588235299,14.2167307692307,75676.4705882351
435.05,51.6274509803935,14.5023529411769,75267.8431372544
435.1,53.2653061224498,14.8111764705884,74978.163265306
435.15,54.6400000000006,15.1496190476193,74858
435.2,56.2549019607862,15.5020000000003,74852.5490196079
435.25,57.6326530612249,15.879702970297,75011.836734694
435.3,59.254901960787,16.2757425742579,75313.3333333338
435.35,61.2653061224498,16.6923076923079,75718.367346939
435.4,63.2800000000013,17.1250000000004,76187.2000000003
435.45,65.2549019607862,17.537428571429,76736.4705882358
435.5,67.24,17.9279047619048,77381.6
435.55,69.2653061224521,18.3286407766995,78095.5102040828
435.6,71.2075471698129,18.7461165048545,78710.1886792457
435.65,73.2083333333355,19.1729126213594,79393.1250000008
435.7,75.1923076923096,19.619514563107,80178.8461538469
435.75,77.1836734693881,20.0206796116504,80971.6326530614
435.8,79.2000000000032,20.2925242718451,81716.0000000011
435.85,80.6250000000006,20.534761904762,82450.0000000004
435.9,82.2075471698129,20.6585714285715,83142.6415094345
435.95,84.1836734693891,20.7738834951457,83846.1224489801
436,85.6,20.8127184466019,84590
436.05,87.2000000000032,20.8501960784314,85340.0000000012
436.1,88.5882352941184,20.8550980392157,86110.5882352947
436.15,89.5686274509809,20.86,86917.647058824
436.2,91.1666666666675,20.8405825242718,87752.5000000003
436.25,92,20.8211650485437,88582
436.3,92.5882352941188,20.783495145631,89398.2352941186
436.35,93.6041666666666,20.7446601941747,90193.1249999999
436.4,94,20.7064761904762,90812.1568627452
436.45,94.6122448979601,20.6683809523809,91448.571428572
436.5,95,20.6141176470588,92208.8461538461
436.55,95,20.555294117647,93004.0000000007
436.6,95,20.5073529411764,93711.2000000003
436.65,95,20.4632352941176,94258.4000000004
436.7,94.4081632653055,20.4004716981132,94619.7959183675
436.75,93.4,20.3297169811321,94886
436.8,93,20.2637499999999,95044.0000000001
436.85,92.4117647058816,20.20125,95103.5294117647
436.9,91.4081632653055,20.1234313725489,95108.1632653061
436.95,89.8235294117633,20.0302941176469,95041.1764705882
437,88.4200000000002,19.9331067961165,94947.8
437.05,86.8399999999981,19.8311650485435,94805.5999999998
437.1,85.4199999999995,19.6981553398057,94573.3999999999
437.15,83.8627450980381,19.5185436893202,94323.5294117646
437.2,81.8333333333325,19.3257281553396,94050.8333333332
437.25,79.8235294117655,19.107281553398,93706.4705882354
437.3,78.4313725490184,18.8786538461535,93322.5490196074
437.35,76.2857142857123,18.623846153846,92921.4285714283
437.4,73.8846153846138,18.3565384615382,92599.4230769229
437.45,71.9199999999985,18.0392307692305,92355.7999999998
437.5,69.8979591836735,17.7180582524274,91957.9591836735
437.55,67.8571428571405,17.3685436893199,91365.7142857136
437.6,65.9056603773586,17.0198076923074,90766.2264150944
437.65,63.9803921568621,16.683269230769,90204.5098039214
437.7,61.9130434782592,16.3467307692306,89609.3478260865
437.75,59.884615384616,16.0260194174757,89016.5384615386
437.8,57.9615384615361,15.7056310679606,88453.6538461531
437.85,56.4999999999994,15.377714285714,87884.9999999997
437.9,54.9795918367329,15.0491428571426,87334.6938775505
437.95,52.9387755102021,14.7166666666664,86793.4693877546
438,51.4600000000004,14.3833333333335,86264.6000000002
438.05,50.4705882352931,14.1282524271842,85738.8235294112
438.1,48.9387755102032,13.8952427184464,85251.8367346937
438.15,47.4599999999993,13.7461165048542,84790.7999999996
438.2,47,13.6296116504853,84315.8823529407
438.25,46.4693877551022,13.5964705882353,83830.0000000001
438.3,45.4705882352931,13.6062745098039,83324.7058823524
438.35,45,13.6277142857143,82809.5999999999
438.4,45,13.6562857142857,82285.2830188678
438.45,45,13.6977669902913,81731.6666666664
438.5,45,13.7511650485437,81133.8775510206
438.55,45.541666666668,13.8134951456312,80514.9999999992
438.6,46,13.8863106796117,79949.4339622639
438.65,46.4901960784322,13.9819230769232,79503.7254901958
438.7,47.4897959183682,14.1117307692309,79114.0816326527
438.75,48.5,14.2652427184467,78615
438.8,49.4901960784327,14.4691262135926,78020.980392156
438.85,50.9600000000009,14.6888235294119,77431.5999999997
438.9,52.4897959183682,14.9535294117648,76865.5102040812
438.95,53.9803921568643,15.2372115384617,76379.2156862742
439,55.9795918367352,15.588173076923,76017.9591836734
439.05,58.0000000000034,15.9472115384621,75870
439.1,60.0000000000011,16.3558653846156,75940.0000000001
439.15,62.0000000000011,16.7647572815537,76165.0000000002
439.2,64.0204081632671,17.1773786407771,76524.0816326534
439.25,66.0196078431379,17.59,76980.0000000002
439.3,68.0000000000034,17.9661904761909,77510.000000001
439.35,70.4705882352965,18.342380952381,78142.9411764712
439.4,72.9230769230788,18.7644660194176,78819.2307692314
439.45,74.9166666666686,19.1916504854371,79537.5000000008
439.5,76.9795918367352,19.630588235294,80332.2448979594
439.55,78.9803921568655,20.0717647058829,81092.5490196089
439.6,80.9795918367352,20.3369230769232,81881.6326530614
439.65,82.9615384615394,20.5580769230771,82636.5384615388
439.7,84.9387755102055,20.6759223300972,83356.7346938781
439.75,86.4705882352943,20.7535922330097,84117.6470588236
439.8,87.9200000000031,20.7928155339806,84888.0000000012
439.85,89.4600000000004,20.8122330097087,85646.6000000003
439.9,90.9019607843149,20.8142307692308,86359.2156862749
439.95,92.4583333333343,20.8046153846154,87122.0833333341
440,93,20.7681132075472,87909.9999999999
440.05,93.4583333333343,20.7067924528301,88669.1666666674
440.1,94.4705882352942,20.6442574257425,89446.4705882354
440.15,95,20.5799009900989,90169.0000000002
440.2,95,20.519708737864,90736.4705882356
440.25,95,20.4663106796116,91362.0833333332
440.3,95,20.4082524271844,92180.5882352951
440.35,94.5490196078426,20.3402912621359,92980.7843137259
440.4,93.5510204081626,20.27375,93743.2653061229
440.45,93,20.2112499999999,94347.4509803924
440.5,92.1020408163265,20.148640776699,94761.6326530612
440.55,90.5576923076909,20.0855339805824,95008.653846154
440.6,89.5799999999998,20.0178846153846,95074.2
440.65,88.1599999999986,19.916923076923,95008.5999999999
440.7,86.5624999999985,19.8125490196076,94853.1249999998
440.75,85.1320754716971,19.6262745098039,94697.5471698112
440.8,83.1666666666627,19.4399999999997,94477.4999999995
440.85,81.1199999999983,19.2118446601941,94170.3999999997
440.9,79.1538461538446,18.9836893203883,93810.7692307689
440.95,76.7499999999976,18.7596190476189,93388.333333333
441,74.1372549019609,18.5358095238095,92951.7647058824
441.05,72.1764705882323,18.2594174757277,92610.5882352937
441.1,69.7755102040801,17.9730097087377,92276.7346938773
441.15,67.1599999999986,17.6298058252424,91771.1999999996
441.2,65.1923076923053,17.2705825242715,91149.6153846146
441.25,63.1914893617023,16.9207692307692,90553.6170212767
441.3,61.1698113207528,16.5746153846148,89975.0943396221
441.35,59.2083333333331,16.2598113207545,89388.5416666666
441.4,57.1764705882345,15.9626415094336,88789.4117647057
441.45,55.1999999999986,15.6549999999996,88243.9999999996
441.5,53.1836734693881,15.3376923076924,87707.7551020409
441.55,51.5799999999987,15.0147999999996,87173.1999999993
441.6,50.1923076923066,14.6847999999998,86654.0384615382
441.65,48.6199999999988,14.4288235294116,86148.5999999994
441.7,47.6199999999988,14.2670588235293,85629.9999999994
441.75,46.6122448979589,14.1604761904762,85164.8979591836
441.8,46,14.1366666666666,84740.4081632646
441.85,45.5882352941173,14.1273529411765,84282.3529411763
441.9,45,14.1518627450981,83803.921568627
441.95,45,14.18,83282.8571428566
442,45,14.2184615384615,82728.2352941178
442.05,45.3800000000012,14.2620000000001,82202.3999999994
442.1,46.3800000000005,14.3286666666667,81693.7999999998
442.15,47.3800000000012,14.3963366336634,81158.1999999993
442.2,48.3877551020418,14.4755445544555,80543.4693877545
442.25,49.4000000000011,14.5607766990293,79957.9999999994
442.3,50.3921568627466,14.7403883495147,79490.9803921563
442.35,51.7600000000009,14.92,79039.5999999997
442.4,53.7600000000023,15.1772815533982,78444.3999999993
442.45,55.7600000000023,15.4345631067965,77835.7999999993
442.5,57.7755102040845,15.76780952381,77272.2448979584
442.55,59.8000000000036,16.1059047619053,76895.9999999997
442.6,61.769230769232,16.4769811320757,76811.5384615385
442.65,64.1020408163288,16.8543396226419,76899.7959183675
442.7,66.7600000000023,17.2840000000005,77111.2000000003
442.75,69.1400000000035,17.7340000000004,77374.0000000003
442.8,71.7600000000023,18.1256310679616,77761.4000000006
442.85,73.7600000000009,18.4945631067962,78329.4000000003
442.9,76.1400000000035,18.8897115384617,78978.4000000008
442.95,78.7307692307713,19.2983653846157,79663.0769230777
443,80.6938775510229,19.6811650485441,80376.7346938785
443.05,82.734693877554,20.045242718447,81124.4897959194
443.1,84.6909090909092,20.2875,81839.0909090909
443.15,86.5957446808519,20.4173076923078,82565.3191489365
443.2,88.326923076924,20.49,83381.5384615392
443.25,89.6250000000018,20.49,84123.1250000006
443.3,91.3469387755114,20.4796153846153,84847.5510204092
443.35,92.3600000000005,20.4507692307692,85654.4000000004
443.4,93.3461538461543,20.4162745098039,86412.6923076926
443.45,94.3137254901965,20.3672549019607,87137.8431372553
443.5,95,20.3230769230769,87938.5106382988
443.55,95,20.2942307692307,88773.8461538474
443.6,95,20.2613725490196,89556.4000000003
443.65,95,20.2074509803921,90274.5098039219
443.7,94.6874999999991,20.1513461538461,90884.3750000005
443.75,93.6851851851841,20.0792307692307,91526.111111112
443.8,92.7234042553174,20.0074757281553,92252.9787234056
443.85,91.6799999999997,19.9443689320388,93066.0000000003
443.9,90.3725490196069,19.8812621359223,93760.5882352943
443.95,88.6938775510194,19.8046153846153,94163.4693877554
444,87.3846153846127,19.7276923076922,94360.7692307694
444.05,85.4166666666639,19.5976699029124,94397.9166666665
444.1,83.3599999999994,19.4617475728155,94262.4
444.15,81.3725490196069,19.2999999999999,94045.882352941
444.2,79.1509433962239,19.1333333333331,93749.4339622639
444.25,76.4893617021255,18.917475728155,93428.0851063826
444.3,74.0816326530582,18.6893203883491,93028.3673469384
444.35,71.3599999999994,18.4115238095236,92627.5999999999
444.4,69.1111111111096,18.1162857142855,92347.7777777777
444.45,66.4893617021255,17.8099999999997,92069.787234042
444.5,64.1346153846123,17.4974999999996,91514.0384615378
444.55,61.4693877550987,17.1876923076918,90923.4693877541
444.6,59.4509803921563,16.8799999999997,90314.31372549
444.65,57.4799999999988,16.5529411764702,89696.5999999996
444.7,55.458333333332,16.204901960784,89092.0833333329
444.75,53.3999999999984,15.8682692307689,88480.9999999996
444.8,51.4230769230749,15.5461538461534,87988.8461538457
444.85,49.729166666666,15.2578640776698,87557.2916666663
444.9,48.7058823529403,15.0297087378639,87029.4117647053
444.95,47.7142857142846,14.8496116504854,86477.1428571423
445,46.7058823529403,14.7816504854368,85969.9999999995
445.05,45.7199999999987,14.7322641509434,85467.1999999994
445.1,45,14.7416981132076,84965.5999999999
445.15,45,14.7553465346535,84505.7142857142
445.2,45,14.799900990099,84067.115384615
445.25,45.2600000000009,14.8448543689321,83557.3999999995
445.3,46.2549019607859,14.8933980582525,83037.2549019599
445.35,47.2448979591838,14.9431067961165,82490.2040816326
445.4,48.2600000000006,15.0207766990292,81944.3999999996
445.45,49.2600000000006,15.0984466019418,81381.7999999996
445.5,50.5098039215701,15.2236893203885,80807.058823529
445.55,52.5000000000024,15.3499029126216,80219.9999999993
445.6,54.5600000000003,15.555283018868,79671.1999999999
445.65,56.5490196078437,15.7675471698114,79180.7843137253
445.7,58.7959183673494,16.0832673267328,78637.9591836731
445.75,61.5490196078459,16.4248514851487,78217.6470588231
445.8,63.7800000000053,16.8194285714291,77986.9999999999
445.85,66.5200000000012,17.2289523809526,77957.8
445.9,68.7358490566057,17.6280769230772,78024.1509433964
445.95,71.4255319148954,18.0223076923079,78247.2340425536
446,73.7500000000025,18.4205940594062,78710.0000000005
446.05,76.4680851063862,18.8215841584162,79272.7659574478
446.1,78.7777777777787,19.2236893203884,79913.7037037039
446.15,81.4081632653078,19.6266019417479,80554.8979591843
446.2,83.4230769230781,19.9400000000003,81263.8461538466
446.25,85.375000000003,20.1707692307695,81938.7500000011
446.3,87.4400000000031,20.3064077669903,82711.6000000012
446.35,89.4313725490207,20.3209708737864,83449.4117647062
446.4,91.2127659574477,20.3152427184466,84075.3191489368
446.45,92.2452830188686,20.2764077669902,84831.5094339627
446.5,93.2083333333343,20.2376923076923,85529.583333334
446.55,94.2400000000011,20.1992307692307,86240.0000000008
446.6,95,20.1596153846154,87018.8000000002
446.65,95,20.1163461538461,87867.9245283028
446.7,95,20.0699029126213,88661.8750000012
446.75,94.7843137254888,20.0067961165048,89496.8627450992
446.8,93.7916666666657,19.9436893203883,90269.1666666673
446.85,92.7647058823529,19.8805825242718,90889.4117647059
446.9,91.775510204081,19.8169230769231,91473.8775510208
446.95,90.7692307692298,19.74,92217.6923076931
447,89.5918367346918,19.6630769230769,92950.8163265313
447.05,87.5599999999968,19.5861538461537,93588.0000000006
447.1,85.5686274509793,19.5092307692307,93945.2941176472
447.15,83.3999999999973,19.3954455445544,94104
447.2,80.5918367346918,19.2766336633662,94022.8571428568
447.25,78.3653846153802,19.1166666666665,93740.7692307688
447.3,75.6399999999972,18.9499999999998,93449.7999999995
447.35,73.4489795918356,18.7255339805825,93051.0204081631
447.4,70.3877551020383,18.4828155339805,92640.8163265304
447.45,67.5769230769219,18.2061165048541,92374.0384615384
447.5,65.4489795918328,17.9148543689316,92157.3469387749
447.55,62.4117647058794,17.5976923076918,91674.3137254896
447.6,59.6326530612237,17.2659615384614,91087.9591836732
447.65,57.6078431372529,16.9350943396225,90454.7058823523
447.7,55.4599999999958,16.6049056603771,89788.3999999992
447.75,52.8199999999986,16.2841176470585,89175.5999999992
447.8,51.6538461538436,15.9752941176466,88599.6153846146
447.85,49.7142857142854,15.7056862745097,88061.4285714285
447.9,47.8367346938767,15.4949019607842,87623.4693877547
447.95,46.8163265306109,15.3388235294117,87088.1632653055
448,45.8039215686265,15.2799999999999,86589.8039215682
448.05,45,15.2460952380953,86131.7307692301
448.1,45,15.2651428571429,85644.3749999999
448.15,45,15.2950980392157,85183.5849056602
448.2,45.1276595744688,15.3637254901961,84752.5531914891
448.25,46.1730769230782,15.4322330097088,84283.8461538456
448.3,47.1400000000012,15.5001941747574,83845.7999999994
448.35,48.1400000000002,15.5674285714286,83311.5999999999
448.4,49.2857142857166,15.6293333333334,82747.1428571422
448.45,51.3137254901977,15.692718446602,82157.4509803917
448.5,53.2800000000024,15.8286407766991,81577.3999999993
448.55,55.2800000000024,15.9645631067962,80988.7999999993
448.6,57.4200000000007,16.2309708737865,80410.1999999999
448.65,60.2800000000024,16.5028155339809,79856.9999999995
448.7,62.4200000000036,16.8372115384619,79420.9999999996
448.75,65.4285714285754,17.178557692308,79082.8571428568
448.8,68.3137254901995,17.5445714285719,78847.450980392
448.85,70.4285714285719,17.9160000000003,78811.4285714286
448.9,73.4800000000022,18.2988235294121,79067.2000000003
448.95,76.4615384615405,18.6860784313729,79493.8461538465
449,79.2400000000014,19.1000000000005,79973.2000000004
449.05,81.3673469387805,19.526470588236,80589.5918367358
449.1,84.2800000000005,19.8279245283021,81255.2000000001
449.15,86.269230769233,20.0590566037738,81934.2307692316
449.2,88.204081632655,20.18,82607.3469387762
449.25,90.2352941176482,20.1992307692308,83276.4705882357
449.3,92.1020408163276,20.1947524752475,83926.5306122457
449.35,93.1224489795925,20.160099009901,84693.0612244903
449.4,94.1346153846165,20.1297058823529,85447.5000000007
449.45,95,20.1051960784314,86090.2083333342
449.5,95,20.0655963302751,86885.6862745108
449.55,95,20.0013761467889,87645.2941176483
449.6,94.8979591836735,19.9336734693877,88441.6326530612
449.65,93.8823529411759,19.8520408163264,89252.9411764711
449.7,92.8979591836725,19.7749999999999,90015.3061224496
449.75,91.8846153846147,19.7124999999999,90660.384615385
449.8,90.839999999997,19.6523076923076,91258.4000000011
449.85,88.8367346938767,19.6042307692307,91992.8571428575
449.9,86.799999999998,19.5513725490196,92772.0000000007
449.95,84.6938775510174,19.4435294117646,93455.7142857146
450,81.7647058823518,19.3333980582522,93781.7647058824
450.05,79.6999999999969,19.1683495145629,93854.9999999999
450.1,76.7115384615385,19.0033009708737,93689.2307692308
450.15,73.8085106382952,18.7811650485435,93377.6595744678
450.2,70.6538461538443,18.5578640776697,93007.3076923075
450.25,67.7551020408118,18.2859047619045,92657.1428571424
450.3,64.6999999999969,18.009714285714,92381.9999999998
450.35,61.8039215686276,17.7052427184465,92168.0392156863
450.4,59.7599999999989,17.3945631067958,91640.3999999998
450.45,56.8431372549012,17.0875728155336,91019.8039215684
450.5,54.8775510204064,16.7817475728151,90393.8775510199
450.55,52.839999999997,16.4948076923073,89791.1999999991
450.6,50.8399999999993,16.2159615384615,89182.7999999998
450.65,48.8431372549012,16.0146153846154,88599.2156862743
450.7,46.9387755102032,15.8607692307691,88088.1632653056
450.75,46,15.7820588235294,87555.9999999992
450.8,45.9215686274495,15.7673529411764,87006.0784313717
450.85,45,15.7792307692308,86457.058823529
450.9,45,15.8176923076924,85913.3333333333
450.95,45.0784313725494,15.8583495145632,85488.4313725488
451,46.0612244897968,15.9020388349515,84968.1632653057
451.05,47.0800000000015,15.9576923076924,84441.5999999993
451.1,48.1509433962271,16.0346153846154,83962.2641509432
451.15,50.041666666668,16.1131067961165,83488.958333333
451.2,52.1200000000017,16.1956310679613,82937.5999999995
451.25,54.1132075471714,16.2885576923079,82399.9999999996
451.3,56.0000000000035,16.4183653846156,81899.9999999994
451.35,59.0784313725494,16.5646601941748,81377.6470588234
451.4,61.060000000002,16.8122330097088,80818.9999999996
451.45,64.0588235294137,17.0687378640778,80271.9607843135
451.5,67.0000000000035,17.4279611650489,79869.9999999997
451.55,70.058823529417,17.7875961538468,79600.1960784314
451.6,73,18.167403846154,79610
451.65,76.061224489798,18.5472115384617,79806.5306122451
451.7,79.1132075471736,18.9669902912625,80138.1132075478
451.75,81.9433962264196,19.3893203883502,80590.9433962271
451.8,84.0576923076975,19.64932038835,81142.1153846165
451.85,86.9423076923091,19.8871844660196,81747.8846153849
451.9,89.0392156862758,19.9768571428572,82424.1176470593
451.95,91.0000000000011,20.0340000000001,83130.0000000008
452,92.0000000000022,20.0214851485148,83800.0000000009
452.05,93.9607843137286,19.9818811881188,84554.9019607855
452.1,94,19.9296153846153,85320
452.15,95,19.871923076923,86040.0000000009
452.2,95,19.8108737864077,86800.0000000008
452.25,95,19.7477669902912,87521.1538461545
452.3,93.9799999999982,19.6879999999999,88315.6000000014
452.35,92.9799999999994,19.6308571428571,89096.0000000005
452.4,91.9599999999987,19.5635643564356,89893.6000000005
452.45,89.9599999999987,19.4843564356435,90569.2000000003
452.5,87.9599999999986,19.4188461538461,91034.0000000005
452.55,85.961538461535,19.3707692307692,91735.7692307706
452.6,84.0384615384606,19.3088461538461,92524.2307692311
452.65,80.9999999999967,19.2223076923076,93180.0000000003
452.7,78.0588235294103,19.1165048543687,93464.3137254903
452.75,74.9999999999967,18.9611650485435,93469.9999999998
452.8,72.0588235294071,18.7928571428568,93322.9411764704
452.85,69,18.5785714285713,92990
452.9,65.9999999999967,18.3515533980581,92669.9999999997
452.95,63.0588235294103,18.0311650485435,92434.7058823528
453,60.1176470588208,17.7100990099007,92209.0196078429
453.05,57.061224489791,17.3784158415838,91700.4081632645
453.1,54.0599999999986,17.0514285714285,91062.7999999997
453.15,52.150943396225,16.8371428571427,90430.5660377354
453.2,50.0425531914883,16.6228571428568,89773.1914893614
453.25,47.9999999999989,16.5241346153845,89129.9999999993
453.3,47.0196078431357,16.4327884615384,88492.7450980382
453.35,46.0199999999995,16.4240566037736,87960.5999999997
453.4,45.0199999999995,16.4287735849057,87489.3999999998
453.45,45,16.4666336633664,87029.1999999998
453.5,45,16.5161386138614,86500.5999999992
453.55,45.9800000000016,16.5620792079208,85931.3999999991
453.6,46.9800000000005,16.6066336633663,85410.3999999997
453.65,47.9607843137264,16.66375,84958.0392156859
453.7,49.8113207547193,16.7262500000001,84505.2830188674
453.75,51.9565217391339,16.7986274509805,83931.7391304338
453.8,53.8846153846182,16.8770588235295,83420.5769230762
453.85,56.877551020411,17.0121904761905,82862.4489795913
453.9,58.8823529411771,17.1883809523811,82275.2941176469
453.95,61.877551020411,17.4221359223304,81712.4489795913
454,64.769230769233,17.7182524271848,81265.3846153843
454.05,68.6800000000073,18.0347572815539,80834.3999999992
454.1,71.9361702127675,18.3794174757283,80604.2553191488
454.15,74.8823529411792,18.7233333333335,80590.3921568627
454.2,77.769230769233,19.0659259259262,80737.6923076924
454.25,80.8163265306165,19.3884848484851,81097.346938776
454.3,83.8200000000043,19.6309090909094,81571.2000000007
454.35,85.8800000000006,19.8285436893204,82088.8000000001
454.4,88.8200000000009,19.8673786407767,82693.4000000002
454.45,90.7090909090916,19.8961904761905,83268.3636363639
454.5,91.9130434782617,19.8723809523809,83953.4782608701
454.55,93.8039215686298,19.8476923076923,84650.3921568636
454.6,94.9183673469395,19.8092307692308,85390.4081632658
454.65,95,19.7707692307692,86111.2500000007
454.7,95,19.7027450980392,86797.7777777782
454.75,95,19.6341176470587,87628.9361702139
454.8,94.0784313725472,19.5608823529411,88380.3921568641
454.85,93.0612244897956,19.4873529411765,89191.0204081635
454.9,91.2264150943386,19.4328571428571,89922.8301886796
454.95,89.1666666666651,19.3804761904761,90642.5000000005
455,87.1599999999984,19.3199999999999,91242.8000000005
455.05,84.2941176470553,19.2574999999999,92011.5686274519
455.1,81.2999999999997,19.1658823529412,92756.0000000001
455.15,78.2999999999966,19.0629411764705,93235.0000000005
455.2,75.2448979591812,18.9243689320387,93381.0204081634
455.25,72.2941176470553,18.7690291262134,93290.7843137254
455.3,68.6037735849,18.5859999999998,93101.6981132073
455.35,65.3749999999982,18.386,92746.2499999998
455.4,62.306122448976,18.1458415841584,92457.5510204078
455.45,59.3529411764686,17.868613861386,92227.0588235293
455.5,56.306122448976,17.5905769230767,92020.4081632651
455.55,53.403846153843,17.3117307692305,91584.6153846149
455.6,51.2083333333331,17.0847572815534,90857.0833333333
455.65,49.1999999999977,16.9294174757281,90158.9999999992
455.7,47.2352941176457,16.8230769230769,89551.764705882
455.75,46.1199999999984,16.8038461538461,88951.9999999991
455.8,45.1199999999983,16.7954368932039,88343.1999999989
455.85,45,16.814854368932,87759.5999999997
455.9,45,16.8428155339806,87206.8627450975
455.95,45.8431372549025,16.9010679611651,86657.8431372546
456,46.8571428571439,16.9606666666667,86107.1428571423
456.05,47.8958333333346,17.0273333333334,85555.2083333327
456.1,49.7307692307691,17.0952941176471,85067.3076923077
456.15,51.7551020408174,17.1835294117648,84613.8775510202
456.2,54.5384615384628,17.2728037383179,84136.9230769229
456.25,57.5714285714316,17.4129906542058,83622.8571428566
456.3,60.5800000000032,17.5531775700937,83119.9999999995
456.35,63.5799999999998,17.7768000000001,82568.4
456.4,66.5800000000027,18.0118000000001,82025.5999999995
456.45,70.3725490196099,18.3133980582527,81621.176470588
456.5,73.5200000000041,18.6240776699032,81400.3999999997
456.55,76.6250000000053,18.944134615385,81361.25
456.6,80.4509803921569,19.2662500000001,81506.6666666667
456.65,83.5294117647069,19.4531730769232,81867.2549019609
456.7,85.6800000000008,19.5925961538463,82257.6000000002
456.75,88.5200000000041,19.6528155339806,82723.2000000007
456.8,90.6470588235314,19.6722330097088,83269.4117647064
456.85,92.6734693877557,19.6684615384615,83930.6122448982
456.9,93.8400000000004,19.6492307692308,84611.2000000003
456.95,94.8235294117655,19.6046601941747,85337.6470588241
457,95,19.5366990291261,86110.6250000008
457.05,95,19.4642718446601,86699.6153846159
457.1,94.1799999999993,19.3866019417475,87423.2000000005
457.15,93.1960784313722,19.318640776699,88243.3333333336
457.2,92.1666666666663,19.2652427184466,89026.666666667
457.25,90.3846153846131,19.2101941747572,89804.2307692317
457.3,87.5999999999959,19.1519417475727,90464.0000000009
457.35,85.3999999999995,19.0873333333333,91062.0000000001
457.4,82.5999999999993,19.0063809523809,91780.0000000002
457.45,79.6470588235276,18.9225242718445,92455.4901960788
457.5,75.7499999999964,18.8254368932037,92835.6250000003
457.55,72.5399999999973,18.721176470588,92914.6
457.6,68.7199999999973,18.5643137254901,92788.7999999999
457.65,65.6346153846132,18.4011538461538,92547.1153846152
457.7,61.7499999999964,18.1655769230767,92319.3749999998
457.75,58.5399999999973,17.9299999999997,92181.5999999999
457.8,55.5399999999973,17.6358823529407,91897.5999999997
457.85,53.3921568627448,17.3417647058821,91309.4117647058
457.9,50.5510204081609,17.1684615384614,90633.0612244893
457.95,48.4230769230755,17.0001923076922,89965.961538461
458,47.2040816326518,16.958640776699,89326.5306122441
458.05,46.2156862745081,16.9343689320388,88745.0980392147
458.1,45.2040816326527,16.9418269230769,88174.2857142855
458.15,45,16.95625,87635.9999999999
458.2,45.8000000000011,16.9959223300971,87121.9999999994
458.25,46.784313725491,17.0444660194175,86596.4705882348
458.3,47.7959183673482,17.1057692307693,86066.1224489789
458.35,49.6000000000004,17.1730769230769,85511.9999999999
458.4,51.6000000000005,17.2611650485437,84983.9999999999
458.45,54.3529411764724,17.3631067961166,84511.3725490193
458.5,57.3400000000021,17.4685849056605,84051.1999999997
458.55,60.3877551020446,17.5770754716982,83615.7142857138
458.6,64.1372549019631,17.7231683168317,83216.2745098037
458.65,67.294117647062,17.921188118812,82663.5294117641
458.7,71.1020408163298,18.1545631067963,82101.2244897955
458.75,74.3400000000021,18.4409708737867,81652.3999999997
458.8,78.0000000000055,18.7028571428574,81409.9999999997
458.85,81.3125000000021,18.917142857143,81406.25
458.9,84.294117647062,19.095145631068,81641.7647058827
458.95,87.2800000000035,19.1582524271845,82014.0000000005
459,89.5200000000024,19.2073786407767,82452.0000000005
459.05,91.4615384615405,19.1928155339806,82969.2307692313
459.1,93.5319148936181,19.1723529411764,83594.8936170216
459.15,94.764705882354,19.1086274509804,84267.6470588243
459.2,95,19.0449514563107,85022.8000000009
459.25,95,18.9818446601941,85749.6000000008
459.3,94.2830188679232,18.9186666666665,86421.8867924537
459.35,93.2708333333328,18.852,87166.8750000004
459.4,91.519999999999,18.7853333333333,87925.0000000004
459.45,89.4897959183653,18.7230476190476,88701.4285714294
459.5,87.5098039215656,18.6611428571428,89404.1176470599
459.55,84.779999999995,18.6098039215686,90135.0000000013
459.6,80.979591836734,18.5607843137255,90745.3061224491
459.65,77.7647058823518,18.500294117647,91319.6078431375
459.7,74.0980392156829,18.4365686274509,91738.4313725493
459.75,70.8823529411725,18.3401960784313,91952.9411764708
459.8,67.2549019607772,18.2323529411763,91972.5490196078
459.85,63.1666666666627,18.0399999999999,91952.9166666667
459.9,59.9230769230744,17.8114285714285,91929.2307692308
459.95,56.9183673469349,17.5930769230768,91704.8979591833
460,53.8571428571394,17.3815384615382,91202.8571428565
460.05,50.9230769230721,17.2399999999999,90569.2307692297
460.1,48.6666666666659,17.1630769230769,89999.9999999998
460.15,47.3124999999997,17.1265346534654,89414.3749999998
460.2,46.3137254901954,17.1413861386139,88852.5490196075
460.25,45.3333333333322,17.1698113207548,88299.9999999994
460.3,45,17.2169811320756,87737.8723404249
460.35,45.6792452830189,17.2735294117648,87213.2075471698
460.4,46.6734693877557,17.3519607843138,86703.2653061221
460.45,48.3600000000016,17.4357547169812,86199.9999999996
460.5,50.3076923076951,17.5348113207548,85719.6153846147
460.55,53.0425531914944,17.6331683168318,85202.765957446
460.6,56.1428571428596,17.7272277227723,84697.1428571425
460.65,59.0769230769256,17.8298058252428,84199.9999999996
460.7,62.6666666666711,17.9948543689322,83693.3333333328
460.75,66.0625000000044,18.1655882352943,83134.9999999992
460.8,69.8571428571475,18.4253921568631,82567.1428571422
460.85,73.7692307692328,18.6848571428573,82098.4615384613
460.9,77.7755102040836,18.9277142857145,81883.6734693877
460.95,81.1000000000034,19.1705714285716,81927.0000000001
461,84.0588235294148,19.2607692307693,82159.0196078434
461.05,86.9615384615426,19.3376923076924,82505.0000000005
461.1,90.0425531914908,19.35,82987.2340425534
461.15,92.4000000000007,19.35,83584.0000000002
461.2,93.7000000000011,19.3150485436893,84183.0000000007
461.25,94.6862745098049,19.2713592233009,84854.1176470596
461.3,95,19.221238095238,85537.9591836743
461.35,95,19.1688571428571,86179.0909090912
461.4,94.3617021276585,19.1092156862745,86908.7234042561
461.45,92.6799999999974,19.0454901960784,87708.000000001
461.5,90.6799999999974,18.9911538461538,88475.000000001
461.55,88.6799999999974,18.9430769230769,89205.2000000009
461.6,85.9795918367329,18.895,89968.5714285719
461.65,82.3846153846127,18.846923076923,90520.7692307695
461.7,79.1176470588208,18.7833333333332,91062.7450980398
461.75,75.3617021276557,18.6999999999999,91731.9148936177
461.8,71.3846153846098,18.6096153846152,92182.3076923082
461.85,67.3877551020395,18.5086538461538,92391.4285714286
461.9,63.2499999999988,18.3953846153846,92343.75
461.95,59.9807692307664,18.2559615384614,92205.7692307691
462,56.3599999999948,18.1197087378639,92093.9999999999
462.05,53.0588235294071,17.9934951456309,91943.5294117644
462.1,50.6938775510197,17.8865048543689,91475.1020408161
462.15,48.7058823529403,17.8670873786408,90858.8235294115
462.2,46.7199999999987,17.8535294117647,90236.7999999996
462.25,45.3599999999986,17.8829411764706,89581.1999999991
462.3,45,17.9149523809525,88943.1999999989
462.35,45,17.9768571428572,88328.1632653059
462.4,45.6470588235299,18.0387619047619,87835.2941176469
462.45,47.2307692307702,18.1059615384616,87403.0769230767
462.5,49.2500000000027,18.1732692307693,86879.9999999993
462.55,51.8461538461586,18.2673786407768,86331.5384615376
462.6,54.8750000000018,18.3644660194175,85763.7499999997
462.65,57.9200000000019,18.4582352941177,85242.7999999997
462.7,61.4615384615405,18.5513725490197,84793.0769230767
462.75,65.5000000000053,18.667087378641,84332.4999999994
462.8,69.4615384615448,18.7884466019419,83852.3076923069
462.85,73.4489795918374,18.9302884615386,83445.7142857142
462.9,77.4313725490207,19.0793269230771,83164.1176470588
462.95,81.5000000000024,19.1617307692308,83038.75
463,84.8461538461574,19.2098076923077,83087.6923076924
463.05,87.8750000000053,19.2328155339806,83311.2500000005
463.1,90.2549019607847,19.2376699029126,83620.7843137256
463.15,92.2653061224498,19.2125,83993.06122449
463.2,93.6153846153851,19.1596153846153,84496.9230769234
463.25,94.6000000000011,19.0998039215686,85104.0000000007
463.3,95,19.0311764705881,85751.8367346947
463.35,94.4038461538456,18.9707692307692,86399.4230769234
463.4,93.4081632653055,18.9226923076923,87102.040816327
463.45,91.8235294117633,18.8776923076923,87847.05882353
463.5,89.2599999999972,18.8392307692307,88612.4000000007
463.55,86.2244897959143,18.794854368932,89377.9591836745
463.6,83.2352941176449,18.7317475728155,90080.0000000005
463.65,79.6326530612218,18.668,90715.1020408167
463.7,75.6470588235265,18.6013333333333,91342.3529411769
463.75,71.6799999999963,18.5329411764705,91888.4000000004
463.8,67.6799999999963,18.4447058823528,92194.4000000002
463.85,63.6799999999982,18.3555339805825,92229.4
463.9,59.6799999999963,18.2438834951456,92130.3999999999
463.95,56.2599999999972,18.1322330097087,92033.5999999999
464,53.2244897959143,18.0538834951455,91940.8163265305
464.05,50.2352941176435,17.9762135922329,91570.5882352935
464.1,47.8846153846148,17.97,90971.9230769229
464.15,46.4374999999991,17.97,90319.9999999994
464.2,45.4313725490184,17.9984158415842,89704.5098039209
464.25,45,18.0330693069307,89095.7142857136
464.3,45.5800000000009,18.0742857142858,88493.5999999995
464.35,46.5576923076926,18.1171428571429,87982.3076923075
464.4,48.1250000000018,18.1973076923077,87471.8749999995
464.45,50.6730769230793,18.2934615384616,86949.9999999996
464.5,53.6530612244932,18.3786274509805,86416.9387755096
464.55,57.1960784313791,18.4570588235295,85873.5294117638
464.6,61.204081632655,18.5346153846154,85337.9591836732
464.65,65.0740740740766,18.6115384615385,84835.5555555552
464.7,69.0869565217445,18.6904761904763,84407.3913043473
464.75,73.1960784313767,18.7714285714287,83976.4705882348
464.8,77.03773584906,18.8497029702972,83571.509433962
464.85,81.0869565217396,18.9239603960397,83264.7826086956
464.9,85.2857142857169,18.9791346153846,83155.7142857143
464.95,88.1153846153862,19.0031730769231,83249.2307692309
465,90.6530612244932,19.0054368932038,83479.7959183677
465.05,93.0980392156896,18.9568932038834,83857.0588235302
465.1,94.5510204081638,18.9073076923077,84335.5102040819
465.15,95,18.8544230769231,84916.8627450984
465.2,95,18.8023076923077,85552.6923076927
465.25,94.4897959183664,18.7542307692307,86237.3469387762
465.3,92.9599999999975,18.7057281553397,86980.0000000009
465.35,90.4081632653048,18.6523300970874,87722.0408163269
465.4,87.3799999999978,18.598431372549,88475.8000000006
465.45,84.3799999999978,18.5199999999999,89202.6000000005
465.5,80.839999999997,18.4415686274509,89898.0000000005
465.55,76.8823529411725,18.3928846153845,90542.9411764712
465.6,59.0816326530477,18.3448076923077,91047.5510204083
465.65,45,18.28,91361.7647058826
465.7,45,18.2133333333332,91553.2000000002
465.75,45,18.0639999999998,91672.4489795919
465.8,45,17.8939999999998,91766.0377358492
465.85,45,17.6523076923076,91648.5714285713
465.9,45,17.3926923076921,91184.2857142852
465.95,45,17.1039999999997,90629.9999999994
466,45,16.8039999999997,90051.2244897951
466.05,45,16.4985294117643,89444.0816326522
466.1,45,16.1897058823527,88853.2
466.15,45,15.8629126213589,88299.8039215685
466.2,45,15.5231067961161,87849.9999999998
466.25,45,15.1874999999995,87394.9999999994
466.3,45,14.8557692307686,86849.999999999
466.35,45,14.5303846153844,86305.2941176466
466.4,45,14.2130769230767,85780.5882352937
466.45,45,13.8952941176468,85292.9999999996
466.5,45,13.5766666666663,84824.6938775504
466.55,45,13.2692307692303,84334.7999999995
466.6,45,12.9855769230767,83835.1020408162
466.65,45,12.7185714285712,83299.9999999997
466.7,45,12.5042857142855,82730.784313725
466.75,45,12.3054455445543,82189.9999999995
466.8,45,12.2014851485147,81665.5102040809
466.85,45,12.1036538461538,81114.9999999997
466.9,45,12.0507692307692,80570.769230769
466.95,45,11.9984466019417,80026.5306122445
467,45,11.9596116504854,79528.2352941171
467.05,45,11.9207766990291,79003.673469387
467.1,45,11.9057281553398,78396.7999999997
467.15,45,11.8911650485437,77831.5384615379
467.2,45,11.8768571428571,77259.5833333327
467.25,45,11.8625714285714,76672.3076923072
467.3,45,11.8399019607843,76104.0816326524
467.35,45,11.8153921568627,75523.1999999998
467.4,45,11.8025714285714,74952.9411764703
467.45,45,11.7930476190476,74402.7450980386
467.5,45,11.7833333333333,73888.7499999993
467.55,45,11.7735294117647,73473.5999999995
467.6,45,11.7607692307692,73165.7999999999
467.65,45,11.7463461538461,72925.2941176469
467.7,45,11.7453333333333,72729.6153846152
467.75,45,11.7548571428572,72588.6274509803
467.8,45,11.7531683168317,72509.5999999999
467.85,45,11.7383168316832,72429.6
467.9,45,11.73,72355.2173913043
467.95,45,11.73,72297.4509803921
468,45,11.7263461538461,72261.5384615384
468.05,45,11.7167307692308,72250
468.1,45,11.7070588235294,72237.8723404255
468.15,45,11.6972549019608,72220
468.2,45,11.6850476190476,72212.0833333333
468.25,45,11.666,72195.9615384615
468.3,45,11.6507692307692,72190
468.35,45,11.6555769230769,72190
468.4,45,11.6596078431373,72201.1764705883
468.45,45,11.6547058823529,72212.1739130435
468.5,45,11.6496153846154,72200
468.55,45,11.64,72216.170212766
468.6,45,11.6303846153846,72222.7450980392
468.65,45,11.63,72195.8
468.7,45,11.63,72181.7647058823
468.75,45,11.6171844660194,72166
468.8,45,11.6026213592233,72140.3921568627
468.85,45,11.5919607843137,72102.5490196078
468.9,45,11.5821568627451,72090
468.95,45,11.5762857142857,72097.7551020408
469,45,11.5715238095238,72098.2352941176
469.05,45,11.5832038834952,72083.8
469.1,45,11.6026213592233,72078.6
469.15,45,11.6070192307692,72060
469.2,45,11.6022115384615,72052.4
469.25,45,11.5920588235294,72028.6
469.3,45,11.5773529411764,72006.2
469.35,45,11.572427184466,71992.2448979592
469.4,45,11.5772815533981,71960.3921568627
469.45,45,11.58,71926.2
469.5,45,11.58,71920
469.55,45,11.5782524271845,71906.1224489795
469.6,45,11.5733980582524,71876.4
469.65,45,11.57,71881.0204081633
469.7,45,11.57,71900
469.75,45,11.5654716981132,71900
469.8,45,11.5466037735849,71906.8085106383
469.85,45,11.5294059405941,71905.9259259259
469.9,45,11.5244554455446,71880
469.95,45,11.5161904761904,71887.6
470,45,11.4780952380952,71892.4
470.05,45,11.4399999999998,71887.3076923077
470.1,45,11.2617821782178,71906.9387755102
470.15,45,11.0835643564356,71930.3846153846
470.2,45,10.7993203883493,71940.2040816326
470.25,45,10.512912621359,71913.0612244898
470.3,45,10.2578095238092,71882.3529411764
470.35,45,10.0054285714284,71846.6
470.4,45,9.76097087378616,71840
470.45,45,9.51825242718419,71833.0612244898
470.5,45,9.23126213592194,71809.4117647059
470.55,45,8.93029126213549,71783.4615384615
470.6,37.1874999999778,8.66163461538446,71770
470.65,19.319999999998,8.40682692307668,71770
470.7,17.3333333333311,8.17123809523784,71770
470.75,15.6923076923063,7.9474285714283,71760.7692307692
470.8,14.4042553191464,7.72415841584128,71701.2765957445
470.85,12.3333333333333,7.50138613861376,71510
470.9,10.6734693877546,7.27461538461521,71182.6530612243
470.95,9.3333333333311,7.04384615384589,70786.6666666662
471,7.67346938775378,6.81825242718416,70376.3265306117
471.05,6.34615384615137,6.59980582524238,69916.5384615378
471.1,4.70588235294059,6.39883495145622,69424.1176470585
471.15,3.70212765957406,6.22893203883483,68912.9787234041
471.2,2.37037037036877,6.06571428571417,68429.444444444
471.25,0.73999999999909,5.91809523809511,67936.9999999995
471.3,0,5.76862745098023,67352.9787234031
471.35,0,5.6117647058823,66649.9999999998
471.4,0,5.45923076923067,65902.9166666665
471.45,0,5.32942307692293,65169.5999999995
471.5,0,5.19873786407746,64494.9019607836
471.55,0,5.05796116504831,63909.4444444438
471.6,0,4.91749999999992,63292.5531914891
471.65,0,4.79249999999987,62643.0769230767
471.7,0,4.66749999999982,62032.4999999993
471.75,0,4.54249999999984,61384.9999999992
471.8,0,4.41749999999986,60762.3529411755
471.85,0,4.30903846153844,60158.9999999995
471.9,0,4.20326923076916,59576.9999999995
471.95,0,4.11049504950487,58991.9642857138
472,0,4.02138613861376,58448.9361702119
472.05,0,3.95295238095231,57842.1276595737
472.1,0,3.89104761904761,57278.4615384611
472.15,0,3.86029411764705,56734.0816326526
472.2,0,3.8455882352941,56173.1999999993
472.25,0.280000000001273,3.84584905660379,55627.1999999994
472.3,1.26923076923195,3.85528301886794,55109.2307692301
472.35,2.5,3.87201923076925,54592.5
472.4,4.28000000000045,3.89605769230772,54121.5999999998
472.45,5.53846153846389,3.92680000000005,53589.2307692301
472.5,7.25000000000118,3.96680000000005,53047.4999999994
472.55,8.53846153846389,4.00211538461543,52499.2307692301
472.6,10.25,4.03096153846156,51955
472.65,11.5283018867929,4.06815533980588,51415.2830188678
472.7,13.4400000000014,4.12155339805831,50923.3999999996
472.75,15.4583333333367,4.17750000000009,50393.1249999991
472.8,17.5000000000033,4.24000000000011,49869.9999999991
472.85,19.4583333333343,4.30862745098048,49369.9999999998
472.9,21.2653061224498,4.40176470588243,48891.2244897956
472.95,22.5384615384639,4.49631067961173,48506.5384615381
473,24.4897959183699,4.59825242718456,48218.7755102038
473.05,26.5098039215717,4.69961538461549,47981.5686274507
473.1,28.4897959183676,4.79576923076926,47820.4081632653
473.15,30.4905660377371,4.89228571428579,47750.1886792453
473.2,32.4166666666686,5.00657142857151,47724.1666666667
473.25,34.4897959183699,5.12085714285723,47754.6938775511
473.3,36.4905660377393,5.26529411764723,47829.4339622644
473.35,38.2040816326539,5.41235294117655,47948.5714285715
473.4,39.4400000000009,5.56372549019616,48099.6000000001
473.45,41.4400000000014,5.71568627450987,48281.8000000001
473.5,43.2115384615399,5.86679245283029,48482.884615385
473.55,44.3829787234071,6.01773584905674,48739.3617021281
473.6,46.2307692307694,6.18118811881189,49063.8461538462
473.65,47.2040816326539,6.3495049504951,49385.5102040819
473.7,48.4489795918379,6.54666666666682,49765.3061224492
473.75,50.2264150943407,6.75619047619076,50155.0943396231
473.8,51.1914893617035,6.98705882352979,50568.0851063836
473.85,52,7.23215686274517,51027.6923076924
473.9,52.1960784313735,7.46776699029134,51421.9607843142
473.95,53.1800000000014,7.6959223300972,51933.6000000007
474,54,7.93142857142878,52459.0000000008
474.05,54.1836734693893,8.17428571428607,53014.6938775519
474.1,55,8.41803921568643,53607.0833333339
474.15,55,8.6631372549021,54233.5294117653
474.2,55,8.87417475728164,54836.9811320758
474.25,55,9.02466019417486,55459.2000000006
474.3,55,9.1415384615385,56090.0000000013
474.35,54.8039215686267,9.18000000000001,56771.3725490201
474.4,54,9.20788461538461,57427.0000000003
474.45,53.8124999999985,9.19826923076922,58093.125000001
474.5,52.7843137254888,9.18660194174754,58827.4509803932
474.55,51.8039215686265,9.16233009708735,59572.5490196087
474.6,50.8199999999998,9.13809523809523,60452.8000000002
474.65,49.8199999999995,9.1142857142857,61412.8000000004
474.7,48.8199999999986,9.09047619047618,62380.0000000014
474.75,47.6399999999972,8.98431372549009,63369.2000000013
474.8,45.8199999999986,8.87647058823514,64303.8000000013
474.85,44.6399999999995,8.69095238095231,65221.0000000002
474.9,42.8199999999996,8.50047619047611,66165.6000000004
474.95,41.6399999999972,8.26611650485424,67071.2000000012
475,39.6399999999972,8.02339805825226,67905.8000000011
475.05,37.6470588235265,7.77499999999973,68688.2352941186
475.1,35.6666666666651,7.5249999999999,69310.0000000003
475.15,33.6153846153829,7.30346153846137,69694.6153846155
475.2,31.6734693877534,7.09192307692283,69840
475.25,29.6470588235265,6.88088235294092,69808.2352941174
475.3,27.6799999999963,6.67009803921544,69616.7999999995
475.35,25.6799999999985,6.49056603773582,69351.5999999998
475.4,23.6799999999985,6.33018867924521,69087.5999999997
475.45,21.6734693877534,6.17574257425732,68693.0612244894
475.5,19.6538461538435,6.02722772277214,68268.6538461532
475.55,17.7199999999976,5.87077669902894,67811.3999999994
475.6,15.7142857142854,5.70572815533979,67299.9999999999
475.65,13.6799999999985,5.54740384615379,66639.9999999995
475.7,11.8399999999993,5.39836538461528,65897.9999999995
475.75,10.6799999999982,5.2607692307691,65194.7999999993
475.8,8.67999999999627,5.14538461538444,64482.7999999988
475.85,6.84313725490117,5.02904761904754,63813.3333333328
475.9,5.71428571428339,4.90999999999992,63147.1428571421
475.95,3.84313725490117,4.78980582524262,62489.6078431367
476,2.72549019607594,4.6635922330096,61866.2745098032
476.05,0.877551020406506,4.53861386138602,61265.306122448
476.1,0,4.42475247524751,60644.9019607842
476.15,0,4.31276190476187,60037.7551020404
476.2,0,4.22228571428562,59442.9999999993
476.25,0,4.13180952380938,58887.3999999993
476.3,0,4.02911764705867,58304.6153846147
476.35,0,3.9261764705882,57760.8163265306
476.4,0,3.84317307692302,57174.1176470585
476.45,0,3.76144230769222,56624.1176470582
476.5,0,3.66568627450971,56064.2857142849
476.55,0,3.56764705882344,55498.1132075466
476.6,0,3.49971698113208,54977.0212765956
476.65,0,3.43839622641508,54407.0588235289
476.7,0,3.40627450980391,53877.5999999998
476.75,0,3.38666666666664,53348.4313725483
476.8,0,3.36718446601939,52827.5999999995
476.85,0,3.34776699029125,52286.3265306118
476.9,0,3.34,51737.1999999999
476.95,0.166666666667456,3.34,51315.8333333331
477,2.11538461538525,3.3497087378641,50766.5384615381
477.05,3.15686274510105,3.36912621359226,50239.2156862737
477.1,5.06250000000089,3.39725490196082,49728.7499999996
477.15,6.19230769230963,3.43647058823532,49213.8461538457
477.2,8.12244897959363,3.47764705882357,48747.5510204077
477.25,10.160000000003,3.52176470588241,48210.7999999993
477.3,12.0784313725505,3.56371428571435,47723.1372549013
477.35,13.1250000000018,3.60180952380955,47259.3749999996
477.4,15.2941176470616,3.64262135922333,46753.921568627
477.45,18.1481481481489,3.69116504854373,46295.9259259258
477.5,20.0000000000025,3.7455339805826,45869.9999999995
477.55,22.160000000003,3.82320388349523,45476.7999999996
477.6,24.1568627450988,3.90223300970875,45192.7450980391
477.65,26.1200000000017,3.98961165048546,44978.5999999998
477.7,28.1176470588252,4.07538461538464,44792.3529411764
477.75,30.0833333333361,4.14269230769236,44666.6666666666
477.8,32.2352941176516,4.21000000000011,44588.431372549
477.85,35.1250000000018,4.31096153846158,44571.875
477.9,37.1960784313744,4.41192307692315,44609.8039215687
477.95,39.0784313725494,4.51825242718456,44710.1960784314
478,40.1224489795936,4.62504854368943,44839.7959183675
478.05,42.1568627451011,4.74436893203898,45007.2549019611
478.1,44.1200000000017,4.86572815533983,45222.6000000002
478.15,46.0566037735857,4.98708737864082,45435.2830188681
478.2,47.0000000000024,5.10844660194181,45690.0000000004
478.25,49.0588235294126,5.25135922330113,46017.6470588238
478.3,50.040816326532,5.40184466019444,46314.2857142862
478.35,51.0566037735857,5.54714285714298,46669.811320755
478.4,52.0000000000012,5.69000000000013,47000.0000000004
478.45,53.0576923076931,5.83401869158892,47333.0769230772
478.5,54,5.97887850467303,47718.7234042556
478.55,54.0784313725505,6.13857142857163,48151.3725490202
478.6,55,6.31714285714298,48547.0000000004
478.65,55,6.51846153846176,48996.6037735853
478.7,55,6.74442307692325,49440.0000000006
478.75,55,6.95884615384632,49949.2307692314
478.8,54.9999999999988,7.15596153846178,50430.0000000007
478.85,54,7.32047619047622,51012.4000000001
478.9,53.9591836734692,7.41571428571432,51572.8571428573
478.95,52.9433962264143,7.49544554455447,52142.2641509439
479,51.9999999999988,7.520198019802,52680.0000000007
479.05,50.9622641509421,7.53611650485435,53334.150943397
479.1,50.0188679245279,7.5166990291262,53937.9245283022
479.15,48.9215686274506,7.49057692307684,54595.8823529413
479.2,46.9799999999993,7.42326923076916,55242.2000000004
479.25,45.9622641509421,7.35221153846143,55852.2641509438
479.3,44.0754716981114,7.22240384615369,56465.4716981138
479.35,41.9230769230765,7.09259615384609,57205.7692307694
479.4,39.9999999999977,6.9686666666666,57850.0000000008
479.45,37.9607843137242,6.84485714285707,58554.7058823534
479.5,35.9999999999977,6.68919999999982,59290.000000001
479.55,33.9599999999964,6.52919999999973,60188.2000000016
479.6,31.9615384615372,6.37590476190466,61098.2692307698
479.65,30.0384615384606,6.2235238095237,62011.7307692312
479.7,27.9999999999966,6.08398058252416,62830.0000000007
479.75,24.9999999999977,5.94805825242705,63440.0000000005
479.8,22.9999999999977,5.7970588235292,63850.0000000002
479.85,21,5.64019607843127,64030
479.9,18.9999999999966,5.49519230769221,63919.9999999997
479.95,15.9999999999978,5.35576923076916,63639.9999999997
480,14.0392156862714,5.23592233009699,63345.8823529407
480.05,11.9999999999977,5.12912621359207,62909.9999999995
480.1,10,5.01249999999992,62490
480.15,7.99999999999773,4.88749999999994,62009.9999999994
480.2,5.99999999999889,4.77087378640769,61479.9999999995
480.25,5.01960784313568,4.66407766990276,60999.6078431365
480.3,2.99999999999777,4.55922330097068,60459.9999999994
480.35,1.03921568627359,4.45728155339797,59959.9999999998
480.4,0.0199999999995225,4.35114285714274,59410.9999999997
480.45,0,4.23685714285702,58909.9999999995
480.5,0,4.12529411764694,58379.9999999994
480.55,0,4.0223529411763,57860.3921568619
480.6,0,3.92285714285706,57359.9999999995
480.65,0,3.83714285714277,56811.020408163
480.7,0,3.75134615384606,56309.9999999993
480.75,0,3.66480769230757,55762.040816326
480.8,0,3.57891089108901,55220.8163265297
480.85,0,3.52445544554451,54739.2156862741
480.9,0,3.46999999999998,54202.3529411763
480.95,0,3.45543689320387,53690.9615384609
481,0,3.44087378640775,53141.0869565208
481.05,0,3.42657142857141,52620.784313725
481.1,0,3.41228571428571,52147.692307692
481.15,0,3.41,51631.9607843131
481.2,0.93750000000148,3.41,51073.7499999992
481.25,2.88000000000286,3.42893203883497,50551.1999999993
481.3,3.94000000000143,3.45320388349517,50040.5999999993
481.35,5.88000000000059,3.46333333333333,49530.5999999998
481.4,7.88000000000059,3.46796296296296,49001.7999999998
481.45,9.88000000000273,3.50111111111114,48537.5999999994
481.5,11.8431372549036,3.55666666666671,48150.5882352938
481.55,13.8400000000036,3.61590476190484,47669.1999999991
481.6,15.8039215686278,3.67780952380957,47179.0196078431
481.65,18.8125000000009,3.73796116504861,46698.7499999999
481.7,20.8800000000027,3.79621359223308,46246.9999999994
481.75,22.8431372549036,3.86534653465359,45832.9411764702
481.8,25.7600000000055,3.94950495049519,45542.3999999995
481.85,27.8039215686278,4.03076923076928,45303.5294117647
481.9,29.836734693879,4.10769230769234,45114.6938775509
481.95,32.7058823529447,4.18796116504859,44982.7450980391
482,34.8000000000025,4.27533980582535,44915.9999999999
482.05,36.8367346938813,4.36776699029145,44864.081632653
482.1,38.8039215686278,4.4745631067962,44887.0588235294
482.15,40.764705882354,4.58692307692319,44960.5882352942
482.2,42.8723404255349,4.72153846153856,45091.7021276598
482.25,44.8076923076947,4.85442307692315,45226.5384615386
482.3,46.8000000000025,4.9746153846155,45402.0000000002
482.35,48.764705882354,5.09500000000002,45605.2941176472
482.4,49.8979591836747,5.22000000000007,45872.4489795922
482.45,50.8823529411771,5.34500000000012,46138.2352941178
482.5,51.8627450980402,5.47831683168333,46463.3333333337
482.55,52.9148936170232,5.61198019801999,46830.2127659581
482.6,53.9019607843139,5.78269230769242,47175.6862745099
482.65,54.9000000000011,5.95576923076941,47561.0000000004
482.7,55,6.11911764705898,47960.0000000005
482.75,55,6.28088235294132,48414.0000000006
482.8,55,6.44150943396244,48892.0000000006
482.85,55,6.60188679245287,49354.0000000001
482.9,54.1346153846145,6.73235294117655,49850.0000000005
482.95,54,6.85000000000013,50385.833333334
483,53.1346153846143,6.92142857142863,50915.9615384621
483.05,52.1399999999989,6.96904761904768,51471.6000000006
483.1,51.1400000000001,6.99,52040.2
483.15,49.2448979591826,6.99,52646.5306122452
483.2,48.1372549019598,6.95142857142852,53142.7450980397
483.25,46.2448979591803,6.87999999999994,53771.6326530623
483.3,44.2399999999965,6.79941747572805,54413.2000000011
483.35,42.2399999999988,6.70718446601935,55053.2000000004
483.4,40.3076923076915,6.60019417475712,55696.9230769234
483.45,38.2499999999988,6.46912621359206,56377.5000000004
483.5,36.2399999999968,6.33846153846136,57049.6000000011
483.55,34.3076923076893,6.20865384615369,57696.9230769241
483.6,31.4799999999988,6.08230769230769,58404.8000000003
483.65,29.2857142857123,5.96692307692303,59128.5714285721
483.7,26.4705882352926,5.84825242718436,59929.803921569
483.75,24.2857142857123,5.71233009708726,60728.5714285722
483.8,21.4705882352898,5.5752941176469,61278.4313725498
483.85,19.2857142857143,5.42823529411759,61565.7142857143
483.9,16.4705882352931,5.2807692307691,61650.5882352941
483.95,14.3199999999992,5.12692307692289,61609.6
484,12.3199999999973,4.97307692307668,61490.7999999998
484.05,9.52941176470293,4.86058252427165,61280.5882352939
484.1,7.35999999999864,4.74893203883487,60993.9999999998
484.15,5.35999999999823,4.65596153846148,60652.9999999997
484.2,4.17999999999911,4.56461538461534,60270.1999999997
484.25,2.35999999999823,4.45529411764697,59863.7999999996
484.3,0.359999999998226,4.3425490196077,59404.5999999996
484.35,0,4.22769230769225,58927.0833333334
484.4,0,4.11230769230759,58447.1999999996
484.45,0,4.00660194174746,57983.0769230765
484.5,0,3.90466019417463,57481.6326530605
484.55,0,3.81971428571418,56979.9999999995
484.6,0,3.74352380952379,56496.0784313725
484.65,0,3.6798039215686,55942.8571428567
484.7,0,3.62588235294112,55502.352941176
484.75,0,3.59249999999998,54987.346938775
484.8,0,3.5780769230769,54471.7999999996
484.85,0,3.55942307692306,53945.8823529411
484.9,0,3.5353846153846,53424.3137254899
484.95,0,3.52,52872.2448979585
485,0,3.52,52319.1836734689
485.05,0.803921568628697,3.52923076923081,51793.9215686268
485.1,2.60000000000046,3.55807692307695,51281.9999999999
485.15,4.53846153846339,3.59018867924533,50787.6923076918
485.2,6.61702127659775,3.63264150943399,50241.4893617016
485.25,8.57692307692451,3.67480000000002,49737.8846153843
485.3,10.5600000000032,3.71480000000005,49216.5999999992
485.35,13.3400000000021,3.75685714285717,48686.5999999996
485.4,15.5600000000014,3.81400000000003,48211.1999999997
485.45,18.294117647062,3.87127450980396,47727.647058823
485.5,20.5200000000024,3.93500000000007,47245.1999999994
485.55,23.1923076923107,3.99872549019618,46837.6923076919
485.6,25.5,4.07538461538468,46482.5
485.65,28.3750000000006,4.15230769230779,46194.1666666666
485.7,31.3529411764724,4.22990291262147,45975.2941176469
485.75,33.5918367346964,4.3075728155341,45818.5714285713
485.8,35.5384615384639,4.4178640776701,45728.4615384614
485.85,38.2800000000001,4.53436893203891,45687.2
485.9,40.5200000000018,4.65558823529419,45687.6
485.95,42.5510204081649,4.77813725490203,45767.5510204082
486,44.5600000000014,4.87509259259265,45860.2000000001
486.05,46.5600000000032,4.96305555555563,45997.0000000002
486.1,48.5294117647063,5.08326732673266,46198.2352941177
486.15,49.7755102040822,5.22683168316834,46412.8571428573
486.2,51.5000000000011,5.37699029126224,46655.0000000001
486.25,52.7400000000014,5.53233009708759,46897.6000000003
486.3,53.7551020408176,5.68692307692333,47209.1836734698
486.35,54,5.84076923076928,47533.2
486.4,54.7450980392161,5.98912621359227,47900.5882352943
486.45,55,6.12990291262142,48277.5000000003
486.5,55,6.26588235294126,48690.0000000006
486.55,55,6.39333333333348,49064.2857142862
486.6,54.2790697674418,6.49828571428573,49546.0465116279
486.65,54,6.55542857142859,50017.777777778
486.7,53.2916666666657,6.60435643564357,50507.0833333338
486.75,51.559999999998,6.6241584158416,51010.0000000005
486.8,50.2499999999988,6.63523809523807,51555.0000000006
486.85,49.24,6.61142857142856,52108
486.9,47.5384615384601,6.58615384615381,52634.6153846158
486.95,45.6153846153829,6.54769230769228,53188.461538462
487,43.6122448979566,6.50843137254897,53779.3877551028
487.05,40.812499999995,6.42999999999991,54426.6666666677
487.1,38.519999999999,6.35156862745094,55051.4000000003
487.15,36.519999999999,6.25009708737858,55698.4000000003
487.2,33.9444444444415,6.14815533980575,56315.370370371
487.25,30.8478260869514,6.02171428571418,57007.8260869577
487.3,28.5490196078408,5.89314285714274,57693.3333333341
487.35,25.839999999998,5.76650485436889,58355.2000000005
487.4,22.7959183673449,5.64029126213579,59024.8979591841
487.45,20.5769230769208,5.50941176470574,59584.2307692314
487.5,17.8571428571394,5.37705882352928,60011.428571429
487.55,14.839999999997,5.25262135922317,60285.6000000002
487.6,12.5882352941173,5.13126213592232,60427.6470588236
487.65,10.6274509803908,5.01067307692303,60446.2745098039
487.7,7.95999999999754,4.89048076923068,60344.7999999999
487.75,5.69230769230492,4.76819047619036,60195.3846153844
487.8,3.66666666666272,4.64438095238083,59999.9999999996
487.85,1.61224489795819,4.5305882352941,59728.7755102039
487.9,0.299999999999659,4.42764705882347,59394.9999999999
487.95,0,4.31873786407756,59002.9999999995
488,0,4.20223300970861,58606.9999999994
488.05,0,4.09126213592221,58188.9999999994
488.1,0,3.98932038834949,57744.9999999998
488.15,0,3.9078095238095,57294.3137254899
488.2,0,3.86971428571424,56816.6666666661
488.25,0,3.83685714285712,56326.3461538456
488.3,0,3.8225714285714,55774.8888888883
488.35,0,3.80881188118811,55228.3999999996
488.4,0,3.7989108910891,54719.9999999996
488.45,0,3.79339805825246,54213.0612244892
488.5,0,3.82737864077674,53716.7307692301
488.55,0.673469387756878,3.86116504854373,53206.530612244
488.6,2.28301886792505,3.89029126213593,52719.2452830187
488.65,3.6458333333342,3.91941747572817,52197.7083333329
488.7,6.02040816326829,3.94333333333336,51666.5306122444
488.75,8.33333333333556,3.9671428571429,51159.9999999994
488.8,10.3469387755138,4.01313725490204,50619.5918367337
488.85,13.0000000000011,4.06215686274512,50113.3333333332
488.9,15.3200000000018,4.13524271844664,49600.1999999995
488.95,17.9411764705908,4.21291262135928,49096.4705882349
489,21.0000000000024,4.29314285714295,48599.9999999996
489.05,23.9245283018896,4.37409523809538,48183.3962264147
489.1,26.8599999999999,4.47000000000008,47835.4
489.15,29.3191489361713,4.57294117647066,47538.5106382977
489.2,32.0000000000033,4.68076923076933,47336.6666666665
489.25,34.9038461538496,4.79134615384629,47216.5384615384
489.3,37.2400000000022,4.90461538461557,47161.4
489.35,39.9375000000003,5.0200000000001,47169.375
489.4,42.2941176470597,5.14823529411779,47212.3529411765
489.45,44.2800000000013,5.29039215686288,47300.4000000001
489.5,46.2307692307716,5.43194174757295,47450.7692307694
489.55,48.2000000000032,5.57271844660209,47634.0000000003
489.6,50.2500000000012,5.72028846153849,47841.2500000001
489.65,51.6400000000006,5.87894230769239,48073.6000000002
489.7,52.6274509803931,6.0366019417477,48360.7843137258
489.75,53.6200000000011,6.19194174757297,48684.6000000004
489.8,54.5961538461548,6.3434615384617,49018.6538461542
489.85,55,6.48288461538467,49374.6000000002
489.9,55,6.61165048543695,49801.8750000005
489.95,55,6.68446601941754,50259.0000000005
490,54.3921568627437,6.75,50709.6078431379
490.05,53.3877551020395,6.75,51202.2448979599
490.1,52.3673469387751,6.74970873786407,51747.9591836737
490.15,51.3725490196069,6.73514563106795,52270.0000000005
490.2,50.3799999999989,6.72058252427183,52807.2000000006
490.25,48.7599999999978,6.6651428571428,53398.2000000007
490.3,46.7599999999978,6.60799999999994,54014.4000000007
490.35,44.8076923076913,6.51990196078428,54613.6538461542
490.4,42.2244897959164,6.42676470588228,55256.5306122453
490.45,39.7999999999991,6.32242718446591,55926.0000000003
490.5,37.1999999999966,6.21563106796104,56604.0000000008
490.55,34.2352941176435,6.09407766990275,57262.3529411772
490.6,31.2244897959178,5.96786407766987,57926.530612245
490.65,28.7999999999991,5.83825242718441,58608.0000000003
490.7,26.2352941176449,5.70718446601934,59327.05882353
490.75,23.2244897959143,5.58615384615375,60042.4489795928
490.8,20.2352941176435,5.47076923076909,60572.9411764711
490.85,17.2599999999986,5.34999999999994,60871.8000000001
490.9,14.2599999999972,5.22499999999989,61029.6000000001
490.95,11.8399999999981,5.09882352941164,61074.2
491,9.2599999999972,4.97137254901949,60977.1999999999
491.05,6.83999999999814,4.85390476190464,60788.1999999998
491.1,4.83999999999909,4.7491428571428,60531.7999999999
491.15,2.83999999999814,4.64166666666656,60206.9999999997
491.2,0.862745098036855,4.52892156862735,59832.5490196074
491.25,0,4.42028301886784,59414.2857142852
491.3,0,4.32122641509423,58986.3999999996
491.35,0,4.2186138613861,58543.1999999998
491.4,0,4.09980198019796,58083.6734693875
491.45,0,3.98999999999995,57605.8823529408
491.5,0,3.92749999999993,57115.7999999995
491.55,0,3.87,56625.5769230762
491.6,0,3.87,56135.2941176469
491.65,0,3.87,55629.3877551018
491.7,0,3.87,55091.8749999995
491.75,0,3.87,54552.9411764699
491.8,0.56000000000141,3.88794392523367,54028.7999999993
491.85,2.12000000000055,3.90663551401871,53531.1999999999
491.9,4.09803921568732,3.92230000000001,53039.9999999997
491.95,6.0800000000015,3.93730000000001,52545.3999999996
492,8.0800000000015,3.98378640776704,52039.1999999996
492.05,10.5882352941206,4.03718446601948,51540.5882352936
492.1,13.5600000000003,4.10428571428575,51044.8
492.15,16.5918367346952,4.17571428571436,50524.0816326528
492.2,19.6200000000022,4.23844660194183,50015.3999999996
492.25,22.5882352941206,4.2966990291263,49509.4117647054
492.3,25.6250000000041,4.3666019417477,49010.8333333327
492.35,28.6153846153851,4.44427184466025,48616.923076923
492.4,31.560000000002,4.54148514851495,48277.9999999998
492.45,34.3684210526347,4.65534653465359,48000.5263157892
492.5,37.3571428571463,4.76200000000013,47797.6190476189
492.55,40.0800000000027,4.86200000000013,47639.7999999998
492.6,42.5576923076942,4.97097087378644,47554.0384615384
492.65,45.041666666668,5.09233009708743,47540.4166666667
492.7,47.01886792453,5.21971428571438,47575.4716981133
492.75,48.9600000000021,5.3578095238097,47643.2000000001
492.8,50.480000000001,5.49950980392183,47762.0000000002
492.85,51.9795918367352,5.65147058823537,47933.0612244898
492.9,53.5000000000006,5.80384615384623,48150.0000000001
492.95,54.5000000000006,5.95769230769244,48415.0000000002
493,55,6.10480769230782,48707.0588235296
493.05,55,6.2105769230771,49023.4042553196
493.1,55,6.31441176470594,49365.2941176472
493.15,54.4799999999993,6.38794117647064,49738.0000000003
493.2,53.4901960784305,6.45980392156862,50144.1176470592
493.25,52.5283018867918,6.44999999999999,50566.9811320758
493.3,51.5510204081621,6.44019607843136,51034.489795919
493.35,50.0799999999992,6.42150943396225,51530.8000000002
493.4,48.0612244897945,6.40264150943394,52020.0000000003
493.45,46.0399999999979,6.34676190476184,52558.4000000006
493.5,43.5306122448938,6.28485714285707,53158.7755102049
493.55,41.0196078431345,6.19399999999988,53769.019607844
493.6,38.5306122448972,6.094,54383.6734693879
493.65,35.5576923076909,5.99692307692305,55007.6923076926
493.7,32.5624999999985,5.90076923076916,55656.2500000003
493.75,29.5294117647035,5.78580952380942,56328.4313725495
493.8,26.5599999999969,5.66199999999989,57006.0000000007
493.85,23.117647058823,5.53886792452831,57680.5882352942
493.9,19.6199999999988,5.41622641509431,58241.6000000002
493.95,16.6470588235276,5.30039215686268,58706.4705882356
494,13.624999999997,5.19254901960773,59130.416666667
494.05,11.0769230769202,5.07087378640757,59426.1538461542
494.1,8.65306122448781,4.93009708737858,59576.9387755103
494.15,6.09803921568509,4.80219999999995,59596.4705882353
494.2,3.67999999999741,4.69719999999995,59522.7999999999
494.25,1.10204081632416,4.59365384615378,59364.6938775508
494.3,0,4.49269230769221,59163.3999999997
494.35,0,4.38769230769228,58902.7999999999
494.4,0,4.27230769230762,58572.1568627449
494.45,0,4.16476190476183,58200.4081632648
494.5,0,4.08857142857135,57792.2448979587
494.55,0,4.01851485148513,57368.2352941171
494.6,0,4.00366336633663,56930.9615384614
494.65,0,3.99,56469.9999999998
494.7,0,3.99,55969.9999999995
494.75,0,3.99038095238097,55482.3529411757
494.8,0,4.0094285714286,54991.6666666657
494.85,0.84615384615536,4.0284761904762,54471.5384615381
494.9,2.83333333333491,4.061568627451,53943.3333333329
494.95,4.84615384615536,4.0958823529412,53411.5384615381
495,7.25000000000237,4.13384615384619,52879.1666666662
495.05,10.294117647062,4.17230769230774,52341.3725490191
495.1,13.2857142857158,4.24274509803926,51829.9999999998
495.15,16.294117647062,4.32117647058832,51321.3725490191
495.2,19.2857142857178,4.39115384615392,50788.5714285708
495.25,22.2452830188707,4.4584615384616,50272.4528301882
495.3,25.5833333333385,4.53884615384625,49782.0833333327
495.35,29.2352941176482,4.62538461538464,49311.1764705881
495.4,32.2244897959213,4.71943396226421,48959.7959183671
495.45,35.260000000004,4.81849056603783,48690.7999999997
495.5,38.2352941176516,4.92760000000013,48474.1176470586
495.55,41.2244897959233,5.04760000000013,48339.1836734692
495.6,43.8076923076934,5.17058252427188,48263.8461538461
495.65,46.1400000000035,5.29679611650497,48262.8000000001
495.7,48.7755102040836,5.4300000000002,48323.2653061225
495.75,50.4081632653071,5.57285714285735,48413.0612244899
495.8,51.8235294117677,5.7201960784316,48551.7647058826
495.85,53.4081632653066,5.87705882352944,48729.7959183675
495.9,54.4038461538467,6.02262135922334,48965.0000000001
495.95,55,6.13912621359235,49228.5714285717
496,55,6.24815533980596,49525.4901960787
496.05,55,6.33067961165063,49854.1176470593
496.1,54.6326530612237,6.40077669902913,50219.591836735
496.15,53.6122448979582,6.40563106796117,50622.8571428576
496.2,52.2156862745081,6.40619047619044,51048.6274509808
496.25,50.6199999999988,6.3680952380952,51473.4000000005
496.3,49.2399999999977,6.32999999999992,51930.0000000006
496.35,46.8599999999986,6.26333333333329,52445.2000000002
496.4,44.2244897959164,6.19666666666659,52985.5102040822
496.45,41.8235294117622,6.10980198019789,53541.3725490201
496.5,38.8599999999965,6.02069306930678,54112.8000000006
496.55,35.8367346938732,5.91174757281533,54688.7755102049
496.6,32.8461538461521,5.80009708737854,55284.6153846157
496.65,29.5306122448949,5.69409523809514,55895.1020408168
496.7,25.8599999999965,5.58933333333323,56550.8000000008
496.75,22.4799999999954,5.48235294117633,57195.6000000007
496.8,18.903846153843,5.37450980392137,57784.615384616
496.85,16.0192307692303,5.25904761904752,58290.3846153847
496.9,13.0425531914871,5.13999999999989,58698.936170213
496.95,9.8979591836712,5.02745098039206,58972.448979592
497,6.92452830188321,4.91960784313717,59105.0943396227
497.05,4.35999999999709,4.8076923076922,59140.4
497.1,2.33333333333254,4.69230769230767,59086.6666666666
497.15,0.647058823528756,4.58355769230764,58956.4705882352
497.2,0,4.48259615384606,58775.8490566036
497.25,0,4.38647058823519,58540.444444444
497.3,0,4.29823529411756,58203.0769230766
497.35,0,4.22528846153846,57863.9999999999
497.4,0,4.18201923076922,57447.3469387751
497.45,0,4.14509433962263,57004.7058823527
497.5,0,4.12622641509432,56572.8846153842
497.55,0,4.11140000000001,56134.4230769226
497.6,0,4.12140000000001,55675.6521739127
497.65,0.340000000000978,4.13660377358496,55200.1999999995
497.7,1.68000000000196,4.1837735849057,54716.5999999995
497.75,3.68000000000196,4.23108910891093,54216.7999999995
497.8,6.00000000000334,4.28554455445549,53729.9999999994
497.85,8.96000000000095,4.34,53220.3999999998
497.9,11.9411764705896,4.39238095238098,52703.1372549017
497.95,15.2244897959224,4.44476190476197,52194.6938775505
498,18.923076923081,4.53019801980211,51653.8461538454
498.05,22.1200000000051,4.61930693069322,51125.9999999993
498.1,25.8076923076934,4.71800000000006,50600.769230769
498.15,29.021276595749,4.81800000000007,50140.212765957
498.2,32.8653846153868,4.93087378640786,49733.4615384613
498.25,35.8297872340453,5.04737864077681,49453.6170212764
498.3,38.941176470593,5.1647058823531,49232.9411764704
498.35,41.8823529411782,5.28235294117655,49112.3529411764
498.4,44.8571428571439,5.40500000000009,49064.2857142857
498.45,47.6122448979612,5.53000000000007,49050
498.5,49.6153846153873,5.66737864077683,49074.6153846155
498.55,51.2857142857158,5.81300970873809,49167.142857143
498.6,52.6122448979605,5.96048076923087,49318.1632653062
498.65,54.2962962962968,6.1095192307693,49521.1111111112
498.7,55,6.22538461538466,49758.9361702131
498.75,55,6.30230769230776,50044.0000000002
498.8,55,6.36106796116508,50334.1176470591
498.85,54.7199999999999,6.39019417475729,50666.4000000001
498.9,53.7199999999995,6.41,51057.6000000002
498.95,52.4615384615361,6.41,51478.4615384621
499,50.4893617021255,6.39611650485433,51920.0000000005
499.05,48.4117647058805,6.34271844660186,52411.1764705887
499.1,46.1764705882345,6.28557692307686,52895.4901960786
499.15,43.2199999999982,6.21346153846149,53420.4000000003
499.2,40.1874999999979,6.14192307692304,53977.0833333337
499.25,37.1509433962239,6.07461538461532,54566.981132076
499.3,34.0399999999956,6.00549019607828,55138.8000000007
499.35,30.2653061224486,5.89274509803914,55759.3877551021
499.4,26.9599999999975,5.77999999999985,56381.2000000004
499.45,23.2040816326506,5.64915887850453,57009.7959183679
499.5,19.8799999999949,5.51831775700921,57664.8000000008
499.55,16.1764705882312,5.39356435643549,58288.2352941184
499.6,12.9387755102021,5.26980198019797,58786.1224489798
499.65,9.15999999999864,5.15117647058814,59152.8000000001
499.7,6.45098039215472,5.03352941176456,59392.1568627453
499.75,4.21999999999727,4.91291262135904,59535.2
499.8,1.4799999999965,4.79155339805806,59523.9999999998
499.85,0,4.68599999999994,59408.3999999999
499.9,0,4.58599999999994,59224.9999999998
499.95,0,4.50029126213587,58966.0784313723
500,0,4.42262135922323,58687.5999999997
500.05,0,4.36264150943391,58405.9999999996
500.1,0,4.3154716981132,58046.9387755102
500.15,0,4.29,57658.039215686
500.2,0,4.29,57254.3999999995
500.25,0,4.30480769230773,56809.5999999995
500.3,0.240000000001091,4.33846153846159,56339.9999999995
500.35,1.47058823529425,4.37069306930695,55844.7058823529
500.4,3.67346938775688,4.40039603960398,55357.7551020405
500.45,6.66666666666947,4.43634615384621,54856.6666666662
500.5,9.51063829787512,4.48442307692315,54378.29787234
500.55,12.8979591836794,4.53766990291274,53865.5102040809
500.6,16.7058823529414,4.60563106796122,53345.294117647
500.65,19.8627450980413,4.67730769230777,52825.6862745095
500.7,23.8000000000036,4.76384615384621,52307.9999999995
500.75,27.625000000003,4.8522330097088,51789.5833333328
500.8,30.941176470593,4.95417475728169,51254.7058823524
500.85,34.6346153846165,5.05699029126223,50797.4999999999
500.9,37.7200000000018,5.17349514563118,50437.7999999999
500.95,41.5510204081672,5.29000000000014,50165.1020408161
501,44.3921568627471,5.41735849056622,49984.5098039214
501.05,46.5400000000042,5.54471698113229,49872.7999999999
501.1,49.3600000000005,5.67423076923083,49836.4
501.15,51.3673469387763,5.80403846153849,49831.0204081633
501.2,53.2000000000009,5.92108910891094,49904.0000000001
501.25,54.1960784313735,6.03495049504958,50033.3333333335
501.3,55,6.10165048543696,50214.0816326534
501.35,55,6.15504854368936,50464.0000000002
501.4,54.8039215686265,6.16300970873785,50740.7843137258
501.45,53.8199999999986,6.15330097087377,51053.0000000005
501.5,52.8124999999985,6.13096153846151,51409.3750000005
501.55,51.5769230769201,6.10211538461536,51779.8076923082
501.6,49.4374999999991,6.05133333333332,52122.5000000001
501.65,46.5769230769219,5.98466666666662,52577.307692308
501.7,44.4599999999958,5.89588235294106,53026.4000000007
501.75,41.2653061224437,5.78313725490186,53517.3469387762
501.8,37.4339622641482,5.66873786407753,54050.0000000005
501.85,34.4285714285708,5.55223300970865,54560.0000000001
501.9,30.5199999999978,5.43757281553385,55134.4000000004
501.95,27.3469387755068,5.32592233009694,55729.5918367352
502,23.2799999999945,5.21893203883481,56351.6000000009
502.05,19.2941176470531,5.12184466019402,56953.5294117655
502.1,15.5294117647035,5.019708737864,57452.7450980395
502.15,12.4285714285668,4.90320388349505,57824.285714286
502.2,8.51999999999782,4.78523809523798,58057.2000000001
502.25,5.52941176470352,4.66142857142845,58207.8431372549
502.3,2.71428571428306,4.5406862745097,58245.7142857142
502.35,0.846153846153173,4.44754901960781,58199.9999999999
502.4,0,4.35775700934576,58063.7499999999
502.45,0,4.32037383177567,57836.7999999998
502.5,0,4.28299065420558,57555.0980392154
502.55,0,4.2617821782178,57205.7142857138
502.6,0,4.2419801980198,56815.3846153843
502.65,0,4.25714285714287,56407.4999999998
502.7,0,4.2761904761905,55973.8461538459
502.75,0,4.30376237623767,55560.3846153843
502.8,0.0833333333349123,4.33346534653471,55141.6666666659
502.85,1.36734693877743,4.37750000000003,54655.102040816
502.9,4.40384615384956,4.42557692307694,54122.6923076917
502.95,7.29411764706197,4.48117647058827,53642.9411764701
503,10.3404255319212,4.54000000000007,53166.5957446801
503.05,14.4200000000036,4.62226415094354,52641.1999999995
503.1,17.5600000000009,4.71660377358496,52207.1999999999
503.15,21.5384615384661,4.810792079208,51689.9999999994
503.2,25.4081632653101,4.90485148514862,51189.9999999995
503.25,29.4444444444468,5.003009708738,50703.3333333331
503.3,33.170212765963,5.10495145631083,50315.957446808
503.35,37.3061224489795,5.22029126213598,49976.5306122449
503.4,40.3600000000016,5.35135922330105,49753.1999999999
503.45,43.3272727272742,5.48192307692318,49619.0909090909
503.5,46.0652173913065,5.61173076923093,49529.7826086956
503.55,49.2040816326553,5.73883495145649,49524.0816326531
503.6,51.244897959185,5.86019417475734,49572.2448979593
503.65,53.1320754716991,5.96980952380957,49678.4905660379
503.7,54.0816326530616,6.04600000000005,49816.3265306123
503.75,55,6.11310679611652,50024.5098039218
503.8,55,6.13252427184468,50276.6666666672
503.85,54.8867924528296,6.14803921568628,50609.6226415096
503.9,53.9387755102033,6.12843137254901,50943.8775510207
503.95,52.8367346938767,6.10660377358486,51342.6530612247
504,50.6999999999969,6.04999999999994,51755.0000000005
504.05,47.8076923076902,5.99339622641501,52206.1538461544
504.1,45.8163265306098,5.93415841584155,52669.3877551024
504.15,42.6981132075457,5.87475247524748,53160.7547169813
504.2,38.9361702127638,5.77711538461527,53671.9148936174
504.25,35.6734693877491,5.6761538461537,54267.3469387764
504.3,31.6153846153803,5.5621359223299,54854.8076923083
504.35,27.7499999999964,5.44563106796109,55406.8750000005
504.4,23.6153846153807,5.33291262135913,56018.6538461544
504.45,19.7735849056571,5.22126213592222,56603.3962264156
504.5,15.9999999999951,5.10692307692293,57160.0000000006
504.55,11.6734693877491,4.99153846153827,57687.7551020413
504.6,7.71153846153852,4.87076190476182,58016.3461538461
504.65,4.81999999999748,4.74695238095229,58179.0000000001
504.7,1.88235294117477,4.63176470588224,58320
504.75,0,4.52392156862729,58317.0833333332
504.8,0,4.44355769230761,58236.9230769228
504.85,0,4.39067307692306,58071.25
504.9,0,4.35184466019417,57849.2307692306
504.95,0,4.33242718446601,57586.6666666662
505,0,4.32349514563108,57252.3076923072
505.05,0,4.33320388349516,56903.9215686269
505.1,0,4.34735294117649,56501.4285714283
505.15,0.0408163265308253,4.37186274509806,56071.6326530611
505.2,1.17647058823785,4.39962962962965,55611.7647058819
505.25,4.12500000000414,4.4366666666667,55139.9999999993
505.3,7.23076923077352,4.47643564356442,54642.307692307
505.35,10.1568627450988,4.54079207920793,54169.9999999999
505.4,14.0800000000026,4.60509803921571,53670.3999999997
505.45,18.0769230769257,4.66882352941182,53189.9999999997
505.5,21.9230769230831,4.73368932038847,52689.9999999992
505.55,26.1600000000053,4.82592233009722,52139.1999999993
505.6,30.1568627450988,4.91815533980587,51620.7843137254
505.65,34.081632653064,5.02466019417482,51141.4285714283
505.7,38.1538461538512,5.13145631067969,50717.3076923073
505.75,42.0000000000036,5.26504854368944,50399.9999999997
505.8,45.1176470588275,5.40097087378655,50164.5098039214
505.85,48.0612244897979,5.5192307692308,50028.3673469387
505.9,51.0392156862747,5.63461538461546,49948.8235294118
505.95,52.0400000000013,5.71300970873792,49920.6
506,54.020408163266,5.78097087378647,49952.6530612246
506.05,55,5.81714285714288,50086.2745098041
506.1,55,5.84095238095238,50243.9583333335
506.15,54.9433962264143,5.84088235294117,50441.886792453
506.2,53.9999999999977,5.82617647058822,50640.0000000003
506.25,51.9999999999977,5.79184466019413,50920.0000000004
506.3,49.9599999999964,5.74330097087373,51286.6000000006
506.35,47.9411764705863,5.6745631067961,51617.8431372552
506.4,44.9999999999965,5.58718446601939,52010.0000000005
506.45,41.9230769230743,5.49576923076918,52468.6538461541
506.5,38.0769230769169,5.39961538461529,52901.3461538468
506.55,34.1568627450942,5.30126213592221,53380.784313726
506.6,29.9215686274484,5.19932038834949,53961.1764705886
506.65,25.9999999999943,5.09737864077666,54520.0000000007
506.7,20.9999999999955,4.99543689320383,55120.0000000007
506.75,16.9999999999955,4.89669811320749,55690.0000000005
506.8,12.9999999999955,4.80707547169803,56170.0000000005
506.85,9.07843137254718,4.71249999999999,56562.1568627453
506.9,6.05999999999857,4.58749999999994,56883.6000000002
506.95,3.05999999999857,4.46519999999993,57037.0000000001
507,0.117647058820776,4.38519999999993,57097.6470588236
507.05,0,4.30857142857141,57039.9999999999
507.1,0,4.2847619047619,56941.9607843137
507.15,0,4.26095238095236,56719.9999999997
507.2,0,4.28769230769235,56494.5098039215
507.25,0,4.31653846153851,56205.7999999995
507.3,0,4.33725490196082,55856.9999999994
507.35,0,4.35686274509805,55506.9999999998
507.4,0,4.37631067961166,55088.3999999998
507.45,1.96000000000095,4.39572815533982,54687.9999999998
507.5,4.94000000000478,4.43750000000005,54248.7999999993
507.55,8.84313725490581,4.48557692307699,53807.6470588231
507.6,13,4.56057692307698,53310
507.65,16.7735849056614,4.64711538461547,52838.3018867923
507.7,20.7600000000055,4.72815533980592,52433.9999999995
507.75,24.7600000000057,4.80582524271855,51930.5999999993
507.8,29.7000000000072,4.89115384615399,51429.9999999993
507.85,33.8367346938813,4.98250000000008,50910.8163265301
507.9,37.8400000000038,5.09058252427199,50496.3999999996
507.95,41.9183673469408,5.21679611650501,50166.5306122447
508,44.8269230769271,5.34048076923092,49943.2692307689
508.05,47.8200000000043,5.46067307692321,49807.7999999998
508.1,50.877551020411,5.57029702970296,49742.4489795918
508.15,52.8823529411771,5.65940594059407,49740
508.2,53.9215686274517,5.72747663551403,49767.6470588236
508.25,54.9387755102055,5.75084112149535,49863.8775510206
508.3,55,5.76819999999999,50029.8000000002
508.35,54.0784313725483,5.7582,50233.5294117649
508.4,53.0612244897956,5.74057142857141,50475.3061224491
508.45,52.0599999999986,5.68819047619043,50790.8000000004
508.5,49.1799999999957,5.63456310679601,51129.6000000005
508.55,46.2352941176416,5.56660194174746,51500.1960784321
508.6,43.2399999999977,5.49805825242712,51916.4000000003
508.65,39.2448979591823,5.40097087378633,52372.448979592
508.7,35.2399999999945,5.30388349514554,52832.4000000006
508.75,31.3137254901928,5.19747572815522,53302.3529411769
508.8,26.3061224489725,5.09067961165035,53846.938775511
508.85,22.4528301886771,4.982358490566,54350.0000000003
508.9,17.4166666666627,4.87386792452823,54923.3333333338
508.95,13.3199999999969,4.77663366336625,55476.0000000004
509,9.39215686274038,4.68257425742564,55961.9607843143
509.05,6.24489795917799,4.59423076923064,56349.7959183681
509.1,2.3921568627444,4.50769230769225,56596.4705882353
509.15,0.23529411764601,4.46666666666665,56761.1764705883
509.2,0,4.4470588235294,56797.9591836735
509.25,0,4.42476190476188,56754.081632653
509.3,0,4.40095238095234,56608.4615384613
509.35,0,4.39,56405.1999999999
509.4,0,4.39,56159.9999999999
509.45,0,4.41619047619052,55856.470588235
509.5,0,4.4685714285715,55479.1304347821
509.55,0.849056603775001,4.51960784313734,55125.8490566032
509.6,3.57142857142857,4.56862745098042,54727.1428571429
509.65,7.37254901960915,4.62250000000004,54290.588235294
509.7,11.5744680851113,4.68500000000006,53835.7446808505
509.75,15.600000000005,4.75310679611661,53357.9999999994
509.8,19.4615384615427,4.83563106796129,52894.6153846149
509.85,24.4791666666672,4.91922330097091,52382.0833333333
509.9,28.3962264150957,5.00660194174763,51913.9622641508
509.95,33.1176470588275,5.09846153846163,51444.7058823526
510,37.416666666671,5.21384615384629,51026.8749999996
510.05,41.4400000000043,5.3298113207549,50711.9999999997
510.1,45.4399999999997,5.45245283018876,50489.4
510.15,48.5800000000027,5.57509433962276,50348.1999999999
510.2,50.7200000000021,5.66941176470596,50278.3999999999
510.25,52.6538461538479,5.76254901960792,50253.4615384615
510.3,53.8723404255336,5.81819047619054,50311.0638297874
510.35,54.8461538461543,5.87057142857147,50387.6923076923
510.4,55,5.88,50537.142857143
510.45,54.173076923076,5.88,50741.9230769233
510.5,52.326530612242,5.84019417475723,51005.9183673473
510.55,50.3529411764686,5.79165048543684,51305.2941176474
510.6,47.4897959183664,5.74679611650485,51627.7551020409
510.65,44.5294117647035,5.70310679611649,52009.4117647062
510.7,40.6530612244878,5.62999999999994,52439.7959183676
510.75,36.6399999999945,5.5442857142856,52820.8000000005
510.8,31.9615384615317,5.44009708737845,53251.5384615391
510.85,27.5957446808512,5.32359223300963,53774.0425531915
510.9,22.7843137254886,5.22326923076915,54296.8627450982
510.95,17.7142857142807,5.13673076923065,54860.0000000006
511,13.6274509803864,5.05203883495133,55429.019607844
511.05,9.57142857142393,4.96951456310665,55982.8571428578
511.1,5.62745098039085,4.88603773584899,56447.8431372551
511.15,2.47999999999877,4.80113207547161,56805.6000000001
511.2,0.352941176469015,4.72891089108906,57074.117647059
511.25,0,4.68930693069301,57210.2000000001
511.3,0,4.66619047619052,57254.6
511.35,0,4.69000000000002,57211.7647058823
511.4,0,4.71871287128717,57053.0612244897
511.45,0,4.77316831683174,56839.5999999998
511.5,0,4.82543689320393,56570.3999999997
511.55,0,4.86427184466025,56290.3999999997
511.6,2.36538461538607,4.90582524271847,55932.4999999998
511.65,6.18367346938908,4.97864077669907,55547.551020408
511.7,10.2653061224521,5.05184466019424,55127.1428571425
511.75,14.2156862745148,5.14407766990299,54688.2352941171
511.8,18.9215686274595,5.23631067961174,54239.2156862737
511.85,23.1836734693891,5.35885714285719,53757.9591836733
511.9,27.9215686274539,5.48266666666679,53283.5294117644
511.95,32.9000000000035,5.60539215686287,52821.1999999997
512,37.1836734693881,5.72794117647056,52425.5102040816
512.05,41.1372549019641,5.85152380952393,52122.5490196076
512.1,45.1200000000018,5.97533333333331,51911.7999999999
512.15,48.3400000000082,6.05941176470597,51768.5999999996
512.2,51.3400000000029,6.12803921568632,51700.9999999999
512.25,53.5600000000009,6.15,51744.6
512.3,54.780000000001,6.15,51830.2000000001
512.35,55,6.14711538461539,51993.2653061225
512.4,55,6.14230769230768,52225.9183673474
512.45,53.4230769230755,6.11425742574251,52482.8846153848
512.5,51.4705882352925,6.0647524752475,52800.0000000003
512.55,49.4166666666615,6.00666666666655,53157.0833333342
512.6,45.8627450980359,5.93999999999996,53520.1960784317
512.65,41.8163265306026,5.85339805825218,53926.3265306132
512.7,37.7999999999982,5.7368932038833,54410.0000000002
512.75,33,5.62166666666658,54894
512.8,28.7999999999909,5.50892156862731,55414.0000000012
512.85,24.2962962962951,5.39886792452833,55934.8148148149
512.9,19.2499999999941,5.29509433962252,56522.5000000007
512.95,14.122448979589,5.18728155339801,57143.0612244901
513,9.94117647058509,5.06106796116506,57670.0000000004
513.05,6.07692307691467,4.93930693069292,58060.3846153854
513.1,2.06122448979668,4.85019801980191,58321.6326530612
513.15,0.274509803919908,4.76711538461532,58481.5686274512
513.2,0,4.73826923076921,58534.693877551
513.25,0,4.71019047619047,58481.9607843137
513.3,0,4.71971428571429,58379.1836734692
513.35,0,4.72923809523809,58206.1111111109
513.4,0,4.74786407766993,57950.4255319143
513.45,0,4.76728155339808,57614.9999999996
513.5,0.76000000000091,4.79922330097089,57241.1999999997
513.55,3.92307692308533,4.83320388349523,56843.076923076
513.6,7.76923076923413,4.89098039215692,56432.3076923073
513.65,11.893617021284,4.95470588235303,55952.7659574459
513.7,16.6274509803924,5.04961904761906,55457.2549019608
513.75,21.6734693877511,5.15438095238085,54982.0408163269
513.8,26.6274509804005,5.25794117647064,54497.25490196
513.85,31.6734693877542,5.36088235294116,54066.1224489797
513.9,36.7000000000068,5.47750000000021,53582.5999999993
513.95,40.8461538461554,5.60250000000018,53108.4615384614
514,44.9166666666639,5.6963461538462,52692.9166666669
514.05,48.1764705882403,5.76365384615395,52357.8431372544
514.1,51.1600000000006,5.8111650485437,52104.4
514.15,53.4117647058866,5.83543689320395,51955.2941176468
514.2,54.714285714286,5.85388349514565,51905.7142857143
514.25,55,5.86359223300971,51914.1176470588
514.3,54.2857142857123,5.85866666666663,51998.5714285716
514.35,53.2941176470583,5.82533333333334,52142.9411764707
514.4,51.6792452830157,5.78455445544547,52335.2830188683
514.45,48.9999999999976,5.72019801980196,52570.0000000002
514.5,45.2244897959178,5.6500952380953,52865.1020408164
514.55,41.1999999999973,5.559619047619,53191.0000000002
514.6,36.7592592592606,5.46588235294124,53549.2592592591
514.65,31.6304347825971,5.34823529411752,53993.2608695663
514.7,26.5686274509754,5.23269230769227,54469.4117647064
514.75,21.4583333333343,5.14134615384613,54974.1666666666
514.8,16.4705882352915,5.0499999999998,55487.0588235297
514.85,11.5686274509789,4.96346153846146,56003.7254901962
514.9,7.27999999999527,4.87692307692291,56455.6000000005
514.95,3.27999999999818,4.80866666666661,56828.0000000002
515,0.63999999999909,4.74200000000002,57103.2000000001
515.05,0,4.70949999999998,57234.4000000001
515.1,0,4.68450000000001,57246.4
515.15,0,4.68,57200.7692307691
515.2,0,4.68,57084.6808510638
515.25,0,4.70134615384617,56902.7450980392
515.3,0,4.73019230769235,56653.3333333329
515.35,1.37500000000059,4.78805825242723,56339.9999999999
515.4,4.01923076923468,4.86087378640795,56031.3461538457
515.45,8.30000000000455,4.93903846153858,55679.1999999997
515.5,12.6938775510229,5.02076923076925,55280.6122448977
515.55,17.2692307692396,5.11352941176486,54855.7692307684
515.6,22.7647058823543,5.21647058823538,54411.3725490195
515.65,28.1632653061303,5.32592233009732,53936.3265306115
515.7,33.3333333333373,5.44242718446607,53459.9999999996
515.75,38.3333333333296,5.54634615384611,53010.0000000003
515.8,42.5384615384673,5.63288461538475,52593.4615384609
515.85,46.5306122448983,5.71640776699036,52269.1836734694
515.9,49.9591836734727,5.79407766990303,52045.9183673467
515.95,52.3469387755114,5.85,51892.4489795918
516,54.3600000000009,5.85,51795.6
516.05,55,5.84514563106791,51789.2452830189
516.1,55,5.82087378640776,51850.612244898
516.15,53.7692307692271,5.79259615384608,51972.307692308
516.2,51.7755102040804,5.73971153846148,52158.5714285716
516.25,49.1020408163288,5.68533980582518,52410.8163265304
516.3,45.4901960784249,5.6076699029125,52691.9607843142
516.35,41.4693877551017,5.53,53040.4081632653
516.4,36.7999999999932,5.41942307692285,53423.2000000005
516.45,31.7999999999932,5.30884615384595,53841.6000000006
516.5,26.1600000000005,5.21514563106792,54313.5999999999
516.55,20.7999999999932,5.12291262135912,54810.0000000007
516.6,15.8000000000005,5.02233009708733,55329.2
516.65,10.7999999999932,4.92038834951432,55833.6000000007
516.7,6.43999999999454,4.84615384615376,56285.2000000006
516.75,2.53846153845952,4.77884615384616,56661.5384615386
516.8,0.399999999999091,4.75300970873785,56944.0000000002
516.85,0,4.74330097087378,57112
516.9,0,4.74640776699031,57153.75
516.95,0,4.75611650485437,57131.1764705882
517,0,4.77747572815533,57039.4000000001
517.05,0,4.80660194174762,56859.7999999996
517.1,0.620000000000409,4.84621359223304,56618.7999999999
517.15,2.82352941177087,4.89475728155346,56325.4901960778
517.2,6.40000000000364,4.95200000000003,55983.9999999997
517.25,11,5.0186666666667,55606
517.3,15.9411764705941,5.09320388349533,55226.4705882348
517.35,21.6249999999994,5.1805825242719,54816.25
517.4,27.0392156862848,5.28078431372569,54358.2352941167
517.45,32.529411764713,5.40823529411777,53899.4117647053
517.5,37.9591836734703,5.51884615384616,53425.9183673469
517.55,42.4000000000036,5.58615384615392,52971.9999999996
517.6,46.4,5.64485436893204,52578
517.65,49.7307692307735,5.66912621359227,52297.3076923074
517.7,52.1428571428585,5.69067307692308,52108.5714285713
517.75,54.1600000000009,5.69548076923077,51987.8
517.8,55,5.69742857142854,51938.1632653061
517.85,54.4,5.65457142857144,51978
517.9,53.3999999999977,5.61171428571425,52088.0000000003
517.95,51.2692307692265,5.52771428571421,52243.8461538464
518,47.7142857142831,5.44199999999992,52445.7142857144
518.05,43.6799999999944,5.34059405940569,52708.2000000004
518.1,39.0999999999977,5.23663366336618,53004.0000000001
518.15,34.099999999993,5.15067961165029,53327.2000000005
518.2,29.1568627450945,5.06815533980576,53703.1372549022
518.25,23.7692307692298,4.98117647058824,54133.076923077
518.3,18.2340425531858,4.89294117647045,54621.0638297878
518.35,12.7169811320757,4.84126213592232,55113.5849056604
518.4,7.78723404254866,4.80242718446598,55572.3404255324
518.45,3.67999999999818,4.78346153846154,55905.0000000001
518.5,0.862745098040352,4.77384615384615,56157.8431372548
518.55,0,4.77,56329.2307692309
518.6,0,4.77,56390.8333333334
518.65,0,4.78960784313733,56361.5686274508
518.7,0,4.82882352941181,56245.294117647
518.75,0,4.87254901960787,56058.5714285716
518.8,0.529411764707456,4.92156862745109,55817.058823529
518.85,2.47169811321143,4.9883653846155,55542.8301886789
518.9,6.44680851065168,5.07971153846174,55218.7234042544
518.95,10.7333333333368,5.16942307692316,54894.3999999997
519,14.1999999999955,5.2559615384615,54604.0000000004
519.05,22.058823529417,5.34723809523816,54005.8823529408
519.1,28.0612244897945,5.45199999999995,53580.6122448981
519.15,33.6000000000091,5.55647058823538,53161.9999999993
519.2,38.5490196078475,5.6594117647059,52781.3725490193
519.25,43.5510204081621,5.75749999999997,52457.1428571429
519.3,48.039215686278,5.8200000000001,52212.9411764704
519.35,51,5.88,52035
519.4,53.0204081632695,5.88,51919.1836734692
519.45,54.5200000000006,5.88,51906
519.5,55,5.8564423076923,51986.0784313725
519.55,53.9795918367305,5.83240384615379,52121.6326530616
519.6,51.980392156861,5.78147058823526,52301.9607843139
519.65,48.9999999999909,5.72754901960778,52500.0000000005
519.7,44.9999999999955,5.64557692307686,52760.0000000004
519.75,40.5,5.55903846153842,53105
519.8,35.4999999999943,5.47563106796104,53485.0000000004
519.85,29.9387755102055,5.39310679611651,53924.8979591836
519.9,23.8799999999891,5.30009708737849,54399.2000000008
519.95,18.4999999999945,5.20300970873776,54870.0000000005
520,13,5.11971428571427,55335
520.05,7.91999999999272,5.0435238095237,55830.800000001
520.1,3.96078431372199,5.00192307692307,56329.6078431377
520.15,0.979591836730527,4.98749999999998,56728.3673469395
520.2,0,4.98,57020.0000000003
520.25,0,4.98,57208.8679245283
520.3,0,4.99752380952384,57293.6956521739
520.35,0,5.03561904761908,57270
520.4,0,5.07764705882365,57178.113207547
520.45,0.91666666666864,5.1266666666667,57046.6666666665
520.5,3.92000000000182,5.18019417475724,56820.7999999999
520.55,8.3076923077024,5.24330097087386,56526.9230769225
520.6,13.5882352941211,5.31676470588243,56217.6470588233
520.65,19.1875000000074,5.41970588235318,55846.2499999994
520.7,25.6800000000073,5.52304761904778,55425.9999999996
520.75,30,5.62780952380958,54998.4000000001
520.8,30,5.72941176470602,54550.961538461
520.85,30,5.80784313725499,54111.8749999994
520.9,30,5.88423076923091,53706.3461538452
520.95,30,5.93711538461545,53394.9999999996
521,30,5.99,53180.3846153846
521.05,30,6.02846153846158,53047.6923076922
521.1,30,6.06692307692306,52995.9574468085
521.15,30,6.1060784313726,53015.8823529413
521.2,30,6.14529411764708,53117.0212765959
521.25,30,6.17095238095237,53276.9811320755
521.3,30,6.19476190476192,53470.8000000004
521.35,30,6.2,53728.1250000004
521.4,30,6.2,54030.3846153855
521.45,30,6.21048543689322,54391.4285714292
521.5,30,6.22504854368931,54769.6000000001
521.55,30,6.2364077669903,55175.5102040822
521.6,30,6.24611650485437,55656.4705882353
521.65,30,6.25576923076924,56096.8627450987
521.7,30,6.26538461538462,56510.0000000007
521.75,30,6.27,56917.2000000001
521.8,30,6.27,57255.0980392161
521.85,30,6.2764077669903,57531.1764705885
521.9,30,6.29097087378643,57790.0000000005
521.95,30,6.3,58022.4000000003
522,30,6.3,58219.2000000001
522.05,30,6.29708737864076,58372.8000000002
522.1,30,6.2873786407767,58482.3076923078
522.15,30,6.2823076923077,58584.8979591839
522.2,30,6.29192307692309,58696.2000000001
522.25,30,6.3,58793.6
522.3,30,6.3,58868.8235294118
522.35,30,6.29883495145632,58922
522.4,30,6.28912621359222,58951.7647058824
522.45,30,6.28057142857144,58981.6326530612
522.5,30,6.29009523809524,59008
522.55,30,6.29961904761906,59032
522.6,30,6.28588235294117,59046
522.65,30,6.27117647058821,59040
522.7,30,6.27,59040
522.75,30,6.27,59032.1568627451
522.8,30,6.27411764705883,59020
522.85,30,6.27901960784314,59020
522.9,30,6.28754716981134,59027.8431372549
522.95,30,6.29698113207548,59040
523,30,6.3,59054.4
523.05,30,6.3,59080
523.1,30,6.29048076923077,59087.6
523.15,30,6.27605769230768,59100
523.2,30,6.26447619047619,59100
523.25,30,6.25495238095238,59088.2352941176
523.3,30,6.25,59070
523.35,30,6.25,59058.3673469388
523.4,30,6.25663461538465,59024.3137254901
523.45,30,6.27105769230771,59007.1698113208
523.5,30,6.28365384615385,59020
523.55,30,6.29326923076924,59012.8
523.6,30,6.30145631067961,58996.4
523.65,30,6.30631067961166,58971.6326530611
523.7,30,6.31,58929.0384615384
523.75,30,6.31,58910
523.8,30,6.30740384615384,58913.2608695652
523.85,30,6.29298076923077,58920
523.9,30,6.27951923076922,58916.6
523.95,30,6.27471153846153,58910
524,30,6.26980582524272,58910
524.05,30,6.26009708737863,58903.6
524.1,30,6.25038834951455,58896.5306122449
524.15,30,6.25,58910
524.2,30,6.25,58913.2
524.25,30,6.25851485148515,58920
524.3,30,6.26841584158417,58916.8
524.35,30,6.28223300970875,58903.4693877551
524.4,30,6.2967961165049,58886.7307692308
524.45,30,6.3,58880
524.5,30,6.3,58873.6
524.55,30,6.3,58860
524.6,30,6.3,58860
524.65,30,6.3,58869.1836734695
524.7,30,6.3,58896.2745098039
524.75,30,6.29163461538462,58910
524.8,30,6.27721153846153,58920.0000000001
524.85,30,6.27,58940
524.9,30,6.27,58940
524.95,30,6.27,58956.3265306123
525,30,6.27,58980.1923076923
525.05,30,6.27,58954
525.1,30,6.27,58934
525.15,30,6.27135922330098,58917
525.2,30,6.27621359223301,58903.8775510204
525.25,30,6.28,58880.5882352941
525.3,30,6.28,58866
525.35,30,6.28,58868.4615384615
525.4,30,6.28,58837.4
525.45,30,6.28,58830
525.5,30,6.28,58832.9411764706
525.55,30,6.28132075471703,58837.1428571428
525.6,30,6.31433962264152,58830
525.65,30,6.3473584905661,58832.4528301887
525.7,30,6.36366336633665,58840
525.75,30,6.37851485148515,58840
525.8,30,6.37134615384614,58844.6808510639
525.85,30,6.36173076923077,58860
525.9,30.2884615384633,6.36,58860
525.95,31,6.36,58865.2
526,31,6.37514563106796,58880
526.05,31,6.39456310679615,58882.7450980392
526.1,31,6.41038461538463,58903.2653061225
526.15,31,6.42480769230772,58945.3846153847
526.2,31,6.44846153846155,58969.7959183674
526.25,31,6.47730769230767,59005.2
526.3,31,6.51133333333337,59032.2641509434
526.35,31.2173913043479,6.54942857142861,59072.1739130435
526.4,32,6.58578431372557,59098.4905660379
526.45,32,6.62009803921571,59174.2000000001
526.5,32,6.64611650485436,59273.75
526.55,32,6.6606796116505,59337.1698113208
526.6,32,6.68058823529414,59402.7659574468
526.65,32,6.71000000000007,59470.0000000002
526.7,32,6.73307692307694,59552.9166666668
526.75,32.2600000000003,6.74269230769231,59653.4
526.8,33,6.75342857142859,59740.3921568628
526.85,33,6.76771428571429,59824.4897959185
526.9,33,6.7868627450981,59914.4444444446
526.95,33,6.83588235294121,59967.5
527,33,6.88238095238095,60006.4705882353
527.05,33,6.9061904761905,60046.3265306124
527.1,33,6.93,60129.8
527.15,33,6.94485148514853,60225.8823529413
527.2,33.2,6.95970297029704,60342
527.25,34,6.98311320754716,60458
527.3,34,7.00669811320757,60601.2500000003
527.35,34,7.02264705882353,60748.2352941178
527.4,34,7.0373529411765,60866.9387755104
527.45,34,7.07184466019423,60980.7692307693
527.5,34,7.11067961165053,61072.4489795918
527.55,34,7.18942307692328,61186.9387755104
527.6,34,7.28076923076931,61300.7692307693
527.65,34.2000000000018,7.36333333333351,61386.0000000001
527.7,35,7.44176470588248,61472.4489795918
527.75,35,7.51571428571433,61585.8823529411
527.8,35,7.58714285714299,61698.0000000002
527.85,35,7.64076923076926,61789.6078431373
527.9,35,7.67923076923083,61881.0204081634
527.95,35,7.70884615384617,61952
528,35,7.72807692307693,62056
528.05,35.1960784313744,7.74760000000005,62135.68627451
528.1,36,7.76760000000002,62214.693877551
528.15,36,7.7909615384616,62296.0000000001
528.2,36,7.81980769230772,62385.4901960784
528.25,36,7.84707547169811,62513.4
528.3,36,7.87066037735852,62649.3877551021
528.35,36,7.89441176470589,62822
528.4,36,7.9189215686275,63044.0000000005
528.45,36,7.94543689320393,63320
528.5,36.1960784313722,7.98427184466018,63616.8627450979
528.55,37,8.02037735849057,63896.8000000001
528.6,37,8.02509433962264,64153.2000000001
528.65,37,8.02981132075472,64390.4081632658
528.7,37,8.04920000000002,64611.1764705883
528.75,37,8.06920000000002,64814.2
528.8,37,8.08864077669906,64997.0000000001
528.85,37,8.10805825242719,65140.7692307693
528.9,37.1428571428585,8.11,65257.142857143
528.95,38,8.11,65382.8571428573
529,38,8.12607843137256,65522.9411764706
529.05,38,8.14568627450982,65656.1224489797
529.1,38,8.18375000000001,65804.1176470588
529.15,38,8.22701923076933,65883.3333333334
529.2,38,8.25682692307696,65968.3333333334
529.25,38,8.28086538461539,66067.5
529.3,38,8.29894230769232,66133.0612244899
529.35,38.1764705882354,8.31336538461538,66212.3529411765
529.4,39,8.32,66277.843137255
529.45,39,8.32,66325.6
529.5,39,8.33201923076923,66371.1999999999
529.55,39,8.35605769230774,66449.8000000001
529.6,39,8.38647058823534,66517
529.65,39,8.42568627450986,66568.5714285715
529.7,39,8.45896226415095,66635.3846153847
529.75,39.1224489795913,8.4825471698113,66727.3469387755
529.8,40,8.50764705882355,66790.9803921569
529.85,40,8.53705882352941,66867.3469387755
529.9,40,8.57078431372557,66929.8000000001
529.95,40,8.61980392156868,67001.8867924529
530,40,8.66951923076924,67085.8333333334
530.05,40,8.72240384615391,67160.8000000001
530.1,40,8.77528846153846,67246.1224489796
530.15,40,8.82817307692319,67299.4230769232
530.2,40.1,8.88048076923081,67366
530.25,41,8.90451923076924,67427.8431372549
530.3,41,8.92855769230773,67505.1063829788
530.35,41,8.94382352941178,67577.5000000001
530.4,41,8.95852941176474,67700.2040816329
530.45,41,8.96857142857144,67802.4528301888
530.5,41,8.97809523809524,67906.5217391305
530.55,41,9.00330097087382,68015.5555555557
530.6,41,9.032427184466,68127.3469387756
530.65,41.0800000000025,9.06564356435646,68247.2000000002
530.7,42,9.10029702970296,68335.3846153846
530.75,42,9.13057142857141,68403.4042553191
530.8,42,9.15914285714291,68487.8431372551
530.85,42,9.19106796116508,68566.4
530.9,42,9.22504854368938,68649.7959183676
530.95,42,9.25333333333334,68770
531,42,9.27714285714284,68865.7692307692
531.05,42.0600000000009,9.29683168316832,68924.8000000001
531.1,43,9.31168316831683,69003.125
531.15,43,9.32628571428573,69054.8076923078
531.2,43,9.34057142857145,69106.0000000001
531.25,43,9.36833333333337,69205.6250000001
531.3,43,9.42225490196085,69295.0000000001
531.35,43,9.47442307692308,69347.4074074074
531.4,43,9.5225000000001,69422.0000000002
531.45,43,9.56640776699034,69521.2765957448
531.5,43.0800000000003,9.59553398058252,69588.8
531.55,44,9.62307692307694,69700.4000000001
531.6,44,9.6423076923077,69830.4000000001
531.65,44,9.66039215686276,69958.1481481484
531.7,44,9.66529411764706,70060
531.75,44,9.67056074766354,70229.6000000001
531.8,44,9.68457943925235,70386.4705882354
531.85,44,9.69859813084112,70493.9215686276
531.9,44.0208333333352,9.71800000000002,70591.2500000001
531.95,45,9.738,70653
532,45,9.77428571428571,70704.8000000001
532.05,45,9.81238095238104,70785.8823529413
532.1,45,9.85137254901964,70881.568627451
532.15,45,9.89058823529417,70921.5686274511
532.2,45,9.9146153846154,71000
532.25,45,9.93384615384616,71081.4
532.3,45,9.9563461538462,71151.2765957448
532.35,45.0769230769234,9.98038461538463,71215.3846153846
532.4,46,9.98708737864077,71280.3921568628
532.45,46,9.98223300970873,71291.9607843139
532.5,46,9.9826213592233,71390
532.55,46,9.98747572815535,71440
532.6,46,10.0084615384616,71439.2156862745
532.65,46,10.0469230769232,71420.980392157
532.7,46,10.0855339805826,71470
532.75,46,10.1243689320388,71530
532.8,47,10.1632038834952,71644.6153846155
532.85,47,10.2020388349515,71760
532.9,47,10.2434615384617,71875.4901960786
532.95,47,10.2915384615385,72012.9411764708
533,47,10.3319417475728,72160
533.05,47,10.3416504854369,72271.7647058825
533.1,47,10.352718446602,72360
533.15,47,10.3721359223301,72461.5686274511
533.2,47,10.3926923076923,72540
533.25,48,10.4263461538462,72600
533.3,48,10.4600000000001,72671.0000000001
533.35,48,10.4845098039216,72721.1764705882
533.4,48,10.5090196078432,72780.0000000001
533.45,48,10.5458878504673,72838.8235294118
533.5,48,10.5832710280374,72890
533.55,48,10.6143564356436,72970
533.6,48,10.6440594059406,72989.2307692308
533.65,48,10.6692307692308,73078.1632653064
533.7,49,10.6932692307692,73130
533.75,49,10.7171428571428,73206.9230769232
533.8,49,10.7409523809524,73278.5714285715
533.85,49,10.7590291262136,73368.2
533.9,49,10.7735922330097,73497.4000000004
533.95,49,10.7966336633663,73578.4
534,49,10.8263366336634,73658.4
534.05,49.0000000000021,10.8451923076923,73720.0000000001
534.1,49.9433962264164,10.8548076923077,73786.0377358492
534.15,50,10.8665714285715,73845.2941176472
534.2,50,10.8808571428572,73951.2000000002
534.25,50,10.89,74055.8333333334
534.3,50,10.89,74117.6000000001
534.35,50,10.9037142857143,74188.5714285715
534.4,50,10.9418095238096,74297.8000000003
534.45,50,10.9838834951457,74357.6470588236
534.5,50,11.0372815533981,74438.3673469388
534.55,50.9800000000005,11.0867961165049,74567.4000000001
534.6,51,11.1207766990291,74617.1153846154
534.65,51,11.154077669903,74676.4000000001
534.7,51,11.1832038834952,74726.0784313726
534.75,51,11.2126923076923,74833.2653061224
534.8,51,11.2463461538462,74930.3846153848
534.85,51,11.28,75015.0000000001
534.9,51,11.3184615384616,75066.0784313726
534.95,51.9200000000018,11.3569230769231,75125.2000000001
535,52,11.36,75218.4615384616
535.05,52,11.36,75314.2553191491
535.1,52,11.3721698113208,75410.3846153846
535.15,52,11.386320754717,75448.125
535.2,52,11.4122,75549.4230769231
535.25,52,11.4422,75632
535.3,52,11.4676190476191,75733.7500000001
535.35,52,11.4914285714286,75767.1153846154
535.4,52.9000000000023,11.5219607843138,75815.0000000001
535.45,53,11.5562745098039,75913.7500000001
535.5,53,11.5786538461538,76019.4230769231
535.55,53,11.5930769230769,76075.918367347
535.6,53,11.622718446602,76153.6
535.65,53,11.6664077669904,76214.1176470589
535.7,53,11.7167961165049,76265.918367347
535.75,53,11.7750485436893,76324.1176470588
535.8,53.9000000000023,11.8158252427185,76402.0000000002
535.85,54,11.8303883495146,76437
535.9,54,11.8448113207547,76528.2352941179
535.95,54,11.8589622641509,76584.8979591837
536,54,11.8732038834951,76632.4528301886
536.05,54,11.8877669902913,76675
536.1,54,11.8976470588235,76751.8367346939
536.15,54,11.8829411764706,76796.0000000001
536.2,54,11.8694285714286,76854
536.25,54.9,11.8646666666667,76914
536.3,55,11.8602941176471,76964.1176470589
536.35,55,11.875,77059.7959183674
536.4,55,11.889705882353,77121.9230769232
536.45,55,11.9041346153846,77189.0196078432
536.5,55,11.9185576923077,77270
536.55,55,11.9467326732674,77360.8163265308
536.6,55,11.9764356435644,77456.5384615386
536.65,55,12.0009523809524,77538.8000000001
536.7,55.8958333333334,12.0247619047619,77558.9583333333
536.75,56,12.0414705882353,77602.4528301886
536.8,56,12.0561764705883,77627.5
536.85,56,12.0777884615385,77612.0408163265
536.9,56,12.101826923077,77627.3076923077
536.95,56,12.1414285714286,77612.8
537,56,12.1890476190476,77601.568627451
537.05,56,12.240495049505,77600
537.1,56.8510638297884,12.2949504950495,77600
537.15,57,12.3277142857143,77600
537.2,57,12.342,77600
537.25,57,12.3650980392157,77583.2
537.3,57,12.3994117647059,77605.2
537.35,57,12.4297087378641,77779.6153846154
537.4,57,12.4539805825243,77981.7021276598
537.45,57,12.4765384615385,78117.5000000002
537.5,57,12.4957692307692,78251.0416666668
537.55,57.8600000000012,12.5188349514563,78390.4000000002
537.6,58,12.5528155339806,78534.0384615384
537.65,58,12.5876190476191,78658.4000000002
537.7,58,12.6257142857143,78788.7755102043
537.75,58,12.6639215686274,78866.5384615385
537.8,58,12.703137254902,78944.0000000002
537.85,58,12.7408653846154,79046.274509804
537.9,58,12.7552884615385,79111.4893617022
537.95,58.8235294117664,12.7697115384615,79218.823529412
538,59,12.7985436893204,79271.5384615385
538.05,59,12.8276699029127,79311.2
538.1,59,12.8471962616823,79351.2
538.15,59,12.8658878504673,79367.9591836735
538.2,59,12.8818181818182,79458.0000000001
538.25,59,12.8969696969697,79558.4313725491
538.3,59,12.9076923076923,79645.0000000002
538.35,59,12.9173076923077,79709.2
538.4,59.8039215686296,12.9514563106797,79824.5098039218
538.45,60,12.995145631068,79904.9019607844
538.5,60,13.0414285714286,79952.5
538.55,60,13.0890476190477,79992.1568627452
538.6,60,13.1237254901961,80064
538.65,60,13.1482352941177,80112.0000000001
538.7,60,13.1625242718447,80151.3725490196
538.75,60,13.1673786407767,80191.8367346939
538.8,60.8000000000023,13.1856310679612,80216
538.85,61,13.2196116504854,80285.306122449
538.9,61,13.2514285714286,80316.0784313726
538.95,61,13.28,80320
539,61,13.3043269230769,80368.2352941177
539.05,61,13.31875,80419.2156862745
539.1,61,13.3408910891089,80501.6326530612
539.15,61,13.390396039604,80574.9019607845
539.2,61,13.4376923076923,80629.7959183674
539.25,61.8,13.4761538461538,80712
539.3,62,13.5146601941748,80786.0000000002
539.35,62,13.5534951456311,80864
539.4,62,13.5931428571429,80964.6153846155
539.45,62,13.6455238095239,81053.3333333333
539.5,62,13.6979047619048,81094
539.55,62,13.7326213592234,81123.5294117647
539.6,62,13.7666019417476,81192.4
539.65,62,13.7873076923077,81271.1764705883
539.7,62.7600000000009,13.8065384615385,81328
539.75,63,13.8384158415842,81416.0000000001
539.8,63,13.8730693069308,81508.4000000001
539.85,63,13.8992307692308,81603.0769230769
539.9,63,13.9232692307693,81690.0000000001
539.95,63,13.9614563106796,81746.5384615385
540,63,14.0051456310679,81803.2
540.05,63,14.0456310679612,81862.3529411765
540.1,63.6862745098042,14.0844660194175,81934.9019607843
540.15,64,14.111320754717,82043.2653061227
540.2,64,14.1301886792453,82109.1666666667
540.25,64,14.1469230769231,82210.7547169812
540.3,64,14.1613461538462,82307.8723404257
540.35,64,14.1719801980198,82404
540.4,64,14.1769306930693,82490.4081632654
540.45,64,14.1836538461538,82567.3584905661
540.5,64,14.1932692307692,82633.75
540.55,64.7400000000014,14.2028037383178,82709.2000000001
540.6,65,14.2121495327103,82802.5490196078
540.65,65,14.2223762376238,82886.4705882355
540.7,65,14.2372277227723,82945.7142857143
540.75,65,14.2541176470588,82981.6
540.8,65,14.2835294117647,83053.5294117648
540.85,65,14.3124509803922,83150
540.9,65,14.3369607843138,83215.7142857144
540.95,65.7346938775525,14.36,83230
541,66,14.36,83272.6923076923
541.05,66,14.36,83304
541.1,66,14.383786407767,83317.2916666667
541.15,66,14.4080582524272,83297.8
541.2,66,14.4232692307692,83290
541.25,66,14.4376923076923,83269
541.3,66,14.4803846153847,83260
541.35,66,14.5284615384616,83280.8163265306
541.4,66.7000000000023,14.5623529411765,83346.0000000002
541.45,67,14.5917647058824,83426.0000000001
541.5,67,14.624,83483.6538461538
541.55,67,14.6573333333334,83519.8
541.6,67,14.6880582524272,83563.6734693878
541.65,67,14.7171844660195,83632.3076923078
541.7,67,14.7515384615385,83714.4680851064
541.75,67,14.79,83817
541.8,67.7142857142877,14.8241176470589,83921.4285714288
541.85,68,14.8535294117647,83930
541.9,68,14.8742307692308,83972.2448979593
541.95,68,14.8838461538462,84055
542,68,14.9004854368932,84120.3846153846
542.05,68,14.9296116504855,84178.8235294118
542.1,68,14.9557692307692,84213.0612244898
542.15,68,14.975,84260.4081632654
542.2,68,14.9964705882353,84331.320754717
542.25,68.6595744680853,15.0258823529412,84412.7659574468
542.3,69,15.0561165048544,84505.3846153848
542.35,69,15.0900970873786,84606.6666666667
542.4,69,15.1222857142857,84666.6666666667
542.45,69,15.1413333333333,84706.9387755102
542.5,69,15.1606666666666,84739.2452830189
542.55,69,15.194,84768.2352941177
542.6,69,15.2273333333333,84791.7647058823
542.65,69,15.2523300970874,84869.3478260871
542.7,69.6600000000009,15.2766019417476,84949.6
542.75,70,15.3055445544554,84982.6923076923
542.8,70,15.3352475247525,85043.6538461539
542.85,70,15.3603883495146,85103.6734693878
542.9,70,15.3846601941748,85107.2340425532
542.95,70,15.39375,85150.7692307692
543,70,15.3985576923077,85216.4705882353
543.05,70,15.4169902912622,85252.5
543.1,70.6153846153851,15.4412621359223,85296.9230769231
543.15,71,15.4741509433963,85364.6808510639
543.2,71,15.5118867924528,85427.3584905661
543.25,71,15.5505940594059,85514.705882353
543.3,71,15.590198019802,85609.3617021278
543.35,71,15.6269902912621,85670.1886792453
543.4,71,15.6609708737865,85690
543.45,71,15.6905769230769,85733.7500000001
543.5,71,15.7146153846154,85797.6470588235
543.55,71.6326530612261,15.7368571428572,85857.9591836736
543.6,72,15.7559047619048,85929.2307692308
543.65,72,15.7800970873787,86021.2244897961
543.7,72,15.818932038835,86097.9591836736
543.75,72,15.8567961165049,86132.3076923077
543.8,72,15.8907766990292,86176.0000000001
543.85,72,15.923431372549,86223.5294117647
543.9,72,15.9479411764706,86263.2000000001
543.95,72.5800000000005,15.9729126213592,86320.6
544,73,16.0020388349514,86425.4000000001
544.05,73,16.0305769230769,86514.8000000001
544.1,73,16.045,86569
544.15,73,16.0594230769231,86653.8000000002
544.2,73,16.0976470588235,86729
544.25,73,16.136862745098,86779
544.3,73,16.1619047619048,86823.6734693878
544.35,73,16.1857142857143,86834
544.4,73.6000000000023,16.2099029126214,86860.0000000001
544.45,74,16.2341747572816,86903.5294117648
544.5,74,16.2619230769231,86931.3725490196
544.55,74,16.2907692307693,86951.4285714286
544.6,74,16.3166666666667,86983.2
544.65,74,16.3411764705883,87000
544.7,74,16.3652380952381,87000
544.75,74,16.3890476190476,87029
544.8,74.568627450982,16.4078640776699,87106.8627450982
544.85,75,16.422427184466,87195.7142857143
544.9,75,16.4463106796117,87276.4000000001
544.95,75,16.4802912621359,87327.4
545,75,16.5060576923077,87367.8846153846
545.05,75,16.5204807692308,87432.3529411766
545.1,75,16.5433333333334,87503.1914893618
545.15,75,16.5825490196079,87547.4
545.2,75,16.6171428571429,87604.6153846155
545.25,75.5625000000009,16.6409523809524,87696.2500000001
545.3,76,16.6629411764706,87774.1176470589
545.35,76,16.6776470588235,87845.7142857143
545.4,76,16.6946153846154,87907.3584905661
545.45,76,16.7234615384616,87973.3333333334
545.5,76,16.7538461538462,88010
545.55,76,16.8019230769231,88020.9803921569
545.6,76,16.85,88072.3529411765
545.65,76,16.8794117647059,88110
545.7,76.5384615384617,16.9088235294118,88126.1538461538
545.75,77,16.9557142857143,88166.5306122449
545.8,77,17.0033333333334,88222.4000000001
545.85,77,17.0433980582524,88266.2
545.9,77,17.0822330097088,88280
545.95,77,17.1280952380953,88317.0588235294
546,77,17.1757142857143,88417.5999999999
546.05,77,17.210792079208,88511.2000000001
546.1,77.5200000000006,17.240495049505,88592.0000000001
546.15,78,17.2661904761905,88671.2000000001
546.2,78,17.29,88710.1960784314
546.25,78,17.3167307692308,88761.6666666666
546.3,78,17.3455769230769,88842.3529411766
546.35,78,17.3649504950495,88901.2244897959
546.4,78,17.3748514851485,88947.0000000001
546.45,78,17.3984615384616,88996.4705882353
546.5,78,17.4369230769231,89060.7843137255
546.55,78.4807692307708,17.4715384615385,89138.4615384617
546.6,79,17.5003846153846,89208.1632653062
546.65,79,17.5309803921569,89275.7446808512
546.7,79,17.5652941176471,89315.0943396227
546.75,79,17.5967961165049,89338.8235294117
546.8,79,17.6210679611651,89388.1632653062
546.85,79,17.6484615384615,89444
546.9,79,17.6869230769231,89484.1176470589
546.95,79.4693877551028,17.7241176470589,89537.5510204082
547,80,17.7535294117647,89616.9230769231
547.05,80,17.7833653846155,89695.2000000001
547.1,80,17.8170192307693,89762.9166666667
547.15,80,17.850761904762,89827.6470588237
547.2,80,17.8888571428572,89874.6
547.25,80,17.9269523809524,89903.4693877551
547.3,80,17.9482178217822,89939.2307692308
547.35,80,17.9680198019802,89950
547.4,80.4400000000014,17.9873076923077,89963.2
547.45,81,18.0065384615385,89980
547.5,81,18.0020388349515,90004.4897959184
547.55,81,17.9923300970874,90068.4615384617
547.6,81,17.9971698113208,90132.5490196078
547.65,81,18.0066037735849,90173.75
547.7,81,18.0226732673268,90242.8
547.75,81,18.0424752475247,90328.2352941176
547.8,81.450980392158,18.0620388349515,90396.0784313726
547.85,82,18.0814563106796,90476.6666666667
547.9,82,18.1007692307693,90543.5294117648
547.95,82,18.12,90578.679245283
548,82,18.1415384615385,90602.5
548.05,82,18.1655769230769,90611.0204081632
548.1,82,18.1994174757281,90617.6923076923
548.15,82,18.2479611650486,90644.375
548.2,82,18.2882524271845,90663.5294117647
548.25,82.4400000000004,18.3125242718447,90688.8
548.3,83,18.3408737864079,90726.4000000001
548.35,83,18.3797087378641,90791.4285714287
548.4,83,18.4217475728156,90857.0588235296
548.45,83,18.475145631068,90890
548.5,83,18.5284615384616,90938.4
548.55,83,18.5813461538462,91008.9795918367
548.6,83,18.6307692307692,91047.0588235294
548.65,83,18.6403846153846,91102.4489795919
548.7,83.450980392158,18.65,91130
548.75,84,18.6647058823529,91151.1538461539
548.8,84,18.6794117647059,91224.0000000001
548.85,84,18.6890566037736,91310
548.9,84,18.6984905660377,91372.0000000002
548.95,84,18.7122330097088,91444.0000000001
549,84,18.7267961165049,91500
549.05,84,18.7338235294118,91542.2448979592
549.1,84.4038461538474,18.7387254901961,91576.1538461539
549.15,85,18.74,91600
549.2,85,18.74,91643.1372549021
549.25,85,18.74,91741.0204081633
549.3,85,18.74,91822.6530612247
549.35,85,18.7371153846154,91874.1176470588
549.4,85,18.7323076923077,91896.0000000001
549.45,85,18.7427450980393,91944.0000000001
549.5,85,18.7672549019608,91980
549.55,85.4000000000014,18.7938461538462,91988
549.6,86,18.8226923076923,91980
549.65,86,18.8609523809525,91962.0000000001
549.7,86,18.9133333333334,91980
549.75,86,18.9618811881188,91980
549.8,86,19.0014851485149,91971.923076923
549.85,86,19.0463106796117,91979.3877551021
549.9,86,19.1045631067962,92006.0784313725
549.95,86.3800000000005,19.1646666666668,92015.2
550,87,19.2313333333334,92059
550.05,87,19.2929126213593,92086.4150943396
550.1,87,19.3171844660194,92089.7959183674
550.15,87,19.3417142857143,92103.0612244898
550.2,87,19.3702857142857,92090
550.25,87,19.3988571428572,92090
550.3,87,19.4369230769232,92116.6000000001
550.35,87,19.4753846153846,92152.2448979592
550.4,87.3846153846171,19.510495049505,92128.4615384615
550.45,88,19.5451485148515,92139.3877551021
550.5,88,19.5706730769231,92301.7647058823
550.55,88,19.5947115384616,92583.4615384619
550.6,88,19.6114705882353,92810.1960784316
550.65,88,19.6261764705883,92926.25
550.7,88,19.6477884615385,92967.7551020409
550.75,88,19.6718269230769,93037.6470588235
550.8,88.3333333333348,19.6929411764706,93090.0000000001
550.85,89,19.7125490196078,93153.3333333334
550.9,89,19.7259615384616,93200
550.95,89,19.7355769230769,93213.0612244899
551,89,19.7554285714286,93253.6
551.05,89,19.7840000000001,93299.6153846154
551.1,89,19.821568627451,93355.9574468085
551.15,89,19.8705882352942,93407.6470588237
551.2,89,19.9097087378641,93466.6666666667
551.25,89.3265306122443,19.9339805825243,93513.4693877551
551.3,90,19.9532380952381,93517.0000000001
551.35,90,19.9627619047619,93594.2000000001
551.4,90,19.9770588235294,93700.4000000001
551.45,90,20.0064705882353,93777.4000000001
551.5,90,20.0358823529412,93866.3461538462
551.55,90,20.0652941176471,93900
551.6,90,20.0953333333334,93900
551.65,90,20.1286666666667,93918.4615384616
551.7,90.2857142857146,20.1631730769231,93988.5714285715
551.75,91,20.2160576923077,94066.25
551.8,91,20.2689423076923,94100.0000000001
551.85,91,20.2982692307692,94156.3265306123
551.9,91,20.3271153846154,94193.2075471698
551.95,91,20.3388235294118,94221.9607843138
552,91,20.3486274509804,94293.8297872341
552.05,91,20.3625242718447,94361.3725490197
552.1,91.2884615384618,20.3770873786408,94438.6538461539
552.15,92,20.4107692307693,94473.2653061226
552.2,92,20.4492307692308,94533.3333333334
552.25,92,20.484,94599.2307692308
552.3,92,20.5173333333334,94641.5384615386
552.35,92,20.5453465346535,94715.3191489362
552.4,92,20.5700990099011,94781.0000000001
552.45,92,20.5828571428572,94832.9411764706
552.5,92,20.5876190476191,94851.2
552.55,92.2800000000021,20.5948543689321,94896.8000000001
552.6,93,20.6045631067961,94940
552.65,93,20.6164705882353,94947.6470588236
552.7,93,20.6311764705882,94974.8979591837
552.75,93,20.64,95024.4897959185
552.8,93,20.64,95131.4285714286
552.85,93,20.6520754716982,95182.6415094339
552.9,93,20.6898113207548,95257.142857143
552.95,93.2653061224498,20.7249504950495,95310
553,94,20.749702970297,95312.7450980392
553.05,94,20.7752941176471,95317.4
553.1,94,20.8047058823529,95322.5
553.15,94,20.8320192307692,95385.7446808512
553.2,94,20.8464423076923,95499.6153846154
553.25,94,20.8614563106796,95592.2448979591
553.3,94,20.8857281553398,95632.5
553.35,94,20.91,95644.4
553.4,94.2291666666683,20.9427102803739,95664.5833333334
553.45,95,20.9754205607477,95669.8039215686
553.5,95,20.9972,95649.6
553.55,95,21.0172,95686.9230769231
553.6,95,21.0489423076923,95722.7659574468
553.65,95,21.0825961538462,95787.5000000002
553.7,95,21.1125000000001,95848.9795918368
553.75,95,21.1413461538462,95891.7647058823
553.8,95.2156862745112,21.173786407767,95947.2549019609
553.85,96,21.2077669902912,96016.1224489796
553.9,96,21.2384615384616,96061.5686274511
553.95,96,21.2673076923077,96146.25
554,96,21.2853846153846,96186.1538461538
554.05,96,21.295,96242.0408163265
554.1,96,21.3142574257426,96267.6
554.15,96,21.3439603960396,96347.9591836736
554.2,96,21.3756310679612,96426.8
554.25,96.2307692307686,21.4096116504854,96486.9230769231
554.3,97,21.4375471698114,96505.9183673469
554.35,97,21.4564150943396,96507.9591836734
554.4,97,21.4769306930694,96586.1538461539
554.45,97,21.5016831683169,96656
554.5,97,21.52625,96736
554.55,97,21.5502884615385,96800
554.6,97,21.5743689320388,96806.1224489796
554.65,97,21.5986407766991,96825.5102040816
554.7,97.2400000000008,21.6228037383178,96826.8000000001
554.75,98,21.6461682242991,96887.0588235294
554.8,98,21.6695327102804,96933.7254901962
554.85,98,21.6945,97024.081632653
554.9,98,21.7195000000001,97048.6274509804
554.95,98,21.7390291262136,97100
555,98,21.7584466019417,97186
555.05,98,21.7823300970874,97220.0000000001
555.1,98.204081632653,21.8066019417476,97266.1224489796
555.15,99,21.8181904761905,97287.8431372549
555.2,99,21.8277142857143,97286
555.25,99,21.8336893203883,97312
555.3,99,21.8385436893204,97329.8039215687
555.35,99,21.8367289719626,97379.1836734694
555.4,99,21.8320560747663,97426.0000000001
555.45,99,21.83,97463.4615384615
555.5,99,21.83,97530
555.55,99.1960784313744,21.8214705882353,97589.8039215687
555.6,100,21.8067647058824,97640.5882352941
555.65,100,21.7896153846154,97702.5490196079
555.7,100,21.7703846153846,97781.6666666668
555.75,100,21.7533653846154,97862.8571428572
555.8,100,21.7389423076923,97927.5471698114
555.85,100,21.7282075471698,97965.8333333334
555.9,100,21.7234905660377,97992.9411764705
555.95,100,21.7212871287129,97971.4285714286
556,99.8235294117646,21.7262376237624,98026.4705882353
556.05,99,21.73,98002.1568627451
556.1,99,21.73,97945.1923076922
556.15,99,21.7292307692308,97838.7755102038
556.2,99,21.7244230769231,97732.4999999999
556.25,99,21.7192233009709,97667.2
556.3,99,21.7095145631068,97587.4509803921
556.35,99,21.7001941747573,97508.3333333332
556.4,98.8301886792429,21.7099029126214,97426.4150943394
556.45,98,21.7196116504854,97344.7058823527
556.5,98,21.7017142857143,97227.9591836735
556.55,98,21.6826666666666,97208.7755102041
556.6,98,21.6674757281553,97190.1999999999
556.65,98,21.6529126213592,97132.8
556.7,98,21.6460396039604,97145.8
556.75,98,21.6410891089109,97113.137254902
556.8,97.8775510204064,21.632427184466,97067.5510204081
556.85,97,21.6227184466019,97045.8
556.9,97,21.6131428571428,97013.1372549019
556.95,97,21.603619047619,96970
557,97,21.6060194174757,96970
557.05,97,21.6157281553398,96962.9411764705
557.1,97,21.6145098039216,96904.8979591837
557.15,97,21.6047058823529,96856.4705882353
557.2,96.9,21.592427184466,96820
557.25,96,21.5778640776699,96727.0588235294
557.3,96,21.5634285714286,96692
557.35,96,21.5491428571428,96600
557.4,96,21.5365714285714,96596.4705882352
557.45,96,21.5270476190476,96562.1568627451
557.5,96,21.5187619047619,96487.5
557.55,96,21.514,96448.2352941175
557.6,95.9,21.5108,96352
557.65,95,21.5158,96271.9999999998
557.7,95,21.5192233009709,96191.1764705882
557.75,95,21.5143689320388,96106
557.8,95,21.5090476190476,96055.1020408163
557.85,95,21.4995238095238,95994.8979591837
557.9,95,21.49,95943.9999999999
557.95,95,21.49,95897.6
558,94.884615384616,21.49,95873.076923077
558.05,94,21.4757281553398,95816
558.1,94,21.4611650485437,95767.6470588235
558.15,94,21.4644230769231,95741.25
558.2,94,21.4692307692308,95756
558.25,94,21.4578846153846,95711.1764705883
558.3,94,21.4434615384615,95624.6153846153
558.35,94,21.4289320388349,95556.2499999999
558.4,93.9215686274484,21.4143689320388,95462.1568627448
558.45,93,21.41,95368.2
558.5,93,21.41,95341.2244897959
558.55,93,21.4007692307692,95356.923076923
558.6,93,21.3863461538461,95317.5999999999
558.65,93,21.38,95256.7346938774
558.7,93,21.38,95178.2
558.75,93,21.375,95147.0588235294
558.8,92.959183673468,21.3653846153846,95097.9591836734
558.85,92,21.36,95048.2352941176
558.9,92,21.36,95017.5999999999
558.95,92,21.36,94960
559,92,21.36,94960
559.05,92,21.3627722772277,94889.7916666666
559.1,92,21.3726732673267,94877
559.15,92,21.3775471698113,94828.3333333333
559.2,92,21.3681132075472,94800.5555555555
559.25,91,21.3579411764706,94725.6862745099
559.3,91,21.3432352941176,94618.9999999999
559.35,91,21.33,94569.4
559.4,91,21.33,94539.0196078431
559.45,91,21.3283018867924,94490
559.5,91,21.3,94458.3333333334
559.55,91,21.2716981132075,94378.8461538461
559.6,90.9795918367352,21.2746534653465,94360
559.65,90,21.279603960396,94360.7692307693
559.7,90,21.2888461538462,94380
559.75,90,21.2984615384615,94330.5882352941
559.8,90,21.292,94359.9999999999
559.85,90,21.2824761904762,94331.1538461538
559.9,90,21.261862745098,94348.9999999999
559.95,90,21.2373529411765,94298.3999999998
560,89.9807692307697,21.2266019417476,94218.8461538462
