Time,w_f_0,F_0,N1_0
0,0,1.8,33420
0.05,0,1.8,33420
0.1,0,1.79862745098039,33420.4
0.15,0,1.79372549019608,33440.2
0.2,0,1.79,33450
0.25,0,1.79,33450.4
0.3,0,1.79203883495146,33469.6
0.35,0,1.80660194174757,33450.4
0.4,0,1.82,33470
0.45,0,1.82,33470
0.5,0,1.82,33480
0.55,0,1.81019607843137,33479.8
0.6,0,1.80039215686274,33470.2
0.65,0,1.8,33480
0.7,0,1.8,33480
0.75,0,1.8,33480
0.8,0,1.8,33479.8
0.85,0,1.79607843137255,33470.2
0.9,0,1.79117647058824,33480
0.95,0,1.79,33480
1,0,1.79,33479.8
1.05,0,1.80009615384616,33470.2
1.1,0,1.81451923076923,33480
1.15,0,1.81409523809524,33480.4
1.2,0,1.80457142857143,33499.6
1.25,0,1.8,33480.4
1.3,0,1.8,33500
1.35,0,1.8,33499.6
1.4,0,1.8,33480.4
1.45,0,1.8,33499.6078431373
1.5,0,1.8,33480
1.55,0,1.8,33500.4
1.6,0,1.8,33519.6
1.65,0,1.80254901960784,33500
1.7,0,1.81235294117647,33500
1.75,0,1.82,33499.6
1.8,0,1.82,33480
1.85,0,1.81882352941176,33480
1.9,0,1.80901960784314,33480
1.95,0,1.8,33480
2,0,1.8,33480.4
2.05,0,1.8,33499.6
2.1,0,1.8,33480.4
2.15,0,1.8,33500
2.2,0,1.8,33500.4
2.25,0,1.8,33520
2.3,0,1.81264705882353,33520.2
2.35,0,1.82735294117647,33530
2.4,0,1.82601941747573,33530
2.45,0,1.82116504854369,33530
2.5,0,1.81269230769231,33530
2.55,0,1.80307692307692,33530
2.6,0,1.8,33550
2.65,0,1.8,33550
2.7,0,1.8,33550.2
2.75,0,1.8,33559.8
2.8,0,1.79740384615384,33550
2.85,0,1.79259615384615,33550.1960784314
2.9,0,1.79223300970874,33560
2.95,0,1.79708737864078,33550
3,0,1.80392156862745,33550
3.05,0,1.81372549019608,33550
3.1,0,1.82173076923077,33550
3.15,0,1.82653846153846,33550.2
3.2,0,1.82461538461539,33559.8
3.25,0,1.80538461538462,33550.2
3.3,0,1.79,33560
3.35,0,1.79,33560
3.4,0,1.78864077669903,33559.8
3.45,0,1.77893203883495,33550
3.5,0,1.77077669902913,33550
3.55,0,1.78048543689321,33550.2
3.6,0,1.79009708737864,33559.8
3.65,0,1.79495145631068,33550
3.7,0,1.79980582524272,33550
3.75,0,1.8,33549.6
3.8,0,1.8,33530
3.85,0,1.7959595959596,33530.4
3.9,0,1.79090909090909,33550.6
3.95,0,1.79,33579.6
4,0,1.79,33559.8
4.05,0,1.79352941176471,33550.2
4.1,0,1.79843137254902,33560
4.15,0,1.79009708737864,33559.8
4.2,0,1.77553398058252,33549.6
4.25,0,1.76409523809524,33530
4.3,0,1.75457142857143,33529.4
4.35,0,1.755,33500
4.4,0,1.76461538461539,33500
4.45,0,1.77435643564357,33500
4.5,0,1.78425742574257,33500.4
4.55,0,1.78596153846154,33519.6
4.6,0,1.77634615384615,33500
4.65,0,1.77,33500
4.7,0,1.77,33499.6
4.75,0,1.76714285714286,33479.8
4.8,0,1.75761904761905,33469.6
4.85,0,1.75194174757282,33449.8039215686
4.9,0,1.76165048543689,33440
4.95,0,1.76865384615385,33399.8
5,0,1.75903846153846,33389.4
5.05,0,1.75059405940594,33359.6226415094
5.1,0,1.76049504950495,33340.7547169811
5.15,0,1.77057692307693,33310
5.2,0,1.785,33310
5.25,0,1.79942307692308,33310
5.3,0,1.79533980582524,33290
5.35,0,1.7904854368932,33290
5.4,0,1.79,33289.8
5.45,0,1.79,33279.6
5.5,0,1.78219047619048,33259.6078431373
5.55,0,1.77266666666666,33240
5.6,0,1.76287128712871,33239.8039215686
5.65,0,1.7529702970297,33230
5.7,0,1.75673076923077,33230
5.75,0,1.76634615384615,33230
5.8,0,1.77,33230.2
5.85,0,1.77,33240
5.9,0,1.77,33239.8
5.95,0,1.77,33230
6,0,1.76533980582524,33229.6
6.05,0,1.75563106796116,33210.4
6.1,0,1.75,33229.6
6.15,0,1.75,33210
6.2,0,1.75333333333333,33210
6.25,0,1.76313725490196,33210
6.3,0,1.76711538461538,33210.4
6.35,0,1.7575,33230
6.4,0,1.74894230769231,33230
6.45,0,1.74413461538461,33230
6.5,0,1.74067961165049,33230.2
6.55,0,1.74553398058253,33240
6.6,0,1.75155339805825,33240
6.65,0,1.77097087378641,33239.8039215686
6.7,0,1.79,33230
6.75,0,1.79,33209.8
6.8,0,1.79,33200
6.85,0,1.79457142857143,33200
6.9,0,1.79933333333333,33200
6.95,0,1.78747572815534,33200
7,0,1.77291262135922,33200.2
7.05,0,1.76207920792079,33210
7.1,0,1.75217821782178,33210
7.15,0,1.75742857142857,33210
7.2,0,1.76695238095238,33210
7.25,0,1.77,33210
7.3,0,1.77,33210
7.35,0,1.77,33210
7.4,0,1.77,33210.6
7.45,0,1.77,33240
7.5,0,1.77,33240
7.55,0,1.76549019607843,33260
7.6,0,1.7556862745098,33259.6
7.65,0,1.75,33240
7.7,0,1.75,33239.8
7.75,0,1.74352380952381,33229.4
7.8,0,1.72447619047619,33199.6
7.85,0,1.71352941176471,33179.6
7.9,0,1.72823529411765,33160
7.95,0,1.74098039215686,33160
8,0,1.74588235294118,33160
8.05,0,1.74925925925926,33160.4
8.1,0,1.74462962962963,33180
8.15,0,1.74,33180.4
8.2,0,1.73,33200
8.25,0,1.72,33199.6078431373
8.3,0,1.72980392156863,33180
8.35,0,1.73960784313726,33199.6
8.4,0,1.74466019417476,33180
8.45,0,1.7495145631068,33179.6078431373
8.5,0,1.75865384615385,33160
8.55,0,1.76826923076923,33160
8.6,0,1.77,33160
8.65,0,1.77,33160
8.7,0,1.77,33150.1960784314
8.75,0,1.77,33160
8.8,0,1.76339805825243,33160
8.85,0,1.75368932038835,33160
8.9,0,1.75590476190476,33150
8.95,0,1.76542857142857,33150
9,0,1.77509803921569,33150
9.05,0,1.78490196078432,33149.6
9.1,0,1.79,33130
9.15,0,1.79,33129.8
9.2,0,1.78580952380952,33120.1960784314
9.25,0,1.77628571428571,33130
9.3,0,1.77,33120
9.35,0,1.77,33119.6
9.4,0,1.77,33100
9.45,0,1.77,33100.3921568627
9.5,0,1.77196078431373,33120
9.55,0,1.78176470588236,33120
9.6,0,1.79,33119.6078431373
9.65,0,1.79,33100
9.7,0,1.78941176470588,33079.8039215686
9.75,0,1.77960784313726,33070
9.8,0,1.76980769230769,33080.4
9.85,0,1.76019230769231,33100
9.9,0,1.75057692307692,33100
9.95,0,1.74548076923077,33100.4
10,0,1.74067307692308,33120
10.05,0,1.74417475728155,33120.6
10.1,0,1.74902912621359,33150
10.15,0,1.73823529411765,33150
10.2,0,1.72352941176471,33150.2
10.25,0,1.72730769230769,33160
10.3,0,1.73692307692308,33160
10.35,0,1.74326923076923,33160
10.4,0,1.74807692307692,33160
10.45,0,1.74705882352941,33160.4
10.5,0,1.7421568627451,33180.4
10.55,0,1.74815533980583,33200
10.6,0,1.76271844660194,33200
10.65,0,1.77480769230769,33200
10.7,0,1.78442307692308,33200
10.75,0,1.79,33200
10.8,0,1.79,33200
10.85,0,1.79,33199.6078431373
10.9,0,1.79,33180
10.95,0,1.78730769230769,33180
11,0,1.77769230769231,33180
11.05,0,1.76805825242718,33180.3921568627
11.1,0,1.75834951456311,33200
11.15,0,1.75,33200
11.2,0,1.75,33200
11.25,0,1.75096153846154,33199.6
11.3,0,1.76057692307692,33180.4
11.35,0,1.76980582524272,33200.2
11.4,0,1.76009708737864,33210
11.45,0,1.75038834951456,33210
11.5,0,1.75,33210.4
11.55,0,1.75,33229.6078431373
11.6,0,1.75854368932039,33210
11.65,0,1.76825242718447,33230
11.7,0,1.77,33230
11.75,0,1.77,33230
11.8,0,1.78067307692308,33230
11.85,0,1.79509615384615,33229.6
11.9,0,1.8,33210.6
11.95,0,1.8,33239.8
12,0,1.79699029126214,33230
12.05,0,1.7921359223301,33230.2
12.1,0,1.79,33240
12.15,0,1.79,33240
12.2,0,1.78067961165048,33240
12.25,0,1.76126213592233,33260
12.3,0,1.74798076923077,33240
12.35,0,1.74317307692308,33240
12.4,0,1.74165048543689,33230
12.45,0,1.74650485436893,33230
12.5,0,1.75266666666667,33230
12.55,0,1.76219047619048,33210
12.6,0,1.76823529411764,33210
12.65,0,1.75843137254902,33210.4
12.7,0,1.75137254901961,33230.6
12.75,0,1.76117647058824,33259.6
12.8,0,1.77,33240.8
12.85,0,1.77,33280
12.9,0,1.77,33280
12.95,0,1.76029126213592,33260.4
13,0,1.75058252427184,33279.6
13.05,0,1.76773584905661,33260
13.1,0,1.78660377358491,33260.4
13.15,0,1.7818,33279.6
13.2,0,1.7718,33259.6
13.25,0,1.78194174757282,33240.4
13.3,0,1.79650485436894,33259.6
13.35,0,1.8073786407767,33240
13.4,0,1.81708737864078,33240
13.45,0,1.81326923076923,33240
13.5,0,1.80365384615385,33240
13.55,0,1.79114285714285,33239.8
13.6,0,1.77685714285714,33230
13.65,0,1.77,33230
13.7,0,1.77,33230.2
13.75,0,1.76553398058252,33240
13.8,0,1.75582524271844,33240
13.85,0,1.75,33240
13.9,0,1.75,33260
13.95,0,1.75,33260.4
14,0,1.75,33280
14.05,0,1.75,33280
14.1,0,1.75,33280
14.15,0,1.7476,33280
14.2,0,1.7326,33289.4
14.25,0,1.72153846153846,33260.6
14.3,0,1.73115384615385,33290.3921568627
14.35,0,1.74194174757282,33310
14.4,0,1.76621359223301,33290
14.45,0,1.79,33290
14.5,0,1.79,33289.8039215686
14.55,0,1.79,33280
14.6,0,1.76718446601941,33310
14.65,0,1.74291262135922,33310
14.7,0,1.73145631067961,33310.2
14.75,0,1.72174757281553,33319.8
14.8,0,1.74786407766991,33310
14.85,0,1.78184466019418,33310.2
14.9,0,1.79368932038835,33320.4
14.95,0,1.79854368932039,33340
15,0,1.8,33339.6
15.05,0,1.8,33320
15.1,0,1.78523809523809,33320.4
15.15,0,1.76142857142857,33340
15.2,0,1.75504854368932,33340
15.25,0,1.7647572815534,33339.6
15.3,0,1.76549019607843,33320
15.35,0,1.7556862745098,33320
15.4,0,1.748,33320
15.45,0,1.74323809523809,33320
15.5,0,1.74,33320
15.55,0,1.74,33320
15.6,0,1.74,33319.8039215686
15.65,0,1.74,33310
15.7,0,1.74314285714286,33310
15.75,0,1.75742857142857,33310
15.8,0,1.77,33309.6
15.85,0,1.77,33290
15.9,0,1.77,33289.8
15.95,0,1.77,33279.6
16,0,1.77,33259.6
16.05,0,1.77,33240
16.1,0,1.77,33239.8
16.15,0,1.77,33230
16.2,0,1.77,33230
16.25,0,1.75752475247525,33230
16.3,0,1.74267326732673,33230
16.35,0,1.74398058252427,33229.6
16.4,0,1.74883495145631,33210.4
16.45,0,1.75,33229.6
16.5,0,1.75,33210
16.55,0,1.75,33210
16.6,0,1.75,33209.8
16.65,0,1.74698113207547,33200
16.7,0,1.7422641509434,33200.2
16.75,0,1.735,33209.8
16.8,0,1.72538461538461,33200.2
16.85,0,1.72,33210
16.9,0,1.72,33209.8
16.95,0,1.72403846153846,33200
17,0,1.73365384615385,33200
17.05,0,1.74165048543689,33199.6
17.1,0,1.74650485436893,33179.6
17.15,0,1.74865384615385,33159.8
17.2,0,1.74384615384615,33149.6
17.25,0,1.7380198019802,33130
17.3,0,1.72811881188118,33129.8039215686
17.35,0,1.72432692307693,33120
17.4,0,1.74836538461539,33120.2
17.45,0,1.77,33130
17.5,0,1.77,33130.4
17.55,0,1.76980582524272,33150
17.6,0,1.76009708737864,33150
17.65,0,1.75038834951456,33150.2
17.7,0,1.75,33159.8
17.75,0,1.75,33150
17.8,0,1.75843137254902,33150
17.85,0,1.76823529411765,33150
17.9,0,1.77,33150
17.95,0,1.77,33150
18,0,1.75922330097087,33150
18.05,0,1.74466019417475,33150
18.1,0,1.73339805825243,33160
18.15,0,1.72368932038835,33160.4
18.2,0,1.72596153846154,33180
18.25,0,1.73557692307692,33180
18.3,0,1.74,33180
18.35,0,1.74,33180
18.4,0,1.7422,33180
18.45,0,1.7472,33180
18.5,0,1.75,33179.6
18.55,0,1.75,33160
18.6,0,1.74819047619048,33160.4
18.65,0,1.74342857142857,33180
18.7,0,1.74135922330097,33180.4
18.75,0,1.74621359223301,33200
18.8,0,1.75211538461539,33200
18.85,0,1.76173076923077,33200.2
18.9,0,1.77,33210.4
18.95,0,1.77,33229.6
19,0,1.77,33210
19.05,0,1.77,33210.4
19.1,0,1.77,33230.2
19.15,0,1.77,33239.8
19.2,0,1.77,33230.2
19.25,0,1.76076923076923,33239.8113207547
19.3,0,1.75115384615384,33230.3773584906
19.35,0,1.75846153846154,33230
19.4,0,1.76807692307692,33240
19.45,0,1.77776699029126,33230
19.5,0,1.78747572815534,33210
19.55,0,1.79359223300971,33200
19.6,0,1.79844660194175,33200
19.65,0,1.79669902912621,33200.2
19.7,0,1.79184466019417,33209.8
19.75,0,1.7778431372549,33200
19.8,0,1.75823529411764,33200
19.85,0,1.75557692307693,33200
19.9,0,1.76519230769231,33200
19.95,0,1.76514563106796,33210
20,0,1.75543689320388,33210
20.05,0,1.75,33210
20.1,0,1.75,33210
20.15,0,1.75333333333334,33230
20.2,0,1.76313725490196,33230
20.25,0,1.77,33230
20.3,0,1.77,33210
20.35,0,1.77,33210
20.4,0,1.77,33210.4
20.45,0,1.76769230769231,33230
20.5,0,1.75326923076923,33230
20.55,0,1.74116504854369,33230.2
20.6,0,1.75572815533981,33239.8
20.65,0,1.77,33230
20.7,0,1.77,33230
20.75,0,1.77,33230.2
20.8,0,1.77,33240
20.85,0,1.77,33240
20.9,0,1.77857142857143,33240
20.95,0,1.78809523809524,33240.8
21,0,1.79,33279.6
21.05,0,1.79,33260
21.1,0,1.78269230769231,33259.6
21.15,0,1.77307692307692,33240.3921568627
21.2,0,1.76333333333333,33260
21.25,0,1.75352941176471,33260
21.3,0,1.74695238095238,33259.6
21.35,0,1.74219047619048,33240
21.4,0,1.74,33240
21.45,0,1.74,33240
21.5,0,1.74728155339806,33240
21.55,0,1.76184466019418,33240.4
21.6,0,1.76580952380952,33260
21.65,0,1.75628571428571,33260
21.7,0,1.75333333333333,33260
21.75,0,1.76313725490196,33259.6
21.8,0,1.76708737864077,33240.4
21.85,0,1.7573786407767,33260
21.9,0,1.74884615384615,33260
21.95,0,1.74403846153846,33259.6
22,0,1.74233009708738,33240
22.05,0,1.7568932038835,33239.8
22.1,0,1.76904761904762,33229.6
22.15,0,1.75952380952381,33210
22.2,0,1.75,33210
22.25,0,1.75,33200
22.3,0,1.75,33199.6
22.35,0,1.75923076923077,33180
22.4,0,1.76884615384615,33179.6
22.45,0,1.77,33160
22.5,0,1.77,33159.8
22.55,0,1.77,33150
22.6,0,1.77,33149.6
22.65,0,1.77730769230769,33130
22.7,0,1.78692307692308,33130
22.75,0,1.78339805825243,33130.3921568627
22.8,0,1.77368932038835,33150
22.85,0,1.76403846153846,33150
22.9,0,1.75442307692308,33150
22.95,0,1.75529411764706,33149.6
23,0,1.76509803921569,33130.4
23.05,0,1.76514563106796,33149.6
23.1,0,1.75543689320388,33130
23.15,0,1.75419047619048,33130.4
23.2,0,1.76371428571429,33149.6
23.25,0,1.76504854368932,33130
23.3,0,1.7504854368932,33130
23.35,0,1.73320388349514,33130
23.4,0,1.70893203883495,33130
23.45,0,1.69533980582525,33130.4
23.5,0,1.71961165048544,33149.6
23.55,0,1.74076923076923,33130
23.6,0,1.74557692307692,33130.4
23.65,0,1.75076190476191,33149.6
23.7,0,1.76028571428571,33130
23.75,0,1.76980952380952,33130
23.8,0,1.77970297029703,33130
23.85,0,1.78960396039604,33130
23.9,0,1.79,33129.8
23.95,0,1.79,33120
24,0,1.78134615384615,33119.6
24.05,0,1.77173076923077,33100
24.1,0,1.76203883495146,33100
24.15,0,1.75233009708738,33100
24.2,0,1.74634615384615,33100
24.25,0,1.74153846153846,33099.6
24.3,0,1.74,33080
24.35,0,1.74,33080
24.4,0,1.74295238095238,33080
24.45,0,1.74771428571429,33079.8
24.5,0,1.75509803921569,33070
24.55,0,1.76490196078432,33070
24.6,0,1.76300970873786,33070.2
24.65,0,1.74844660194175,33080.4
24.7,0,1.74,33099.6
24.75,0,1.74,33080
24.8,0,1.74,33080
24.85,0,1.74,33080
24.9,0,1.74,33079.8
24.95,0,1.74,33070
25,0,1.73803921568627,33070
25.05,0,1.72823529411764,33069.6078431373
25.1,0,1.72384615384616,33050
25.15,0,1.74788461538462,33050
25.2,0,1.77,33069.6
25.25,0,1.77,33049.8
25.3,0,1.77,33040
25.35,0,1.75529411764706,33040
25.4,0,1.74058823529412,33040
25.45,0,1.74,33040.2
25.5,0,1.74,33049.8
25.55,0,1.74415841584159,33040.2
25.6,0,1.74910891089109,33050.4
25.65,0,1.75,33070
25.7,0,1.75,33070.6
25.75,0,1.75,33100
25.8,0,1.75,33100
25.85,0,1.75666666666667,33100
25.9,0,1.76647058823529,33100
25.95,0,1.77615384615385,33119.6
26,0,1.78576923076923,33099.6
26.05,0,1.77923076923077,33080.4
26.1,0,1.76,33099.6
26.15,0,1.75,33079.8
26.2,0,1.75,33070.5882352941
26.25,0,1.75,33100
26.3,0,1.75,33080
26.35,0,1.74485714285714,33079.8
26.4,0,1.73057142857143,33070
26.45,0,1.72257425742574,33070
26.5,0,1.73247524752475,33070.2
26.55,0,1.74115384615385,33080
26.6,0,1.74596153846154,33080
26.65,0,1.75,33079.8
26.7,0,1.75,33069.6
26.75,0,1.74883495145631,33050
26.8,0,1.73427184466019,33050
26.85,0,1.72,33049.8
26.9,0,1.72,33040
26.95,0,1.72,33040.2
27,0,1.72905660377358,33050
27.05,0,1.73849056603774,33050
27.1,0,1.74,33050
27.15,0,1.74,33049.8
27.2,0,1.74401960784314,33040
27.25,0,1.74892156862745,33040
27.3,0,1.75,33039.6
27.35,0,1.75,33020
27.4,0,1.75,33020.4
27.45,0,1.75,33040
27.5,0,1.7473,33040
27.55,0,1.7423,33040.2
27.6,0,1.7347572815534,33049.8
27.65,0,1.72504854368932,33040.2
27.7,0,1.72,33049.8
27.75,0,1.72,33040
27.8,0,1.72388349514563,33040
27.85,0,1.73359223300971,33039.6
27.9,0,1.74165048543689,33020
27.95,0,1.74650485436893,33020
28,0,1.75264150943396,33020
28.05,0,1.76207547169811,33020
28.1,0,1.76841584158416,33019.6
28.15,0,1.75851485148515,33000
28.2,0,1.74796116504854,32999.8
28.25,0,1.73339805825243,32989.6
28.3,0,1.72076923076923,32970
28.35,0,1.73038461538461,32969.8
28.4,0,1.74,32960
28.45,0,1.74,32960
28.5,0,1.74,32959.6
28.55,0,1.74466666666667,32940.4
28.6,0,1.74942857142857,32960
28.65,0,1.75,32959.6
28.7,0,1.75,32939.6
28.75,0,1.75,32920
28.8,0,1.75,32920
28.85,0,1.74628571428572,32920
28.9,0,1.74152380952381,32920
28.95,0,1.74,32919.8
29,0,1.74,32910
29.05,0,1.74,32910.2
29.1,0,1.74,32920
29.15,0,1.74,32920
29.2,0,1.74,32920.4
29.25,0,1.74,32939.6
29.3,0,1.74,32919.8
29.35,0,1.74194174757281,32910
29.4,0,1.74679611650485,32910
29.45,0,1.74838095238095,32910.2
29.5,0,1.74361904761905,32919.8
29.55,0,1.74117647058824,32910.6
29.6,0,1.74607843137255,32940
29.65,0,1.74902912621359,32939.6
29.7,0,1.74417475728155,32920
29.75,0,1.74,32920
29.8,0,1.74,32920
29.85,0,1.74,32920
29.9,0,1.74,32920.4
29.95,0,1.74009708737864,32940
30,0,1.74495145631068,32939.6
30.05,0,1.74980582524272,32920
30.1,0,1.75914285714286,32920
30.15,0,1.76866666666667,32919.8076923077
30.2,0,1.76165048543689,32910.1923076923
30.25,0,1.75194174757281,32920
30.3,0,1.74611650485437,32920
30.35,0,1.74126213592233,32920
30.4,0,1.74355769230769,32920
30.45,0,1.74836538461539,32920
30.5,0,1.74029411764706,32940.4
30.55,0,1.72558823529411,32960
30.6,0,1.72596153846154,32960
30.65,0,1.73557692307692,32970
30.7,0,1.74,32970.3921568627
30.75,0,1.74,32990
30.8,0,1.73519230769231,32990
30.85,0,1.72557692307692,32989.6
30.9,0,1.72,32970
30.95,0,1.72,32969.8
31,0,1.72873786407767,32960
31.05,0,1.75300970873787,32960
31.1,0,1.77,32960
31.15,0,1.77,32970
31.2,0,1.76803921568627,32970
31.25,0,1.75823529411765,32970
31.3,0,1.74923076923077,32990
31.35,0,1.74442307692308,32970
31.4,0,1.74038834951456,32970
31.45,0,1.7452427184466,32970
31.5,0,1.75,32960.1923076923
31.55,0,1.75,32969.8076923077
31.6,0,1.75,32960.2
31.65,0,1.75,32959.6153846154
31.7,0,1.75,32940.3846153846
31.75,0,1.73747572815534,32968.8235294118
31.8,0,1.72291262135922,32989.5918367347
31.85,0,1.71615384615385,32999.8
31.9,0,1.71134615384615,33000
31.95,0,1.71356435643565,33000
32,0,1.71851485148515,33000
32.05,0,1.72673076923077,32990.1960784314
32.1,0,1.73634615384615,32990
32.15,0,1.74295238095238,32970.4081632653
32.2,0,1.74771428571429,32970
32.25,0,1.75,32970
32.3,0,1.75,32970
32.35,0,1.75952380952381,32970
32.4,0,1.77857142857143,32988.8
32.45,0,1.78230769230769,32970.8163265306
32.5,0,1.76307692307692,32986.5517241379
32.55,0,1.75,32990
32.6,0,1.75,32990
32.65,0,1.75237623762376,32970.8
32.7,0,1.76227722772277,32988.8235294118
32.75,0,1.77,32971.2
32.8,0,1.77,32961.1320754717
32.85,0,1.76864077669903,32960
32.9,0,1.75893203883495,32941.1764705882
32.95,0,1.75,32958.431372549
33,0,1.75,32941.2244897959
33.05,0,1.74961904761905,32940
33.1,0,1.73057142857143,32958.7755102041
33.15,0,1.71152380952381,32960
33.2,0,1.71450980392157,32941.9230769231
33.25,0,1.71941176470588,32940
33.3,0,1.73281553398058,32940
33.35,0,1.74737864077669,32958.3673469388
33.4,0,1.75,32960
33.45,0,1.75,32960
33.5,0,1.74644230769231,32969.0384615385
33.55,0,1.74163461538461,32961.3461538461
33.6,0,1.73371428571429,32941.3043478261
33.65,0,1.72419047619047,32940
33.7,0,1.72538461538462,32940
33.75,0,1.735,32940
33.8,0,1.74242424242424,32940
33.85,0,1.74747474747475,32940
33.9,0,1.74761904761905,32940
33.95,0,1.74285714285714,32940
34,0,1.73615384615384,32922.7450980392
34.05,0,1.72653846153846,32920
34.1,0,1.72313725490196,32920
34.15,0,1.73294117647059,32911.0204081633
34.2,0,1.74,32910
34.25,0,1.74,32910
34.3,0,1.74106796116505,32910
34.35,0,1.74592233009709,32910
34.4,0,1.74689320388349,32910
34.45,0,1.72747572815533,32910
34.5,0,1.71192307692308,32892.6923076923
34.55,0,1.73115384615385,32890
34.6,0,1.75067961165049,32881.568627451
34.65,0,1.78466019417477,32880
34.7,0,1.81864077669904,32862.7450980392
34.75,0,1.83371428571429,32860
34.8,0,1.84800000000001,32842.7450980392
34.85,0,1.86264705882353,32831.2244897959
34.9,0,1.87735294117647,32830
34.95,0,1.90759615384617,32812.8571428571
35,16.8627450980364,1.94125,32784.7058823529
35.05,20,1.96067307692308,32780
35.1,20,1.97509615384615,32780
35.15,20,1.98980198019802,32763.0769230769
35.2,20,2.00465346534654,32760
35.25,20,2.03133333333334,32777.2549019608
35.3,20,2.06466666666667,32805.2941176471
35.35,20,2.1009708737864,32810
35.4,20,2.13980582524273,32851.3461538462
35.45,20,2.18076923076925,32909.2
35.5,20,2.22403846153846,32986.9387755102
35.55,20,2.26941747572816,33085.7142857143
35.6,20,2.31796116504853,33181.1320754717
35.65,20,2.35990291262136,33288
35.7,20,2.3890291262136,33418.3333333334
35.75,20,2.42346153846155,33571.7647058824
35.8,20,2.47153846153847,33673.8
35.85,20,2.52249999999999,33818.6274509803
35.9,20,2.58500000000001,33986.1702127659
35.95,20,2.64647058823532,34180.3773584906
36,20,2.70039215686276,34369.0196078431
36.05,20,2.75538461538464,34558.2
36.1,20,2.8226923076923,34790.8510638297
36.15,20,2.89,35023.8461538462
36.2,20,2.94769230769233,35270.0000000001
36.25,20,3.00538461538463,35528
36.3,20,3.03679611650486,35816.7346938776
36.35,20,3.06592233009708,36115.9999999999
36.4,20,3.13745098039216,36398.6538461539
36.45,20,3.2158823529412,36720.0000000001
36.5,20,3.29368932038834,37037.2549019608
36.55,20,3.37135922330097,37380.0000000001
36.6,20,3.44846153846152,37716.6666666667
36.65,20,3.52538461538463,38097.0212765959
36.7,20,3.58269230769232,38450.7692307693
36.75,20,3.63076923076922,38808
36.8,20,3.67884615384616,39200.0000000001
36.85,20,3.72692307692307,39599.9999999999
36.9,20,3.78568627450982,39968
36.95,20,3.85431372549022,40330.1960784314
37,20,3.90864077669903,40738.8235294117
37.05,20,3.94747572815534,41144
37.1,20,3.98235294117646,41581.2244897959
37.15,20,4.01176470588235,41976.4000000001
37.2,20,4.0388785046729,42362.4489795919
37.25,20,4.0622429906542,42683.137254902
37.3,20,4.08815533980583,43062.0000000001
37.35,20,4.12213592233009,43407.4
37.4,20,4.15705882352942,43831.0000000001
37.45,20,4.19627450980394,44297.0588235296
37.5,20,4.23067307692308,44790
37.55,20,4.23548076923077,45252.7450980394
37.6,20,4.24116504854368,45678.3333333334
37.65,20,4.26058252427185,46098.8235294118
37.7,20,4.28,46525.7142857143
37.75,20,4.28480769230769,46910.5882352941
37.8,20,4.28961538461539,47253.3333333335
37.85,20,4.32156862745097,47571.25
37.9,20,4.35588235294118,47831.3207547171
37.95,20,4.36,48037.8723404256
38,20,4.36,48200
38.05,20,4.34415841584158,48380.6000000001
38.1,20,4.32435643564356,48570.6
38.15,20,4.32735849056604,48763.4693877551
38.2,20,4.33679245283019,48951.5686274511
38.25,20,4.33359223300971,49118.4
38.3,20,4.32388349514563,49256.2000000001
38.35,20,4.31708737864078,49386.2
38.4,20,4.31223300970874,49512.5
38.45,20,4.30480769230769,49617.0212765958
38.5,20,4.29519230769231,49729.4117647059
38.55,20,4.29446601941748,49825.2941176471
38.6,20,4.30417475728155,49903.3333333333
38.65,20,4.30607843137255,49977.6595744681
38.7,20,4.29627450980392,50021.875
38.75,20,4.29,50086.9230769231
38.8,20,4.29,50145.7142857143
38.85,20,4.29382352941177,50188.8
38.9,20,4.30852941176471,50228.2352941177
38.95,20,4.31894230769231,50240
39,20,4.31413461538462,50247
39.05,20,4.31203883495146,50264
39.1,20,4.32660194174757,50276.862745098
39.15,20,4.34,50293.8775510204
39.2,20,4.34,50313.7254901961
39.25,20,4.33981481481481,50284.5833333333
39.3,20,4.33055555555555,50164.1176470588
39.35,20,4.3212962962963,50099.8076923077
39.4,20,4.32,50090
39.45,20,4.32,50111.4285714286
39.5,20,4.32831683168317,50133.8461538462
39.55,20,4.33821782178218,50160
39.6,20,4.34780952380952,50184.0425531915
39.65,20,4.35733333333334,50210.7692307692
39.7,20,4.35300970873786,50232.5925925926
39.75,20,4.34330097087379,50240
39.8,20,4.3464705882353,50259.6153846154
39.85,20,4.35627450980392,50257.2
39.9,20,4.35409523809524,50269.5918367347
39.95,20,4.34457142857142,50280
40,20,4.34504854368932,50293.2
40.05,20,4.3547572815534,50300
40.1,20,4.36,50313.0769230769
40.15,20,4.36,50326.4
40.2,20,4.36,50330
40.25,20,4.36,50323.3333333333
40.3,20,4.36,50326.7346938776
40.35,20,4.36,50330
40.4,20,4.36,50330
40.45,20,4.36,50330
40.5,20,4.36,50342.6923076923
40.55,20,4.36,50337.6
40.6,20,4.36,50342.6530612245
40.65,20,4.36,50350
40.7,20,4.36,50350
40.75,20,4.36,50350
40.8,20,4.36,50350
40.85,20,4.36,50350
40.9,20,4.36,50331.0204081633
40.95,20,4.36,50307.2
41,20,4.36,50312.5490196078
41.05,20,4.36,50320
41.1,20,4.36,50294.693877551
41.15,20,4.36,50273.8461538462
41.2,20,4.36,50257.5
41.25,20,4.36,50243.9622641509
41.3,20,4.36,50240
41.35,20,4.36,50227.6595744681
41.4,20,4.36,50220
41.45,20,4.36,50207.2
41.5,20,4.36,50212.3076923077
41.55,20,4.36,50220
41.6,20,4.36,50208
41.65,20,4.36,50181.6326530612
41.7,20,4.36,50170
41.75,20,4.36,50163.9583333333
41.8,20,4.36,50147.6
41.85,20,4.3296,50127.6
41.9,20,4.31022222222222,50120
41.95,20,4.31,50120
42,20,4.31,50113.9215686275
42.05,20,4.31,50081.1538461538
42.1,20,4.31,50048.5714285714
42.15,20,4.31,50040
42.2,20,4.31,50040
42.25,20,4.31,50034.2307692308
42.3,20,4.29266666666667,50013.2
42.35,20,4.26066666666667,49989.0196078431
42.4,20,4.26177777777779,49991.4893617021
42.45,20,4.282,50006
42.5,20,4.29,49992.3529411765
42.55,20,4.26888888888888,49980
42.6,20,4.24,49992
42.65,20,4.23369565217391,50000
42.7,20,4.23,50000
42.75,20,4.256,49988.6274509804
42.8,20,4.28933333333335,49980
42.85,20,4.27727272727274,49963.2
42.9,20,4.24800000000001,49955.8333333333
42.95,20,4.28311111111111,49942.3529411765
43,20,4.29,49930
43.05,20,4.29,49946.7307692308
43.1,20,4.29807692307692,49960
43.15,20,4.3125,49960
43.2,20,4.32466019417476,49954.6
43.25,20,4.33436893203884,49939.2
43.3,20,4.33592233009708,49940.8
43.35,20,4.32621359223301,49950
43.4,20,4.30961538461538,49939.0196078431
43.45,20,4.28076923076922,49945.8823529412
43.5,20,4.25728155339806,49981.2244897959
43.55,20,4.24757281553398,50000
43.6,20,4.24419047619048,50016.4705882353
43.65,20,4.2632380952381,50030
43.7,20,4.28178217821783,50045.306122449
43.75,20,4.29663366336634,50070.612244898
43.8,20,4.31048543689321,50085.4
43.85,20,4.31533980582524,50117
43.9,20,4.32,50155.8823529412
43.95,20,4.32,50180.612244898
44,20,4.32,50195.4
44.05,20,4.32,50221.1764705882
44.1,20,4.32,50255.294117647
44.15,20,4.32,50270
44.2,20,4.32,50275
44.25,20,4.33553398058252,50289.8039215686
44.3,20,4.35495145631069,50251.0204081632
44.35,20,4.36,50115
44.4,20,4.36,50015.5769230769
44.45,20,4.35346153846154,50014.0816326531
44.5,20,4.34384615384616,50045
44.55,20,4.35470588235294,50090.5882352941
44.6,20,4.3792156862745,50139.2307692308
44.65,20,4.38456310679612,50178.0392156863
44.7,20,4.37485436893204,50218.3333333334
44.75,20,4.36292452830188,50255
44.8,20,4.34877358490565,50274.8148148148
44.85,20,4.34372549019608,50298.3333333333
44.9,20,4.35352941176471,50334.693877551
44.95,20,4.36157407407408,50350
45,20,4.3662037037037,50350
45.05,20,4.37,50363.8
45.1,20,4.37,50389.387755102
45.15,20,4.37,50418.4615384615
45.2,20,4.37,50440
45.25,20,4.37152380952381,50459.2307692308
45.3,20,4.38104761904762,50480
45.35,20,4.39,50484.4
45.4,20,4.39,50490
45.45,20,4.39,50485.4901960784
45.5,20,4.39,50484.4897959184
45.55,20,4.39,50499.0196078431
45.6,20,4.38106796116505,50514.4
45.65,20,4.37135922330097,50529.1666666667
45.7,20,4.36578431372549,50540
45.75,20,4.36088235294118,50553.2
45.8,20,4.36398058252427,50570
45.85,20,4.36883495145631,50579.0196078431
45.9,20,4.37,50603.2
45.95,20,4.37,50628.8
46,20,4.37666666666667,50652.6923076923
46.05,20,4.38619047619048,50670
46.1,20,4.39288461538461,50670
46.15,20,4.39769230769231,50670
46.2,20,4.4,50670
46.25,20,4.4,50674.3137254902
46.3,20,4.3978431372549,50667.1428571429
46.35,20,4.39294117647059,50662.9411764706
46.4,20,4.39194174757282,50697.5
46.45,20,4.39679611650486,50720
46.5,20,4.4,50711.4285714286
46.55,20,4.4,50691.3725490196
46.6,20,4.4,50680
46.65,20,4.4,50688.6274509804
46.7,20,4.39902912621359,50691.4285714286
46.75,20,4.39417475728155,50675.7692307692
46.8,20,4.39,50673.8461538462
46.85,20,4.39,50676.25
46.9,20,4.39029411764706,50662.1568627451
46.95,20,4.39519607843137,50650
47,20,4.39990384615385,50638.2352941176
47.05,20,4.39509615384615,50627.7551020408
47.1,20,4.39028846153846,50640
47.15,20,4.36761904761905,50643.8
47.2,20,4.34380952380952,50638.3673469388
47.25,20,4.36079207920792,50627.8431372549
47.3,20,4.38554455445545,50632.2448979592
47.35,20,4.39398058252427,50627.8431372549
47.4,20,4.39883495145631,50632.4
47.45,20,4.39634615384615,50612.4
47.5,20,4.39153846153846,50607.7551020408
47.55,20,4.39317757009346,50612
47.6,20,4.39785046728972,50596.0784313726
47.65,20,4.39727272727273,50582.2448979592
47.7,20,4.39222222222222,50566
47.75,20,4.38466666666667,50560
47.8,20,4.37514285714285,50560
47.85,20,4.37450980392157,50563.75
47.9,20,4.3843137254902,50570
47.95,20,4.39201923076923,50577.6
48,20,4.39682692307692,50590
48.05,20,4.4,50593.8
48.1,20,4.4,50596.3461538462
48.15,20,4.39867924528302,50600.2
48.2,20,4.39396226415094,50620
48.25,20,4.3884,50620
48.3,20,4.3784,50613.2
48.35,20,4.3692380952381,50596.6
48.4,20,4.36447619047619,50590
48.45,20,4.36029411764706,50593.8
48.5,20,4.36519607843137,50600
48.55,20,4.37029126213592,50600
48.6,20,4.38485436893204,50589.8
48.65,20,4.39941747572816,50576.9387755102
48.7,20,4.4,50590
48.75,20,4.4,50590
48.8,20,4.38782178217821,50593.0769230769
48.85,20,4.37297029702971,50605.9574468085
48.9,20,4.36611650485437,50613.0612244898
48.95,20,4.36126213592233,50600
49,20,4.37077669902913,50600
49.05,20,4.38533980582524,50596.6
49.1,20,4.39971428571428,50593.4
49.15,20,4.414,50596.6
49.2,20,4.42,50590
49.25,20,4.42,50593.2
49.3,20,4.40514851485148,50596.862745098
49.35,20,4.37544554455446,50592.8301886792
49.4,20,4.34384615384615,50597.4468085106
49.45,20,4.31019230769229,50590
49.5,20,4.27252427184465,50583.8775510204
49.55,20,4.2288349514563,50576.4
49.6,20,4.18038461538462,50593.137254902
49.65,20,4.12269230769231,50615.306122449
49.7,20,4.06374999999999,50650
49.75,20,4.00125,50650
49.8,20,3.93485148514849,50650
49.85,20,3.85069306930693,50647.4468085106
49.9,20,3.76846153846153,50643
49.95,20,3.69634615384613,50656
50,14.0000000000034,3.6246153846154,50664
50.05,0,3.55730769230768,50659
50.1,0,3.49,50677
50.15,0,3.41233009708737,50664.3396226415
50.2,0,3.33466019417473,50642.3404255319
50.25,0,3.27125,50596
50.3,0,3.20874999999997,50492.9411764706
50.35,0,3.13737864077669,50326.8000000001
50.4,0,3.0645631067961,50125.3846153846
50.45,0,2.99509803921566,49888.7234042552
50.5,0,2.92647058823529,49614.0000000001
50.55,0,2.86295238095236,49289.9999999999
50.6,0,2.80104761904762,48948.4313725491
50.65,0,2.74441176470587,48586.4
50.7,0,2.69049019607841,48227.4999999999
50.75,0,2.65228571428571,47858.7234042554
50.8,0,2.62371428571428,47453.5999999999
50.85,0,2.59250000000001,47072.3076923078
50.9,0,2.55884615384615,46681.1764705882
50.95,0,2.5270588235294,46267.9591836733
51,0,2.49764705882353,45845
51.05,0,2.47019607843137,45403.9999999999
51.1,0,2.44568627450981,44953.7254901962
51.15,0,2.42653846153846,44514.9999999999
51.2,0,2.41692307692307,44106.0416666665
51.25,0,2.40326923076923,43680.3921568627
51.3,0,2.37923076923076,43256.4705882353
51.35,0,2.35711538461539,42821.224489796
51.4,0,2.3426923076923,42398.4
51.45,0,2.32650485436892,42048.7999999998
51.5,0,2.29737864077669,41666.4
51.55,0,2.26941747572815,41286
51.6,0,2.25970873786408,40944.705882353
51.65,0,2.25,40634
51.7,0,2.25,40342.7999999999
51.75,0,2.25,40082.8
51.8,0,2.23631067961164,39827.1999999999
51.85,0,2.22174757281553,39591.6
51.9,0,2.21145631067961,39373.8
51.95,0,2.20174757281553,39168.1999999999
52,0,2.18817307692308,38979.0196078431
52.05,0,2.17374999999999,38793.9999999999
52.1,0,2.15203883495145,38615.306122449
52.15,0,2.12776699029126,38440.4
52.2,0,2.10692307692307,38269.8039215686
52.25,0,2.08769230769231,38127.3469387755
52.3,0,2.07417475728155,37966.9999999999
52.35,0,2.06446601941748,37820.3846153846
52.4,0,2.05480769230769,37686.1224489796
52.45,0,2.0451923076923,37554.5098039215
52.5,0,2.04450980392157,37426.6
52.55,0,2.0543137254902,37303.125
52.6,0,2.05592233009709,37206.2745098039
52.65,0,2.04621359223301,37094.5098039215
52.7,0,2.02961538461537,36972
52.75,0,2.00076923076923,36875.6
52.8,0,1.98,36790.2
52.85,0,1.98,36685.6
52.9,0,1.98,36605.6
52.95,0,1.98,36525.6
53,0,1.97615384615384,36441.6326530612
53.05,0,1.95211538461538,36344.6153846154
53.1,0,1.92923076923077,36265
53.15,0,1.91961538461538,36174
53.2,0,1.90999999999999,36090.7692307692
53.25,0,1.89543689320388,35997.2
53.3,0,1.88087378640776,35920.4
53.35,0,1.87543689320388,35853.6734693878
53.4,0,1.87058252427184,35754.4230769231
53.45,0,1.88269230769231,35670.2
53.5,0,1.89711538461539,35601.6
53.55,0,1.89223300970873,35538.5714285714
53.6,0,1.88252427184466,35454.3137254902
53.65,0,1.87644230769231,35358.8
53.7,0,1.87163461538462,35277.6470588235
53.75,0,1.86352941176471,35190.4
53.8,0,1.85372549019608,35114
53.85,0,1.84409523809523,35061.6
53.9,0,1.83457142857143,34990.2040816327
53.95,0,1.83,34909.0196078431
54,0,1.83,34830.2040816327
54.05,0,1.82769230769231,34751.7647058823
54.1,0,1.82288461538461,34690.2040816326
54.15,0,1.81029126213592,34613
54.2,0,1.78601941747572,34558.8
54.25,0,1.77,34481.7647058823
54.3,0,1.77,34421.6
54.35,0,1.77269230769231,34350.2040816326
54.4,0,1.78230769230769,34271.9230769231
54.45,0,1.78807692307692,34214.8979591837
54.5,0,1.77846153846154,34163.0769230769
54.55,0,1.77,34104.0425531915
54.6,0,1.77,34028.8
54.65,0,1.77,33956.1111111111
54.7,0,1.77,33927.1153846154
54.75,0,1.77,33879.1304347826
54.8,0,1.76057692307692,33834.7916666666
54.85,0,1.75096153846153,33783.2692307692
54.9,0,1.75,33737.0588235294
54.95,0,1.75,33706.0784313725
55,0,1.76708737864078,33658.0434782609
55.05,0,1.78650485436894,33626.0377358491
55.1,0,1.79,33596.7346938775
55.15,0,1.79,33557.1153846154
55.2,0,1.79,33529.375
55.25,0,1.79,33518.0392156863
55.3,0,1.79,33498.3333333333
55.35,0,1.79,33476.7272727273
55.4,0,1.78425742574258,33449.7916666667
55.45,0,1.77435643564356,33438.8461538461
55.5,0,1.77,33419.5918367347
55.55,0,1.77,33398.7755102041
55.6,0,1.78142857142858,33370
55.65,0,1.80523809523809,33369.5744680851
55.7,0,1.81446601941747,33360
55.75,0,1.79990291262136,33360
55.8,0,1.78692307692307,33360
55.85,0,1.77730769230769,33359.1666666667
55.9,0,1.77,33341.6326530612
55.95,0,1.77,33360
56,0,1.76844660194175,33360
56.05,0,1.75873786407767,33360
56.1,0,1.75,33358.7755102041
56.15,0,1.75,33338.4905660377
56.2,0,1.75115384615385,33320.3921568627
56.25,0,1.77038461538462,33340
56.3,0,1.78961538461539,33320
56.35,0,1.7709708737864,33319.5918367347
56.4,0,1.75155339805825,33310
56.45,0,1.75893203883495,33308.8461538461
56.5,0,1.76864077669903,33290
56.55,0,1.77826923076923,33290
56.6,0,1.78788461538462,33289.7916666667
56.65,0,1.78242718446602,33280
56.7,0,1.77271844660194,33280
56.75,0,1.75961538461539,33258.8
56.8,0,1.74519230769231,33230
56.85,0,1.74,33229.5918367347
56.9,0,1.74,33210.7843137255
56.95,0,1.74285714285715,33230
57,0,1.74761904761905,33230.1923076923
57.05,0,1.75495049504951,33239.8076923077
57.1,0,1.76485148514852,33240.4
57.15,0,1.77457142857143,33260.4
57.2,0,1.78409523809524,33279.6153846154
57.25,0,1.79,33260.3846153846
57.3,0,1.79,33260.7692307692
57.35,0,1.78364485981308,33280
57.4,0,1.76495327102803,33289.8039215686
57.45,0,1.752,33290
57.5,0,1.762,33290
57.55,0,1.76807692307692,33290
57.6,0,1.75846153846153,33309.6078431373
57.65,0,1.75116504854369,33310.1923076923
57.7,0,1.76087378640777,33319.8076923077
57.75,0,1.77,33360
57.8,0,1.77,33340
57.85,0,1.77,33360.1923076923
57.9,0,1.77,33369.8076923077
57.95,0,1.77,33370
58,0,1.77,33370
58.05,0,1.77,33370
58.1,0,1.77,33389.6
58.15,0,1.77,33390
58.2,0,1.78153846153847,33390
58.25,0,1.79596153846154,33390
58.3,0,1.8,33390
58.35,0,1.8,33390
58.4,0,1.8,33399.4230769231
58.45,0,1.8,33400
58.5,0,1.80584905660377,33419.2156862745
58.55,0,1.81528301886793,33420
58.6,0,1.81257425742573,33420
58.65,0,1.79772277227722,33420
58.7,0,1.78076923076922,33420
58.75,0,1.76153846153846,33439.5833333333
58.8,0,1.75384615384616,33421.1538461538
58.85,0,1.76346153846154,33420
58.9,0,1.77,33401.5384615385
58.95,0,1.77,33419.1666666667
59,0,1.77247619047619,33401.1764705882
59.05,0,1.782,33418.8
59.1,0,1.79,33420
59.15,0,1.79,33420
59.2,0,1.79,33420
59.25,0,1.79,33401.2
59.3,0,1.78926605504587,33400
59.35,0,1.78009174311926,33400
59.4,0,1.77091743119266,33418.4
59.45,0,1.75636363636363,33420
59.5,0,1.74121212121212,33420
59.55,0,1.76233009708739,33420
59.6,0,1.78660194174758,33438.8235294118
59.65,0,1.81504854368932,33449.4
59.7,0,1.84417475728156,33440.6
59.75,0,1.83846153846154,33449.5918367347
59.8,0,1.82403846153846,33468.8235294118
59.85,0,1.80941176470587,33470
59.9,0,1.79470588235294,33470
59.95,0,1.78352380952381,33470
60,0,1.774,33470
60.05,0,1.77,33470
60.1,0,1.77,33451.9230769231
60.15,0,1.77757281553398,33440.625
60.2,0,1.7921359223301,33440
60.25,0,1.79778846153846,33421.9607843137
60.3,0,1.79298076923077,33420
60.35,0,1.79184466019418,33401.6
60.4,0,1.79669902912621,33400
60.45,0,1.80310679611651,33390.8
60.5,0,1.81281553398058,33371.9607843137
60.55,0,1.82,33370
60.6,0,1.82,33360.8
60.65,0,1.81740384615384,33369.0196078431
60.7,0,1.80298076923076,33361.1764705882
60.75,0,1.79,33368.8
60.8,0,1.79,33361.0204081633
60.85,0,1.79,33368.8235294118
60.9,0,1.79,33370
60.95,0,1.78999999999999,33370
61,0,1.78047619047619,33370
61.05,0,1.77095238095238,33370
61.1,0,1.77,33370
61.15,0,1.77,33370
61.2,0,1.77,33370
61.25,0,1.77,33370
61.3,0,1.77754716981132,33370
61.35,0,1.78698113207547,33387.5510204082
61.4,0,1.7934,33390
61.45,0,1.7984,33390
61.5,0,1.80653846153846,33398.2692307692
61.55,0,1.81615384615385,33400
61.6,0,1.81142857142856,33400
61.65,0,1.79714285714286,33391.568627451
61.7,0,1.79245098039216,33390
61.75,0,1.79735294117647,33390
61.8,0,1.80669902912622,33390
61.85,0,1.82126213592234,33390
61.9,0,1.82805825242718,33390
61.95,0,1.82320388349514,33398.5714285714
62,0,1.82163461538462,33391.7307692308
62.05,0,1.82644230769231,33390
62.1,0,1.82873786407767,33398.4
62.15,0,1.82388349514563,33400
62.2,0,1.81708737864077,33400
62.25,0,1.80252427184466,33400
62.3,0,1.79,33400
62.35,0,1.79,33391.6
62.4,0,1.78943396226415,33390
62.45,0,1.77999999999999,33398.3673469388
62.5,0,1.77056603773585,33400
62.55,0,1.78396039603961,33391.6326530612
62.6,0,1.79881188118812,33397.7777777778
62.65,0,1.79553398058252,33400
62.7,0,1.79067961165048,33400
62.75,0,1.79413461538462,33431.8367346939
62.8,0,1.79894230769231,33440
62.85,0,1.8,33448.2978723404
62.9,0,1.8,33441.6
62.95,0,1.8,33424.1509433962
63,0,1.8,33436.25
63.05,0,1.8,33440
63.1,0,1.8,33440
63.15,0,1.8,33447.8
63.2,0,1.8,33450
63.25,0,1.7975,33450
63.3,0,1.79269230769231,33465.6
63.35,0,1.79,33470
63.4,0,1.79,33470
63.45,0,1.79,33477.8
63.5,0,1.79,33472.0408163265
63.55,0,1.79,33454.3137254902
63.6,0,1.79,33442.5
63.65,0,1.79107843137255,33424.5833333333
63.7,0,1.79598039215686,33435.6
63.75,0,1.8,33424.4
63.8,0,1.8,33435.2941176471
63.85,0,1.79950980392157,33440
63.9,0,1.79460784313725,33424.4
63.95,0,1.79,33420
64,0,1.79,33420
64.05,0,1.79,33420
64.1,0,1.79,33435.5102040816
64.15,0,1.79,33424.4
64.2,0,1.77230769230769,33420
64.25,0,1.75307692307693,33434.8
64.3,0,1.75,33440
64.35,0,1.75,33447.6
64.4,0,1.76538461538461,33442.5490196078
64.45,0,1.78461538461539,33440
64.5,0,1.79,33440
64.55,0,1.79,33425.9259259259
64.6,0,1.79,33405.5319148936
64.65,0,1.79,33400
64.7,0,1.80560000000001,33400
64.75,0,1.8356,33392.5490196078
64.8,0,1.86500000000001,33390
64.85,0,1.89384615384617,33390
64.9,0,1.9143137254902,33397.2916666667
64.95,0,1.92411764705883,33393.0188679245
65,0,1.94553398058253,33390
65.05,26.6666666666667,1.98436893203885,33390
65.1,40,2.01490384615385,33390
65.15,40,2.02932692307692,33390
65.2,40,2.04504854368932,33375.8823529412
65.25,40,2.06446601941748,33370
65.3,40,2.08857142857144,33391.6
65.35,40,2.13142857142859,33426.6666666667
65.4,40,2.17388349514563,33468.4444444444
65.45,40,2.21271844660196,33517
65.5,40,2.25213592233011,33585.8490566038
65.55,40,2.30553398058254,33666.6666666667
65.6,40,2.35893203883498,33744.3396226416
65.65,40,2.40757281553398,33859.375
65.7,40,2.45611650485438,33978.5714285715
65.75,40,2.50423076923077,34115.8823529412
65.8,40,2.55230769230771,34252.4528301887
65.85,40,2.60529411764709,34420
65.9,40,2.65921568627452,34613.3333333333
65.95,40,2.70047619047621,34817.5000000001
66,40,2.73857142857144,35017.2549019608
66.05,40,2.79851485148517,35225.7142857144
66.1,40,2.86782178217824,35448.4905660379
66.15,40,2.92813084112149,35693.137254902
66.2,40,2.98420560747664,35945.0000000001
66.25,40,3.05544554455443,36219.8
66.3,40,3.13960396039604,36508.085106383
66.35,40,3.22000000000002,36789.6153846155
66.4,40,3.29692307692308,37092.4489795919
66.45,40,3.37844660194178,37413.5294117649
66.5,40,3.46582524271844,37768.2978723405
66.55,40,3.55320388349516,38113.3333333334
66.6,40,3.6405825242719,38448.8461538463
66.65,40,3.72640776699032,38803.3333333334
66.7,40,3.80893203883499,39171.6000000001
66.75,40,3.89500000000001,39545
66.8,40,3.99115384615386,39933.3333333334
66.85,40,4.08922330097091,40294.9090909092
66.9,40,4.19601941747575,40692.1739130435
66.95,40,4.30371428571435,41097.4000000001
67,40,4.418,41490.1923076922
67.05,40,4.53254901960786,41950
67.1,40,4.66000000000004,42344.4000000002
67.15,40,4.78745098039215,42757.6470588236
67.2,40,4.91368932038839,43220.8000000002
67.25,40,5.03990291262138,43678.6274509804
67.3,40,5.17826923076927,44154.0384615386
67.35,40,5.31769230769236,44680.2083333336
67.4,40,5.46352941176471,45237.9591836735
67.45,40,5.61058823529414,45766.2745098041
67.5,40,5.7695238095238,46288.6
67.55,40,5.93142857142861,46830.3921568629
67.6,40,6.09323529411772,47362.5000000003
67.65,40,6.25500000000001,47889.2
67.7,40,6.43764150943403,48418.823529412
67.75,40,6.63103773584907,48935.9615384616
67.8,40,6.86970297029712,49469.5918367349
67.85,40,7.14693069306946,50006.9811320758
67.9,40,7.41378640776703,50554.4680851066
67.95,40,7.67106796116513,51135.1020408166
68,40,7.86914285714285,51700.3921568627
68.05,40,7.99771428571432,52260.3846153847
68.1,40,8.11669902912627,52873.4042553194
68.15,40,8.21864077669904,53496.8627450982
68.2,40,8.32932038834955,54128.2352941179
68.25,40,8.46038834951454,54794.4000000001
68.3,40,8.58470588235295,55506.1224489799
68.35,40,8.68764705882358,56223.529411765
68.4,40,8.7796153846154,56914.4000000001
68.45,40,8.82769230769233,57632.0408163268
68.5,40,8.87058252427184,58343.9999999999
68.55,40,8.87543689320388,59052.0000000002
68.6,40,8.88054545454546,59845.8823529415
68.65,40,8.88963636363637,60617.6000000001
68.7,40,8.89872727272728,61482.2448979596
68.75,40,8.89122448979592,62434.7058823531
68.8,40,8.88102040816326,63357.8000000003
68.85,40,8.86701923076923,64231.2244897963
68.9,40,8.85259615384615,64956.5384615385
68.95,40,8.86217821782179,65560.8333333335
69,40,8.8770297029703,66072.3529411765
69.05,40,8.88769230769231,66461.4000000001
69.1,40,8.8973076923077,66785.6000000001
69.15,40,8.9,67059.2
69.2,40,8.9,67271.5384615385
69.25,40,8.89384615384615,67420.612244898
69.3,40,8.88423076923077,67515.7142857143
69.35,40,8.88,67567.4
69.4,40,8.88,67580
69.45,40,8.88,67597.4
69.5,40,8.88,67610
69.55,40,8.88,67610
69.6,40,8.88,67620.5882352941
69.65,40,8.87807692307692,67635.306122449
69.7,40,8.87326923076923,67624.1176470588
69.75,40,8.87,67604.5833333333
69.8,40,8.87,67589.0196078431
69.85,40,8.8678431372549,67564.1176470588
69.9,40,8.85803921568627,67534.4
69.95,40,8.84912621359223,67535.2941176471
70,40,8.8442718446602,67539.5833333333
70.05,40,8.84173076923077,67546.5306122449
70.1,40,8.85615384615385,67554.6153846154
70.15,40,8.87,67550
70.2,40,8.87,67550
70.25,40,8.87,67523.4693877551
70.3,40,8.87,67473.5294117647
70.35,40,8.87,67434.4
70.4,40,8.87,67430.4
70.45,40,8.87,67440
70.5,40,8.86184466019417,67429.4117647059
70.55,40,8.8521359223301,67420
70.6,40,8.85757281553398,67420
70.65,40,8.86728155339806,67409.387755102
70.7,40,8.85951456310679,67384.1176470588
70.75,40,8.84495145631068,67385.6
70.8,40,8.84933962264151,67400
70.85,40,8.86349056603774,67384.7058823529
70.9,40,8.86470588235294,67380
70.95,40,8.85490196078431,67355.6862745098
71,40,8.85,67320
71.05,40,8.85,67315
71.1,40,8.85,67294.7058823529
71.15,40,8.85,67260.7692307692
71.2,40,8.85548076923077,67235.306122449
71.25,40,8.86990384615385,67234.705882353
71.3,40,8.88,67249.5833333333
71.35,40,8.88,67270
71.4,40,8.87885714285714,67280
71.45,40,8.87409523809524,67270.1960784314
71.5,40,8.86792079207921,67260
71.55,40,8.85306930693069,67268.9795918367
71.6,40,8.84,67280
71.65,40,8.84,67284.5833333333
71.7,40,8.83941747572815,67299.2307692308
71.75,40,8.82970873786408,67301.2
71.8,40,8.82,67290
71.85,40,8.81047619047619,67299.5833333333
71.9,40,8.80095238095238,67300.3846153846
71.95,40,8.80882352941177,67290
72,40,8.81862745098039,67290
72.05,40,8.84067307692308,67285.5102040816
72.1,40,8.86471153846155,67292.7777777778
72.15,40,8.87,67313.9583333333
72.2,40,8.87,67328.4
72.25,40,8.86307692307692,67327.1428571429
72.3,40,8.85346153846154,67301.0204081633
72.35,40,8.84695238095238,67276.4705882353
72.4,40,8.84219047619048,67251.2
72.45,40,8.83465346534653,67240
72.5,40,8.82475247524753,67227.2340425532
72.55,40,8.825,67219.2
72.6,40,8.83461538461539,67230
72.65,40,8.84,67230
72.7,40,8.84,67242
72.75,40,8.84,67280
72.8,40,8.84,67310
72.85,40,8.83692307692307,67322.9411764706
72.9,40,8.82730769230769,67352.8571428571
72.95,40,8.82,67391.568627451
73,40,8.82,67420
73.05,40,8.82176470588236,67428.5714285714
73.1,40,8.83156862745098,67453.2
73.15,40,8.84,67461.2
73.2,40,8.84,67445.6862745098
73.25,40,8.83942307692308,67444.2
73.3,40,8.82980769230769,67437.6470588235
73.35,40,8.8201923076923,67412
73.4,40,8.81057692307692,67400
73.45,40,8.80096153846154,67400
73.5,40,8.81747572815534,67419
73.55,40,8.8368932038835,67450
73.6,40,8.83184466019417,67458.0769230769
73.65,40,8.8221359223301,67462.4
73.7,40,8.8125,67469.3877551021
73.75,40,8.80288461538461,67508
73.8,40,8.8,67512
73.85,40,8.8,67492.1568627451
73.9,40,8.80622641509434,67487.1698113208
73.95,40,8.81566037735849,67506.9565217391
74,40,8.82,67520
74.05,40,8.82,67493.4
74.1,40,8.82764150943397,67450
74.15,40,8.84179245283019,67450
74.2,40,8.85,67457.8431372549
74.25,40,8.85,67470
74.3,40,8.84457142857143,67462.9166666667
74.35,40,8.83028571428571,67457.4509803922
74.4,40,8.81725490196078,67470
74.45,40,8.80745098039215,67470
74.5,40,8.8,67473.8775510204
74.55,40,8.8,67476.0784313725
74.6,40,8.80173076923077,67470
74.65,40,8.81134615384616,67458.8235294117
74.7,40,8.81901960784313,67440
74.75,40,8.80921568627451,67427.2
74.8,40,8.80057692307693,67396.7346938775
74.85,40,8.81019230769231,67390
74.9,40,8.81980769230769,67400.3846153846
74.95,40,8.8342718446602,67413.6
75,40,8.84883495145631,67400
75.05,40,8.84553398058252,67400
75.1,40,8.84067961165048,67400
75.15,40,8.82330097087379,67396.6666666667
75.2,40,8.80388349514563,67393.3333333333
75.25,40,8.80747663551402,67407.0588235294
75.3,40,8.81682242990654,67420
75.35,40,8.82,67426
75.4,40,8.82,67434.1176470588
75.45,40,8.81425742574257,67425.7142857143
75.5,40,8.80435643564356,67440
75.55,40,8.80543689320389,67433.8775510204
75.6,40,8.81514563106797,67429.6
75.65,40,8.82485436893204,67450
75.7,40,8.83456310679612,67450
75.75,40,8.84,67450
75.8,40,8.84,67450
75.85,40,8.84,67450
75.9,40,8.84,67456.1224489796
75.95,40,8.84,67485.6862745098
76,40,8.84,67529.1836734694
76.05,40,8.83803921568627,67565.6862745098
76.1,40,8.82823529411764,67600
76.15,40,8.82,67607.3469387755
76.2,40,8.82,67630
76.25,40,8.82133333333333,67624
76.3,40,8.83085714285714,67607.0588235294
76.35,40,8.83900990099009,67602.8571428572
76.4,40,8.81425742574258,67610
76.45,40,8.78971698113207,67610
76.5,40,8.77556603773585,67615.8823529412
76.55,40,8.76141509433962,67630
76.6,40,8.77310679611651,67624.8936170213
76.65,40,8.78766990291262,67601.3461538462
76.7,40,8.81058823529413,67571.875
76.75,40,8.83509803921569,67552.8301886792
76.8,40,8.84,67560
76.85,40,8.84,67571.5384615385
76.9,40,8.84,67600
76.95,40,8.84,67594.1176470588
77,40,8.83425742574257,67571.7647058823
77.05,40,8.82435643564356,67557.6470588235
77.1,40,8.81450980392157,67575.1020408163
77.15,40,8.80470588235294,67573
77.2,40,8.80504854368932,67602.3529411765
77.25,40,8.8147572815534,67568
77.3,40,8.81342857142856,67527.6
77.35,40,8.79914285714285,67515
77.4,40,8.7952427184466,67494.4
77.45,40,8.80980582524272,67493.7254901961
77.5,40,8.82291262135922,67530
77.55,40,8.8326213592233,67535.2
77.6,40,8.84116504854369,67557.8
77.65,40,8.84601941747573,67580
77.7,40,8.85,67587.6470588235
77.75,40,8.85,67614.8979591837
77.8,40,8.84798076923077,67630
77.85,40,8.83355769230769,67630
77.9,40,8.81913461538461,67632.5
77.95,40,8.80471153846153,67644.5833333333
78,40,8.79028846153846,67652.2
78.05,40,8.79471153846154,67624.9019607843
78.1,40,8.79951923076923,67602.8
78.15,40,8.80857142857143,67580
78.2,40,8.81809523809524,67584.8
78.25,40,8.82,67602.3529411765
78.3,40,8.82,67614.4
78.35,40,8.82,67630
78.4,40,8.82,67625.9183673469
78.45,40,8.80971428571428,67610
78.5,40,8.79542857142857,67610
78.55,40,8.79,67607.8
78.6,40,8.79,67602.1568627451
78.65,40,8.78465346534653,67603.8775510204
78.7,40,8.77475247524752,67580
78.75,40,8.77495238095238,67584.4
78.8,40,8.78447619047619,67606.4705882353
78.85,40,8.79207920792079,67642
78.9,40,8.7970297029703,67696.1224489796
78.95,40,8.8,67728.4615384615
79,40,8.8,67756.4
79.05,40,8.7985294117647,67740
79.1,40,8.79362745098039,67740
79.15,40,8.7912380952381,67736.3265306122
79.2,40,8.796,67712
79.25,40,8.79921568627451,67672.3076923077
79.3,40,8.79431372549019,67643.2653061225
79.35,40,8.7888349514563,67654.4897959184
79.4,40,8.77912621359223,67632
79.45,40,8.76971153846154,67640
79.5,40,8.76490384615385,67635.625
79.55,40,8.76009615384615,67604.4897959184
79.6,40,8.70291262135919,67583.9215686275
79.65,40,8.64466019417475,67600
79.7,40,8.49708737864072,67594.2857142857
79.75,40,8.34174757281555,67558.3673469388
79.8,40,8.12980769230764,67551.8
79.85,40,7.90865384615371,67563.6
79.9,40,7.69124999999995,67574.7058823529
79.95,40,7.47490384615378,67545.2
80,40,7.25752475247526,67516.7346938775
80.05,32.6530612244789,7.03970297029699,67490.8163265306
80.1,0,6.84903846153837,67448.0769230769
80.15,0,6.67115384615379,67444.6153846154
80.2,0,6.50660377358483,67466.25
80.25,0,6.35094339622643,67417.358490566
80.3,0,6.19633663366336,67268.5714285713
80.35,0,6.04287128712867,67049.3877551019
80.4,0,5.88854368932039,66786.6
80.45,0,5.73320388349508,66451.3999999999
80.5,0,5.57786407766988,65944.6
80.55,0,5.42252427184461,65328.0392156862
80.6,0,5.27628571428565,64670.7999999996
80.65,0,5.14771428571425,64011.6326530612
80.7,0,5.02203883495139,63364.9019607842
80.75,0,4.90553398058251,62758.9795918367
80.8,0,4.78970588235291,62166.2745098038
80.85,0,4.67696078431367,61569.1999999997
80.9,0,4.56586538461538,60977.7551020408
80.95,0,4.46490384615383,60388.679245283
81,0,4.36388349514566,59871.6666666668
81.05,0,4.2619417475728,59285.6603773585
81.1,0,4.15999999999994,58826.2499999998
81.15,0,4.04785046728969,58262
81.2,0,3.93570093457939,57683.7499999997
81.25,0,3.83910891089108,57129.9999999999
81.3,0,3.74504950495046,56627.5999999998
81.35,0,3.65660194174753,56097.4999999998
81.4,0,3.56922330097086,55564
81.45,0,3.49647058823527,55018.8235294115
81.5,0,3.42784313725491,54506.1538461539
81.55,0,3.35714285714284,53966.8085106381
81.6,0,3.28571428571425,53421.1320754714
81.65,0,3.20666666666665,52927.551020408
81.7,0,3.1233333333333,52387.6923076921
81.75,0,3.04428571428571,51859.1489361701
81.8,0,2.96809523809521,51336.0784313723
81.85,0,2.89359223300966,50798.3673469386
81.9,0,2.82077669902911,50284.7169811321
81.95,0,2.76077669902911,49827.4468085105
82,0,2.71708737864078,49272
82.05,0,2.6752427184466,48790.9615384613
82.1,0,2.63640776699027,48299.9999999998
82.15,0,2.60230769230768,47800.7843137253
82.2,0,2.57826923076922,47308.7755102039
82.25,0,2.55184466019417,46791.6000000001
82.3,0,2.5178640776699,46313.1372549018
82.35,0,2.48475728155339,45853.5999999999
82.4,0,2.45563106796116,45410.6122448978
82.45,0,2.42826923076922,44922.3529411763
82.5,0,2.41384615384615,44451.8000000001
82.55,0,2.39902912621359,43979.9999999999
82.6,0,2.37475728155339,43488.7999999998
82.65,0,2.35048543689321,43093.9999999998
82.7,0,2.3264423076923,42646.1538461537
82.75,0,2.30240384615384,42221.2499999999
82.8,0,2.29117647058823,41757.9999999999
82.85,0,2.2813725490196,41363.0769230768
82.9,0,2.26771428571428,41027.6923076922
82.95,0,2.25342857142856,40719.9999999998
83,0,2.23893203883495,40410
83.05,0,2.22436893203883,40104.1176470588
83.1,0,2.20333333333332,39840.1960784313
83.15,0,2.1795238095238,39595.2083333333
83.2,0,2.16108910891088,39357.6470588235
83.25,0,2.14623762376237,39151.6666666666
83.3,0,2.14,38944.6153846153
83.35,0,2.14,38752.8301886792
83.4,0,2.135,38573.5849056604
83.45,0,2.12538461538461,38383.7999999999
83.5,0,2.10718446601942,38210.9433962265
83.55,0,2.07805825242717,38060
83.6,0,2.05446601941747,37914.074074074
83.65,0,2.03990291262136,37765.9259259259
83.7,0,2.03,37607.8
83.75,0,2.03,37497.8431372549
83.8,0,2.02732673267326,37390
83.85,0,2.01247524752474,37259.9999999999
83.9,0,2,37130
83.95,0,2,37022.156862745
84,0,1.99735849056604,36912.2
84.05,0,1.97849056603773,36780
84.1,0,1.95970297029702,36680
84.15,0,1.94485148514851,36598.4615384615
84.2,0,1.93,36521.5384615384
84.25,0,1.93,36430
84.3,0,1.93,36330
84.35,0,1.92148514851484,36238.0392156862
84.4,0,1.91158415841584,36140
84.45,0,1.90588235294117,36059.9999999999
84.5,0,1.90098039215686,35960
84.55,0,1.88846153846153,35881.5686274509
84.6,0,1.87403846153846,35800
84.65,0,1.86300970873786,35723.0769230769
84.7,0,1.85330097087379,35631.8367346938
84.75,0,1.85640776699029,35551.6
84.8,0,1.86611650485437,35471.6
84.85,0,1.87291262135923,35401.4
84.9,0,1.87776699029126,35311.8
84.95,0,1.86714285714285,35233.1372549019
85,0,1.84333333333333,35161.4285714286
85.05,0,1.8213725490196,35102.3529411765
85.1,0,1.80176470588234,35026.1538461538
85.15,0,1.79,34947.8431372549
85.2,0,1.79,34879.9999999999
85.25,0,1.79,34783.8461538462
85.3,0,1.79,34704.7058823529
85.35,0,1.7878431372549,34641.25
85.4,0,1.77803921568627,34564.6153846154
85.45,0,1.77259615384616,34483.2653061224
85.5,0,1.78701923076923,34385.8823529411
85.55,0,1.79855769230769,34324.7058823529
85.6,0,1.78413461538461,34247.8431372549
85.65,0,1.76970873786408,34174.375
85.7,0,1.75514563106796,34113.6
85.75,0,1.74058252427185,34044.2
85.8,0,1.75411764705882,34011.8
85.85,0,1.76882352941177,33934.8
85.9,0,1.78339805825243,33883.9215686274
85.95,0,1.79796116504855,33823.6734693877
86,0,1.80826923076923,33773.9215686274
86.05,0,1.81788461538462,33725.7692307692
86.1,0,1.80874999999999,33682.5531914894
86.15,0,1.79432692307692,33632.0408163265
86.2,0,1.77640776699028,33582.9411764706
86.25,0,1.75699029126214,33551.8
86.3,0,1.75,33503.9215686274
86.35,0,1.75,33471.8367346939
86.4,0,1.75557692307692,33442.8846153846
86.45,0,1.76519230769231,33404
86.5,0,1.77,33390.8163265306
86.55,0,1.77,33390
86.6,0,1.7764077669903,33371.9230769231
86.65,0,1.79097087378641,33360.8163265306
86.7,0,1.79451923076923,33341.6
86.75,0,1.78009615384615,33312.9411764706
86.8,0,1.77,33310
86.85,0,1.77,33292.0408163265
86.9,0,1.76764705882353,33307.6470588235
86.95,0,1.7578431372549,33292.0408163265
87,0,1.74903846153846,33290
87.05,0,1.74423076923077,33290
87.1,0,1.74,33290
87.15,0,1.74,33290
87.2,0,1.74056603773585,33281.3461538461
87.25,0,1.75471698113207,33280
87.3,0,1.7688679245283,33280
87.35,0,1.7792,33288.9795918367
87.4,0,1.7892,33281
87.45,0,1.78132075471698,33280
87.5,0,1.77188679245283,33262.4489795918
87.55,0,1.75823529411764,33260
87.6,0,1.7435294117647,33243.137254902
87.65,0,1.7326213592233,33231.0638297872
87.7,0,1.72291262135922,33212.6923076923
87.75,0,1.73029411764706,33183.6734693878
87.8,0,1.745,33180
87.85,0,1.76257142857144,33162.8
87.9,0,1.78161904761905,33151.7307692308
87.95,0,1.78456310679611,33132.9166666667
88,0,1.77485436893204,33130
88.05,0,1.77,33147.2549019608
88.1,0,1.77,33123.125
88.15,0,1.7635922330097,33120
88.2,0,1.74902912621359,33120
88.25,0,1.74182692307692,33128.4615384615
88.3,0,1.74663461538462,33130
88.35,0,1.75288461538462,33146.8
88.4,0,1.7625,33150
88.45,0,1.77,33158.2
88.5,0,1.77,33151.8
88.55,0,1.77,33158.0392156863
88.6,0,1.77,33152.1568627451
88.65,0,1.77,33150
88.7,0,1.77,33174.1176470588
88.75,0,1.76961165048544,33180
88.8,0,1.75990291262136,33180
88.85,0,1.75019417475728,33163.8461538461
88.9,0,1.75,33176.3265306122
88.95,0,1.75,33196.4
89,0,1.75,33208.3673469388
89.05,0,1.75,33210
89.1,0,1.75,33226.4
89.15,0,1.75,33238.0392156863
89.2,0,1.75,33240
89.25,0,1.75,33240
89.3,0,1.75699029126214,33231.8367346939
89.35,0,1.76669902912622,33230
89.4,0,1.77,33230
89.45,0,1.77,33230
89.5,0,1.77,33230
89.55,0,1.77,33205.8823529412
89.6,0,1.76529411764705,33200
89.65,0,1.75549019607843,33200
89.7,0,1.75,33200
89.75,0,1.75,33200
89.8,0,1.74495327102804,33184.0816326531
89.85,0,1.73093457943925,33164.3137254902
89.9,0,1.72217821782178,33175.9183673469
89.95,0,1.73207920792079,33164.3137254902
90,0,1.74294117647059,33175.9183673469
90.05,0,1.75764705882353,33164
90.1,0,1.77,33152.1568627451
90.15,0,1.77,33157.9591836735
90.2,0,1.76825242718446,33175.6862745098
90.25,0,1.75368932038835,33164.4
90.3,0,1.74085714285715,33160
90.35,0,1.75514285714287,33160
90.4,0,1.76942857142858,33175.6
90.45,0,1.77,33164.4
90.5,0,1.77,33137.0588235294
90.55,0,1.77,33122.8301886792
90.6,0,1.77,33105.1063829787
90.65,0,1.77811881188119,33100
90.7,0,1.7880198019802,33100
90.75,0,1.79,33100
90.8,0,1.79,33085.4166666667
90.85,0,1.79,33080
90.9,0,1.79,33072.9411764706
90.95,0,1.77446601941747,33055.1063829787
91,0,1.75019417475728,33050
91.05,0,1.73436893203883,33050
91.1,0,1.72466019417475,33050
91.15,0,1.72757281553398,33042.6923076923
91.2,0,1.7421359223301,33047.5
91.25,0,1.75442307692308,33050
91.3,0,1.76403846153846,33050
91.35,0,1.77,33064.1176470588
91.4,0,1.77,33070
91.45,0,1.76722772277228,33076.9811320755
91.5,0,1.75732673267327,33080
91.55,0,1.75,33080
91.6,0,1.75,33080
91.65,0,1.75174757281554,33094.5098039216
91.7,0,1.76145631067962,33100
91.75,0,1.76884615384615,33113.3333333333
91.8,0,1.75923076923077,33120
91.85,0,1.75038834951457,33120
91.9,0,1.76009708737864,33106.25
91.95,0,1.76980582524272,33114
92,0,1.77,33120
92.05,0,1.77,33120
92.1,0,1.77,33106.8
92.15,0,1.77,33100
92.2,0,1.77826923076923,33100
92.25,0,1.78788461538462,33113.7254901961
92.3,0,1.79378640776699,33106.4
92.35,0,1.79864077669903,33100
92.4,0,1.79660377358491,33113.75
92.45,0,1.79188679245283,33120
92.5,0,1.79294117647059,33120
92.55,0,1.7978431372549,33139.5918367347
92.6,0,1.80815533980583,33150
92.65,0,1.82271844660194,33156.5306122449
92.7,0,1.82264705882353,33186.9387755102
92.75,0,1.80794117647059,33220
92.8,0,1.79336538461538,33216.5306122449
92.85,0,1.7789423076923,33210
92.9,0,1.77368932038835,33223.6
92.95,0,1.78339805825243,33216.4
93,0,1.79,33223.3333333333
93.05,0,1.79,33230
93.1,0,1.78568627450979,33236.6666666667
93.15,0,1.76607843137255,33240
93.2,0,1.75,33253.0612244898
93.25,0,1.75,33246.5306122449
93.3,0,1.75097087378641,33253.0769230769
93.35,0,1.76067961165049,33273.3333333333
93.4,0,1.77,33280
93.45,0,1.77,33280
93.5,0,1.77,33286.4705882353
93.55,0,1.77932038834952,33303.3333333333
93.6,0,1.7890291262136,33310
93.65,0,1.79432692307692,33297.5471698113
93.7,0,1.79913461538462,33290
93.75,0,1.79601941747573,33290
93.8,0,1.79116504854369,33283.5294117647
93.85,0,1.79,33280
93.9,0,1.79,33286.2745098039
93.95,0,1.79,33290
94,0,1.79,33284.0816326531
94.05,0,1.79902912621359,33255
94.1,0,1.81359223300971,33240
94.15,0,1.81184466019418,33252.8
94.2,0,1.79728155339805,33260
94.25,0,1.78514563106796,33248
94.3,0,1.77543689320388,33252.2448979592
94.35,0,1.7742718446602,33260
94.4,0,1.78398058252427,33260
94.45,0,1.78634615384615,33278.2352941177
94.5,0,1.77673076923077,33283.8775510204
94.55,0,1.77432692307693,33280
94.6,0,1.78875000000001,33280
94.65,0,1.80320388349514,33286.2
94.7,0,1.81776699029127,33283.9215686274
94.75,0,1.83152380952381,33280
94.8,0,1.84104761904762,33280
94.85,0,1.85089108910892,33280
94.9,0,1.86574257425743,33286
94.95,0,1.88057692307693,33302
95,0,1.895,33315.8823529412
95.05,0,1.90942307692308,33320
95.1,35.0000000000237,1.94230769230771,33331.6666666667
95.15,60,1.97596153846154,33340
95.2,60,2.00135922330098,33340
95.25,60,2.02563106796117,33340
95.3,60,2.04971153846155,33340
95.35,60,2.07375000000001,33351.7647058824
95.4,60,2.10198019801981,33365.8
95.45,60,2.13168316831684,33381.6
95.5,60,2.17461538461538,33425.5102040816
95.55,60,2.22269230769231,33489.6226415094
95.6,60,2.27384615384617,33565
95.65,60,2.32673076923078,33652.2
95.7,60,2.37446601941749,33752.5490196079
95.75,60,2.41815533980582,33872.8
95.8,60,2.45941747572816,33992.8571428572
95.85,60,2.49825242718449,34132.8000000001
95.9,60,2.53903846153848,34302.3529411765
95.95,60,2.58230769230771,34488.5714285715
96,60,2.63470588235294,34675.9615384615
96.05,60,2.70333333333335,34875.7142857143
96.1,60,2.77000000000003,35098.8000000001
96.15,60,2.83250000000002,35309.8039215686
96.2,60,2.89846153846158,35543.2653061225
96.25,60,2.97538461538462,35816.1538461538
96.3,60,3.05254901960786,36082.4528301887
96.35,60,3.13098039215689,36358.9583333335
96.4,60,3.20807692307692,36673.0434782609
96.45,60,3.27538461538464,36986.274509804
96.5,60,3.34313725490198,37297.6923076923
96.55,60,3.42156862745101,37646.3265306123
96.6,60,3.50000000000006,37952.5454545456
96.65,60,3.6,38270.888888889
96.7,60,3.70000000000001,38652.1153846155
96.75,60,3.79653846153845,39011.3725490196
96.8,60,3.89269230769233,39375
96.85,60,3.98961165048548,39753.9215686276
96.9,60,4.08669902912622,40155
96.95,60,4.19568627450983,40568.3333333334
97,60,4.308431372549,40966.4705882352
97.05,60,4.41542857142858,41378.1632653062
97.1,60,4.52019047619052,41807.6470588237
97.15,60,4.63901960784315,42235.0000000001
97.2,60,4.76647058823533,42689.7872340427
97.25,60,4.90644230769231,43153.5294117646
97.3,60,5.05548076923083,43624.6938775511
97.35,60,5.2035294117648,44114.7058823532
97.4,60,5.35058823529416,44615.2
97.45,60,5.49029126213598,45141.224489796
97.5,60,5.62135922330097,45639.6226415093
97.55,60,5.76346153846158,46155
97.6,60,5.92211538461549,46690.0000000002
97.65,60,6.07923076923082,47209.2307692309
97.7,60,6.23307692307699,47753.4693877553
97.75,60,6.39730769230769,48294.4
97.8,60,6.59442307692309,48844.2857142858
97.85,60,6.80470588235301,49419.2156862748
97.9,60,7.08411764705886,49994.2857142857
97.95,60,7.36000000000014,50564.3137254903
98,60,7.61,51148.9795918367
98.05,60,7.86,51733.6538461539
98.1,60,8.07287128712876,52328.6274509808
98.15,60,8.28574257425741,52913.4693877553
98.2,60,8.59800000000007,53487.5000000002
98.25,60,8.91228571428571,54130
98.3,60,9.26611650485442,54792.1568627453
98.35,60,9.62533980582535,55453.3333333336
98.4,60,9.93519607843134,56116.8000000001
98.45,60,10.2342156862745,56767.2000000003
98.5,60,10.5953398058252,57404.6153846154
98.55,60,10.9739805825244,58060.8163265308
98.6,60,11.3474285714287,58741.1764705886
98.65,60,11.7188571428571,59485.2000000002
98.7,60,12.0788235294119,60343.461538462
98.75,60,12.4317647058824,61271.6666666668
98.8,60,12.8030769230771,62260.0000000003
98.85,60,13.1876923076925,63264.6938775515
98.9,60,13.5001923076923,64250.8000000002
98.95,60,13.740576923077,65183.8461538465
99,60,13.902427184466,66082.5490196078
99.05,60,13.9558252427185,66994.2857142859
99.1,60,13.9882352941176,67896.5384615388
99.15,60,13.9833333333333,68785.0000000002
99.2,60,13.98,69701.6000000003
99.25,60,13.98,70595.1020408163
99.3,60,13.9749514563107,71466.4000000003
99.35,60,13.9555339805825,72293.2075471702
99.4,60,13.94,73120.0000000001
99.45,60,13.94,73975.098039216
99.5,60,13.9419230769231,74837.4468085108
99.55,60,13.9611538461539,75647.8431372551
99.6,60,13.9798039215686,76434.3750000002
99.65,60,13.97,77265.9615384615
99.7,60,13.9601960784314,77987.8000000001
99.75,60,13.9457281553398,78556.4705882352
99.8,60,13.9311650485437,79035.1020408164
99.85,60,13.93,79371.1764705883
99.9,60,13.93,79592.5
99.95,60,13.9341176470588,79747.6923076924
100,60,13.9390196078431,79887.0588235294
100.05,60,13.94,79998.7755102041
100.1,60,13.94,80080
100.15,60,13.94,80110
100.2,60,13.94,80113.7254901961
100.25,60,13.9370192307692,80120
100.3,60,13.9322115384615,80120
100.35,60,13.9246534653465,80128
100.4,60,13.9147524752475,80140
100.45,60,13.905,80147.7551020408
100.5,60,13.8953846153846,80164
100.55,60,13.89,80150
100.6,60,13.89,80127.8431372549
100.65,60,13.893738317757,80132.4
100.7,60,13.9030841121495,80120
100.75,60,13.9125242718447,80097.2
100.8,60,13.9222330097087,80079
100.85,60,13.9280392156863,80110
100.9,60,13.9182352941176,80110
100.95,60,13.91,80110
101,60,13.91,80102.5490196078
101.05,60,13.9090291262136,80097.3469387755
101.1,60,13.8993203883495,80110
101.15,60,13.8903846153846,80103.0769230769
101.2,60,13.9,80090
101.25,60,13.9096153846154,80086.4
101.3,60,13.91,80090.5882352941
101.35,60,13.91,80110
101.4,60,13.8969306930693,80102.9411764706
101.45,60,13.8820792079208,80090
101.5,60,13.88,80090
101.55,60,13.88,80090
101.6,60,13.8835849056604,80086.6666666667
101.65,60,13.8883018867925,80083.137254902
101.7,60,13.8868,80105.9574468085
101.75,60,13.8818,80133.2075471698
101.8,60,13.8830769230769,80120
101.85,60,13.8878846153846,80120
101.9,60,13.89,80133.0769230769
101.95,60,13.89,80160
102,60,13.8949019607843,80169.2307692308
102.05,60,13.9047058823529,80184.1666666667
102.1,60,13.91,80176.2745098039
102.15,60,13.91,80198.6538461538
102.2,60,13.9044660194175,80214.2222222222
102.25,60,13.8899029126214,80206.7924528302
102.3,60,13.8845283018868,80226.25
102.35,60,13.898679245283,80233.5849056604
102.4,60,13.91,80220
102.45,60,13.91,80210.7692307692
102.5,60,13.9082692307692,80192.8571428571
102.55,60,13.8986538461538,80200
102.6,60,13.8885576923077,80205.6
102.65,60,13.8741346153846,80220
102.7,60,13.8602857142857,80211.6
102.75,60,13.8745714285714,80192.9166666667
102.8,60,13.8888571428571,80200
102.85,60,13.898932038835,80200
102.9,60,13.908640776699,80212
102.95,60,13.9014851485149,80234.1176470588
103,60,13.8915841584158,80225.6
103.05,60,13.8777669902913,80240
103.1,60,13.8632038834951,80234
103.15,60,13.867358490566,80214
103.2,60,13.8767924528302,80197.1153846154
103.25,60,13.88,80203.2653061225
103.3,60,13.88,80234.2857142857
103.35,60,13.88,80228.8235294118
103.4,60,13.88,80258.5714285714
103.45,60,13.8826732673267,80285.8823529412
103.5,60,13.8876237623762,80294.2857142857
103.55,60,13.89,80294.4230769231
103.6,60,13.89,80337.9591836735
103.65,60,13.8877884615385,80360
103.7,60,13.8829807692308,80360
103.75,60,13.8818446601942,80365.0980392157
103.8,60,13.8866990291262,80372.8
103.85,60,13.8884761904762,80337.7551020408
103.9,60,13.8837142857143,80292.2
103.95,60,13.8767647058823,80272.6
104,60,13.8620588235294,80285.306122449
104.05,60,13.8508653846154,80286.2745098039
104.1,60,13.8556730769231,80250
104.15,60,13.8609708737864,80257.8
104.2,60,13.8706796116505,80269.6
104.25,60,13.8796226415094,80242.4528301887
104.3,60,13.8701886792453,80255.8823529412
104.35,60,13.8607547169811,80278.0434782609
104.4,60,13.8691089108911,80283
104.45,60,13.8790099009901,80309.6
104.5,60,13.88,80277.4
104.55,60,13.88,80272.5
104.6,60,13.8678846153846,80280
104.65,60,13.8534615384615,80288.6274509804
104.7,60,13.8536538461538,80316
104.75,60,13.8584615384615,80296.0784313726
104.8,60,13.8666019417476,80280
104.85,60,13.8763106796117,80284.705882353
104.9,60,13.88,80293.4
104.95,60,13.88,80272.2
105,60,13.8745098039216,80284.2307692308
105.05,60,13.8647058823529,80303.75
105.1,60,13.8650485436893,80320
105.15,60,13.8747572815534,80320
105.2,60,13.88,80321.8
105.25,60,13.88,80339.375
105.3,60,13.8764705882353,80380
105.35,60,13.8666666666667,80375.6
105.4,60,13.8584905660377,80360
105.45,60,13.8537735849057,80360
105.5,60,13.8509900990099,80369.375
105.55,60,13.8559405940594,80403.6538461538
105.6,60,13.8617475728155,80380
105.65,60,13.8714563106796,80376
105.7,60,13.8805769230769,80360
105.75,60,13.8853846153846,80368
105.8,60,13.8898130841121,80401.9607843137
105.85,60,13.8851401869159,80401.1764705882
105.9,60,13.8804672897196,80355.1020408163
105.95,60,13.8709090909091,80333.6
106,60,13.8608080808081,80346.4
106.05,60,13.868932038835,80328.1632653061
106.1,60,13.878640776699,80321.9607843137
106.15,60,13.8717307692308,80324.6
106.2,60,13.8621153846154,80296.4
106.25,60,13.86,80280
106.3,60,13.86,80287.2
106.35,60,13.86,80321.7307692308
106.4,60,13.86,80330
106.45,60,13.86,80335.4
106.5,60,13.86,80360
106.55,60,13.86,80358.4210526316
106.6,60,13.86,80350
106.65,60,13.86,80351.4285714286
106.7,60,13.86,80358.3673469388
106.75,60,13.86,80355.4
106.8,60,13.86,80380
106.85,60,13.86,80383.2
106.9,60,13.86,80401.568627451
106.95,60,13.86,80412.7450980392
107,60,13.86,80424.1176470588
107.05,60,13.86,80374.8979591837
107.1,60,13.86,80328.8461538462
107.15,60,13.86,80322.4489795918
107.2,60,13.86,80353.125
107.25,60,13.86,80384.1176470588
107.3,60,13.86,80408.7755102041
107.35,60,13.86,80404.0384615385
107.4,60,13.86,80428
107.45,60,13.86,80408.9583333333
107.5,60,13.8462857142857,80397.3076923077
107.55,60,13.832,80382.8846153846
107.6,60,13.8214,80411.9565217392
107.65,60,13.8114,80445.4901960784
107.7,60,13.8183495145631,80480
107.75,60,13.8280582524272,80480
107.8,60,13.837476635514,80481.2244897959
107.85,60,13.8468224299065,80490
107.9,60,13.8597058823529,80490
107.95,60,13.8744117647059,80492.2641509434
108,60,13.8830097087379,80508.125
108.05,60,13.8878640776699,80480
108.1,60,13.8872815533981,80477.6
108.15,60,13.882427184466,80460
108.2,60,13.8750980392157,80460
108.25,60,13.8652941176471,80455.1923076923
108.3,60,13.864380952381,80411.2
108.35,60,13.8739047619048,80430
108.4,60,13.8764705882353,80428
108.45,60,13.8666666666667,80412.8846153846
108.5,60,13.8554285714286,80441.2
108.55,60,13.8411428571429,80458.2
108.6,60,13.83,80433.0612244898
108.65,60,13.83,80480
108.7,60,13.8323762376238,80478.431372549
108.75,60,13.8472277227723,80461.2
108.8,60,13.86,80477.6923076923
108.85,60,13.86,80440.4166666667
108.9,60,13.8602912621359,80460
108.95,60,13.874854368932,80460
109,60,13.8894174757282,80460
109.05,60,13.8853398058252,80461.5384615385
109.1,60,13.8804854368932,80480.4081632653
109.15,60,13.8668932038835,80490
109.2,60,13.8523300970874,80491.6981132075
109.25,60,13.8418446601942,80520
109.3,60,13.8321359223301,80557.6
109.35,60,13.83,80517.6470588235
109.4,60,13.83,80480
109.45,60,13.83,80481.6
109.5,60,13.83,80520.7843137255
109.55,60,13.8144660194175,80539.5833333333
109.6,60,13.7901941747573,80520
109.65,60,13.7631067961165,80519.4
109.7,60,13.7339805825243,80510
109.75,60,13.7,80509.2
109.8,60,13.6615384615385,80488.8679245283
109.85,60,13.6058252427184,80460.5660377358
109.9,60,13.5281553398058,80459
109.95,60,13.4209708737864,80410
110,60,13.2656310679612,80409.4
110.05,60,13.0784615384614,80380.4
110.1,58.823529411726,12.8236538461537,80400
110.15,0,12.5596153846154,80400
110.2,0,12.266346153846,80400
110.25,0,11.9690196078431,80400
110.3,0,11.6503921568626,80316.8
110.35,0,11.3391428571427,80154.6153846152
110.4,0,11.082,79885.3846153846
110.45,0,10.8248039215686,79519.9999999998
110.5,0,10.565,79110
110.55,0,10.3051960784313,78860
110.6,0,10.0335922330095,78489.9999999997
110.65,0,9.76174757281548,77980
110.7,0,9.46399999999985,77450.5882352939
110.75,0,9.16399999999992,76869.8076923076
110.8,0,8.8420792079207,76360.1923076921
110.85,0,8.51534653465339,75789.5999999997
110.9,0,8.24615384615386,75268.6274509803
110.95,0,7.99134615384607,74699.9999999997
111,0,7.76228571428569,74090
111.05,0,7.543238095238,73511.5686274507
111.1,0,7.32188118811866,72919.9999999997
111.15,0,7.09910891089101,72307.8846153846
111.2,0,6.89285714285705,71702.1153846151
111.25,0,6.69761904761905,71082.4000000001
111.3,0,6.51019417475724,70523.4615384614
111.35,0,6.33058252427173,69879.9999999997
111.4,0,6.16592233009704,69321.1764705883
111.45,0,6.02029126213585,68771.9607843135
111.5,0,5.87153846153845,68260.2040816327
111.55,0,5.71769230769228,67622.7999999997
111.6,0,5.56776699029121,66825.9999999996
111.65,0,5.42699029126211,66045.6000000001
111.7,0,5.29230769230763,65332.6923076921
111.75,0,5.17692307692307,64626.4705882352
111.8,0,5.05999999999997,63884.8936170209
111.85,0,4.93499999999993,63226.2745098037
111.9,0,4.81137254901957,62597.6470588234
111.95,0,4.70352941176465,61943.1249999997
112,0,4.59538461538459,61334.3137254903
112.05,0,4.47999999999997,60754.7058823528
112.1,0,4.36461538461534,60288.3673469386
112.15,0,4.25384615384613,59703.5999999998
112.2,0,4.14326923076917,59131.4285714283
112.25,0,4.04115384615383,58526.346153846
112.3,0,3.94019230769229,57963.5999999998
112.35,0,3.8526732673267,57394.1999999998
112.4,0,3.76851485148514,56832.4489795916
112.45,0,3.68249999999996,56273.5294117645
112.5,0,3.59596153846152,55694.7999999998
112.55,0,3.51902912621356,55161.7999999998
112.6,0,3.44621359223297,54612.0408163263
112.65,0,3.36819047619047,54091.1764705881
112.7,0,3.28723809523808,53561.7999999998
112.75,0,3.2106796116505,53032.3529411764
112.8,0,3.13786407766988,52502.3999999999
112.85,0,3.0627184466019,51981.2244897958
112.9,0,2.98504854368931,51461.5686274509
112.95,0,2.91145631067959,50932.3999999999
113,0,2.84349514563108,50420.7999999999
113.05,0,2.78252427184466,49882.4489795917
113.1,0,2.73398058252425,49389.3999999999
113.15,0,2.68676470588234,48899.2156862744
113.2,0,2.64264705882351,48399.9999999999
113.25,0,2.6075,47899.9999999999
113.3,0,2.59788461538461,47444.3396226415
113.35,0,2.5839423076923,46977.4999999999
113.4,0,2.55028846153846,46507.0588235294
113.45,0,2.51708737864076,46037.5510204081
113.5,0,2.48796116504854,45575.3846153846
113.55,0,2.45884615384615,45088.9795918367
113.6,0,2.42999999999998,44607.9999999997
113.65,0,2.40115384615384,44222.5
113.7,0,2.38135922330096,43740
113.75,0,2.36194174757281,43292.9411764706
113.8,0,2.35563106796116,42860.3921568626
113.85,0,2.35077669902912,42421.5999999998
113.9,0,2.33788461538461,42056.4705882352
113.95,0,2.32346153846153,41669.3617021276
114,0,2.29442307692307,41327.1153846154
114.05,0,2.26076923076922,41013.3999999999
114.1,0,2.239900990099,40701.2499999998
114.15,0,2.22504950495049,40431.7647058823
114.2,0,2.22,40193.4693877551
114.25,0,2.22,39962.3076923077
114.3,0,2.22,39723.5999999999
114.35,0,2.22,39509.3999999999
114.4,0,2.21278846153846,39273.6
114.45,0,2.19836538461538,39096.6666666666
114.5,0,2.17990384615385,38886.25
114.55,0,2.15586538461538,38704.7058823529
114.6,0,2.13166666666666,38539.5918367346
114.65,0,2.1071568627451,38381.9607843137
114.7,0,2.08563106796116,38227.6923076923
114.75,0,2.07106796116505,38068.8
114.8,0,2.05650485436893,37937.4999999999
114.85,0,2.04194174757281,37808.1999999999
114.9,0,2.03,37678.2
114.95,0,2.03,37541.9607843137
115,0,2.03,37417.1428571429
115.05,0,2.03,37305.4
115.1,0,2.02961165048543,37202.4074074073
115.15,0,2.01990291262136,37100.4081632653
115.2,0,2.01019417475728,36988.3333333333
115.25,0,1.99586538461538,36895.8823529412
115.3,0,1.98144230769231,36783.5294117647
115.35,0,1.96689320388349,36685
115.4,0,1.95233009708737,36577.6
115.45,0,1.942,36492.8
115.5,0,1.93247619047619,36379.2
115.55,0,1.92281553398058,36294.1176470588
115.6,0,1.9131067961165,36216.923076923
115.65,0,1.91,36128.3673469388
115.7,0,1.91,36044.693877551
115.75,0,1.9070297029703,35966.9230769231
115.8,0,1.90207920792079,35867.0212765957
115.85,0,1.89163461538461,35800.5882352941
115.9,0,1.87721153846154,35725.6862745098
115.95,0,1.86519230769231,35646
116,0,1.85557692307692,35564.693877551
116.05,0,1.85,35468
116.1,0,1.85,35363.2692307692
116.15,0,1.8447572815534,35260.4081632653
116.2,0,1.83019417475728,35177.2549019608
116.25,0,1.82,35098.8235294118
116.3,0,1.82,35017.9591836735
116.35,0,1.81682692307692,34953.2
116.4,0,1.80240384615385,34875
116.45,0,1.7906862745098,34795.6862745098
116.5,0,1.79558823529412,34717.2549019608
116.55,0,1.8,34620.4081632653
116.6,0,1.8,34530.7692307692
116.65,0,1.8,34455.7142857143
116.7,0,1.79519230769231,34377.6
116.75,0,1.79038461538461,34312.2448979592
116.8,0,1.79455445544555,34253.8461538461
116.85,0,1.79950495049505,34179.2
116.9,0,1.8,34096.6666666666
116.95,0,1.8,34027.1698113207
117,0,1.8,33947.0212765957
117.05,0,1.8,33891.5384615385
117.1,0,1.8,33837.7777777778
117.15,0,1.8,33776.5957446809
117.2,0,1.79653846153846,33722.2448979592
117.25,0,1.79173076923077,33687.6470588235
117.3,0,1.79,33649.7959183673
117.35,0,1.79,33617.6470588235
117.4,0,1.79,33587.3469387755
117.45,0,1.79,33565.3846153846
117.5,0,1.79,33530.612244898
117.55,0,1.79,33505.7692307692
117.6,0,1.78603960396039,33484.7826086956
117.65,0,1.77613861386139,33472.5
117.7,0,1.77361904761905,33470
117.75,0,1.78314285714286,33470
117.8,0,1.79137254901961,33470
117.85,0,1.79627450980392,33455.2
117.9,0,1.80233009708738,33464.5098039216
117.95,0,1.81203883495146,33470
118,0,1.81571428571429,33455.306122449
118.05,0,1.79190476190476,33450
118.1,0,1.77078431372549,33442.7450980392
118.15,0,1.78058823529412,33425.6
118.2,0,1.79,33420
118.25,0,1.79,33420
118.3,0,1.79,33420
118.35,0,1.78066666666666,33434.0425531915
118.4,0,1.77114285714286,33440
118.45,0,1.77871287128713,33425.6
118.5,0,1.78861386138614,33434.1176470588
118.55,0,1.79413461538462,33461
118.6,0,1.79894230769231,33470
118.65,0,1.79625,33477
118.7,0,1.79144230769231,33480
118.75,0,1.78320388349515,33473.125
118.8,0,1.77349514563107,33470
118.85,0,1.77,33470
118.9,0,1.77,33470
118.95,0,1.77557692307693,33476.9387755102
119,0,1.78519230769231,33480
119.05,0,1.79,33473
119.1,0,1.79,33477
119.15,0,1.78580952380952,33473
119.2,0,1.77628571428571,33470
119.25,0,1.77330097087379,33456.25
119.3,0,1.78300970873786,33463.7254901961
119.35,0,1.78725490196078,33456.1224489796
119.4,0,1.77745098039216,33470.1923076923
119.45,0,1.77233009708738,33473.4
119.5,0,1.78203883495146,33470
119.55,0,1.79,33476.7346938776
119.6,0,1.79,33493.3333333333
119.65,0,1.78902912621359,33500
119.7,0,1.77932038834951,33487.1698113207
119.75,0,1.77,33480
119.8,0,1.77,33473.3333333333
119.85,0,1.77,33476.8
119.9,0,1.7795145631068,33473.3333333333
119.95,0,1.78922330097088,33470
120,0,1.79442307692308,33470
120.05,0,1.79923076923077,33476.2745098039
120.1,0,1.796,33480
120.15,0,1.7912380952381,33473.6734693878
120.2,0,1.79366336633663,33470
120.25,0,1.79861386138614,33457.3076923077
120.3,0,1.8,33443.8
120.35,0,1.8,33446.3265306122
120.4,0,1.8,33443.7254901961
120.45,0,1.8,33446.2
120.5,0,1.8,33450
120.55,0,1.8,33443.7254901961
120.6,0,1.8,33440
120.65,0,1.8,33440
120.7,0,1.8,33440
120.75,0,1.8,33427.7551020408
120.8,0,1.79828571428571,33432.4
120.85,0,1.79352380952381,33440
120.9,0,1.78742574257426,33427.6
120.95,0,1.77752475247524,33432.1568627451
121,0,1.77,33428
121.05,0,1.77,33432
121.1,0,1.77233009708738,33440
121.15,0,1.7868932038835,33440
121.2,0,1.79951456310679,33428
121.25,0,1.79466019417476,33432.2448979592
121.3,0,1.79,33427.8431372549
121.35,0,1.79,33420
121.4,0,1.79,33431.6
121.45,0,1.79,33440
121.5,0,1.79,33428.1632653061
121.55,0,1.79441176470588,33420
121.6,0,1.7993137254902,33420
121.65,0,1.80811320754717,33431.7647058824
121.7,0,1.81754716981133,33440
121.75,0,1.80922330097087,33428.1632653061
121.8,0,1.79466019417475,33432
121.85,0,1.78326732673267,33440
121.9,0,1.77336633663366,33440
121.95,0,1.77951923076924,33440
122,0,1.79394230769231,33440
122.05,0,1.8,33428.4
122.1,0,1.8,33431.3725490196
122.15,0,1.79759615384615,33428.3333333333
122.2,0,1.79278846153846,33431.5384615385
122.25,0,1.78592233009709,33440
122.3,0,1.77621359223301,33428.75
122.35,0,1.77519230769232,33420
122.4,0,1.78961538461539,33431.25
122.45,0,1.8,33440
122.5,0,1.8,33440
122.55,0,1.80247619047619,33440
122.6,0,1.812,33440
122.65,0,1.82,33440
122.7,0,1.82,33429.4117647059
122.75,0,1.82,33420
122.8,0,1.82,33420
122.85,0,1.81980582524271,33430.8
122.9,0,1.81009708737864,33440
122.95,0,1.80038834951456,33445.306122449
123,0,1.80932038834951,33450
123.05,0,1.81902912621359,33450
123.1,0,1.82,33444.8979591837
123.15,0,1.82,33440
123.2,0,1.79980769230768,33440
123.25,0,1.77576923076923,33445.3846153846
123.3,0,1.77,33450
123.35,0,1.77,33444.6153846154
123.4,0,1.77679245283019,33445.0980392157
123.45,0,1.78622641509434,33450
123.5,0,1.78411764705882,33460.5882352941
123.55,0,1.77431372549019,33470
123.6,0,1.77543689320389,33459.6
123.65,0,1.78514563106796,33450
123.7,0,1.79242718446602,33444.7058823529
123.75,0,1.79728155339806,33440
123.8,0,1.78932038834951,33440
123.85,0,1.76504854368931,33440
123.9,0,1.75,33440
123.95,0,1.75,33444.6808510638
124,0,1.75291262135922,33450
124.05,0,1.7626213592233,33444.8979591837
124.1,0,1.77,33440
124.15,0,1.77,33440
124.2,0,1.76843137254902,33430.1960784314
124.25,0,1.75862745098039,33410.5882352941
124.3,0,1.75,33409.2
124.35,0,1.75,33405.3191489361
124.4,0,1.75,33390
124.45,0,1.75,33390
124.5,0,1.75,33390
124.55,0,1.76843137254903,33380.4166666667
124.6,0,1.78803921568629,33365
124.65,0,1.79432692307692,33360
124.7,0,1.79913461538462,33365
124.75,0,1.80796116504854,33365.1923076923
124.8,0,1.81766990291262,33360
124.85,0,1.83085714285715,33350.4
124.9,0,1.84514285714286,33330.9433962264
124.95,0,1.85990000000001,33320
125,0,1.8749,33329.4117647059
125.05,0,1.88942857142857,33340
125.1,0,1.90371428571429,33349.6
125.15,36.9230769230836,1.92359223300971,33350.7692307692
125.2,80,1.94786407766991,33348.8
125.25,80,1.9721359223301,33360
125.3,80,1.9964077669903,33360
125.35,80,2.02480769230771,33360
125.4,80,2.05846153846155,33360
125.45,80,2.09009345794394,33372.9411764706
125.5,80,2.1181308411215,33411
125.55,80,2.15222222222225,33452.3529411765
125.6,80,2.2077777777778,33503.3333333334
125.65,80,2.26142857142857,33575.8823529412
125.7,80,2.30904761904764,33652.8571428572
125.75,80,2.35554455445545,33758.4
125.8,80,2.3951485148515,33869.3877551021
125.85,80,2.43514285714288,33987.5000000001
125.9,80,2.478,34128.5714285715
125.95,80,2.52097087378641,34279.2307692308
126,80,2.56951456310679,34425.306122449
126.05,80,2.6180582524272,34584.6153846154
126.1,80,2.67126213592236,34763.1250000001
126.15,80,2.72466019417476,34966.7307692308
126.2,80,2.79490384615388,35171.0416666667
126.25,80,2.86701923076925,35412.8571428571
126.3,80,2.93572815533984,35655.7692307693
126.35,80,3.00368932038839,35896.0000000001
126.4,80,3.0748076923077,36154.2857142858
126.45,80,3.14692307692309,36446.0000000001
126.5,80,3.22333333333332,36744.2857142857
126.55,80,3.30176470588235,37045.3846153847
126.6,80,3.3797087378641,37347.6470588236
126.65,80,3.45737864077671,37664.5833333334
126.7,80,3.54912621359228,38000.7547169812
126.75,80,3.65106796116505,38338.75
126.8,80,3.74250000000002,38707.2549019609
126.85,80,3.82423076923082,39060.6000000002
126.9,80,3.90844660194178,39448.3333333334
126.95,80,3.99582524271849,39847.5000000001
127,80,4.09201923076924,40238.3333333334
127.05,80,4.20259615384617,40650.3773584907
127.1,80,4.31894230769235,41063.7500000002
127.15,80,4.44875000000002,41484.705882353
127.2,80,4.57563106796122,41903.4000000001
127.25,80,4.6921359223301,42356.1224489796
127.3,80,4.81370370370373,42826.4705882354
127.35,80,4.96185185185191,43268.0769230772
127.4,80,5.11,43733.6170212766
127.45,80,5.2564646464647,44243.9215686276
127.5,80,5.40278846153847,44765.2
127.55,80,5.54221153846157,45256.4705882354
127.6,80,5.68163461538466,45711.0204081635
127.65,80,5.85883495145633,46241.6326530613
127.7,80,6.03844660194184,46779.6078431374
127.75,80,6.2066666666667,47328.6274509804
127.8,80,6.3733333333334,47860.0000000001
127.85,80,6.55346153846163,48367.4509803924
127.9,80,6.73615384615385,48897.6470588236
127.95,80,6.95538461538469,49450.4000000002
128,80,7.18615384615388,50028.9583333333
128.05,80,7.44155339805834,50637.2549019609
128.1,80,7.70854368932052,51235.2941176473
128.15,80,7.95307692307693,51845.1020408164
128.2,80,8.18384615384618,52476.8000000003
128.25,80,8.43558823529408,53105
128.3,80,8.70519607843146,53742.3076923079
128.35,80,8.97592233009726,54408.5714285717
128.4,80,9.24776699029132,55092.5000000002
128.45,80,9.51846153846163,55806.3265306126
128.5,80,9.78769230769227,56517.0588235295
128.55,80,10.0551923076923,57200.0000000003
128.6,80,10.3196153846155,57875.3846153849
128.65,80,10.5861165048544,58562.5531914895
128.7,80,10.8579611650486,59283.3333333336
128.75,80,11.1239423076923,60036.6666666666
128.8,80,11.3691346153847,60898.5714285717
128.85,80,11.6234951456313,61837.4509803926
128.9,80,11.9341747572816,62801.0000000002
128.95,80,12.2474509803923,63776.8750000003
129,80,12.5905882352941,64759.8
129.05,80,12.9320388349515,65706.0000000004
129.1,80,13.233009708738,66556.6666666671
129.15,80,13.5339805825242,67354.8000000003
129.2,80,13.8226923076924,68230.7692307696
129.25,80,14.1111538461539,69086.4000000001
129.3,80,14.3977669902913,69980.4000000001
129.35,80,14.6841747572817,70906.666666667
129.4,80,15.011320754717,71791.5384615387
129.45,80,15.3462264150945,72636.6666666668
129.5,80,15.6961538461538,73526.6666666666
129.55,80,16.0519230769231,74374.0000000002
129.6,80,16.3477669902914,75215.0000000003
129.65,80,16.6099029126214,75950.0000000002
129.7,80,16.7954000000001,76681.1764705885
129.75,80,16.9254,77497.142857143
129.8,80,17.01625,78330.0000000002
129.85,80,17.07875,79129.4230769234
129.9,80,17.1197087378641,79932.2448979592
129.95,80,17.1391262135922,80732.6923076925
130,80,17.1541904761905,81497.5
130.05,80,17.1637142857143,82289.6000000001
130.1,80,17.17,83099.6078431375
130.15,80,17.17,83881.6326530613
130.2,80,17.176,84668.5714285716
130.25,80,17.201,85472.3529411763
130.3,80,17.2234285714286,86262.4000000001
130.35,80,17.2377142857143,87087.8431372551
130.4,80,17.251359223301,87845.4901960785
130.45,80,17.2610679611651,88432.2448979595
130.5,80,17.2723076923077,88943.4693877551
130.55,80,17.3011538461539,89275.7692307693
130.6,80,17.33,89436.2264150944
130.65,80,17.3397087378641,89575.6521739131
130.7,80,17.3494174757282,89658.2
130.75,80,17.3546078431373,89705
130.8,80,17.3595098039216,89687.7083333333
130.85,80,17.3426923076923,89682.6
130.9,80,17.3234615384615,89682.3529411765
130.95,80,17.3120388349515,89660
131,80,17.3023300970874,89674.4
131.05,80,17.3073076923077,89736.8
131.1,80,17.3169230769231,89804.1176470589
131.15,80,17.3233333333333,89856.4705882353
131.2,80,17.3282352941176,89880
131.25,80,17.3393203883495,89891.5384615385
131.3,80,17.3538834951456,89927.8723404255
131.35,80,17.3572115384615,89915
131.4,80,17.3524038461538,89889
131.45,80,17.35,89854.4897959184
131.5,80,17.35,89872.3529411765
131.55,80,17.35,89884.4
131.6,80,17.35,89906.3461538462
131.65,80,17.3518269230769,89920.625
131.7,80,17.3566346153846,89866.5306122449
131.75,80,17.3629126213592,89826.7924528302
131.8,80,17.3726213592233,89848.125
131.85,80,17.3777142857143,89829
131.9,80,17.3681904761905,89783.5294117647
131.95,80,17.3579411764706,89752.1568627451
132,80,17.3432352941176,89723.75
132.05,80,17.3314563106796,89740
132.1,80,17.3460194174757,89743.75
132.15,80,17.3609523809524,89762.1153846154
132.2,80,17.3847619047619,89775.4
132.25,80,17.4085714285714,89800
132.3,80,17.41,89809.8039215686
132.35,80,17.41,89859.1836734694
132.4,80,17.41,89912
132.45,80,17.41,89963.9215686275
132.5,80,17.41,89976.4
132.55,80,17.41,89963.6734693878
132.6,80,17.4172380952381,89968.2352941176
132.65,80,17.4267619047619,89912.8
132.7,80,17.4332038834951,89878.1632653061
132.75,80,17.4380582524272,89870
132.8,80,17.44,89871.8
132.85,80,17.44,89878.2352941177
132.9,80,17.4454368932039,89871.6326530612
132.95,80,17.455145631068,89883.6
133,80,17.4551923076923,89900
133.05,80,17.4455769230769,89905.4
133.1,80,17.4379611650485,89924.6
133.15,80,17.4331067961165,89900
133.2,80,17.4352427184466,89906.25
133.25,80,17.4498058252427,89942
133.3,80,17.46,89904.705882353
133.35,80,17.46,89925.8823529412
133.4,80,17.4576923076923,89905.7692307692
133.45,80,17.4480769230769,89947.4468085106
133.5,80,17.4415533980583,89920
133.55,80,17.4512621359223,89924.2
133.6,80,17.4614423076923,89943.1372549019
133.65,80,17.4758653846154,89896.25
133.7,80,17.49,89870
133.75,80,17.49,89866.8
133.8,80,17.49,89845.294117647
133.85,80,17.4991089108911,89824.2
133.9,80,17.5090099009901,89843.2692307692
133.95,80,17.51,89807.2916666667
134,80,17.51,89871.3461538461
134.05,80,17.5019230769231,89878.9583333333
134.1,80,17.4923076923077,89870
134.15,80,17.4862745098039,89870
134.2,80,17.4813725490196,89870
134.25,80,17.4903846153846,89877.2
134.3,80,17.5048076923077,89932.3076923077
134.35,80,17.51,89943.3333333333
134.4,80,17.51,89867.7358490566
134.45,80,17.51,89849.375
134.5,80,17.51,89840
134.55,80,17.5051923076923,89841
134.6,80,17.4955769230769,89852.8846153846
134.65,80,17.4940384615385,89876.3265306122
134.7,80,17.5036538461538,89822.4
134.75,80,17.5051428571429,89852.4
134.8,80,17.4908571428571,89885.7142857143
134.85,80,17.4835643564357,89957.843137255
134.9,80,17.4984158415842,90030.8163265306
134.95,80,17.5078640776699,90036.9387755102
135,80,17.4981553398058,90004.3396226415
135.05,80,17.4876923076923,89963.125
135.1,80,17.4732692307692,90011.9607843137
135.15,80,17.4611650485437,90030
135.2,80,17.4757281553398,90033.6734693878
135.25,80,17.4901923076923,90092.3529411765
135.3,80,17.4998076923077,90122.4
135.35,80,17.5094230769231,90160.6
135.4,80,17.5007843137255,90171.2244897959
135.45,80,17.4909803921569,90182
135.5,80,17.49,90090
135.55,80,17.49,90089.0384615385
135.6,80,17.49,90082.4
135.65,80,17.49,90119.4
135.7,80,17.4973076923077,90113.6734693878
135.75,80,17.5069230769231,90175.4901960784
135.8,80,17.5198076923077,90240
135.85,80,17.5342307692308,90236.7346938775
135.9,80,17.54,90158.8235294118
135.95,80,17.54,90138.8235294118
136,80,17.5346153846154,90109.3617021277
136.05,80,17.525,90076.0784313725
136.1,80,17.5244859813084,90030.6
136.15,80,17.5338317757009,90042.9411764706
136.2,80,17.5433333333333,90093.137254902
136.25,80,17.553137254902,90170.625
136.3,80,17.5615,90202.4489795918
136.35,80,17.5665,90234.5098039215
136.4,80,17.57,90169.4444444444
136.45,80,17.57,90160.1851851852
136.5,80,17.5688349514563,90171.1764705882
136.55,80,17.5639805825243,90199.8039215686
136.6,80,17.5582524271845,90190
136.65,80,17.5485436893204,90110
136.7,80,17.5411428571429,90060
136.75,80,17.5506666666667,90009.4230769231
136.8,80,17.5600961538462,89980.5769230769
136.85,80,17.5649038461538,90000
136.9,80,17.5697115384615,90000.1923076923
136.95,80,17.5561764705882,90009.8076923077
137,80,17.5414705882353,89960
137.05,80,17.54,89961.6326530612
137.1,80,17.54,90042.7450980392
137.15,80,17.5480769230769,90110.2
137.2,80,17.5576923076923,90120.8
137.25,80,17.5636538461538,90158.6
137.3,80,17.5684615384615,90090.3846153846
137.35,80,17.5766019417476,90109.6153846154
137.4,80,17.5863106796116,90142.2641509434
137.45,80,17.5809708737864,90198.8679245283
137.5,80,17.5664077669903,90171.1764705882
137.55,80,17.56,90160.2040816326
137.6,80,17.56,90092.7450980392
137.65,80,17.5552941176471,90080
137.7,80,17.5454901960784,90080
137.75,80,17.5441904761905,90060.4
137.8,80,17.5537142857143,90030.6
137.85,80,17.5666666666667,90030
137.9,80,17.5862745098039,90040
137.95,80,17.5942307692308,90030
138,80,17.575,90039.8039215686
138.05,80,17.5557281553398,90059.6
138.1,80,17.5363106796116,90040
138.15,80,17.5231067961165,90030.1960784314
138.2,80,17.5425242718447,90030
138.25,80,17.5614285714286,90039.8
138.3,80,17.5757142857143,90059.2156862745
138.35,80,17.59,90040.0000000023
138.4,80,17.580099009901,94089.0196078428
138.45,80,17.570198019802,90249.9999999981
138.5,80,17.5795145631068,90232.3636363636
138.55,80,17.5892233009709,90220.8695652174
138.6,80,17.59,90200.4081632653
138.65,80,17.59,90171.7307692308
138.7,80,17.5822330097087,90160.4081632653
138.75,80,17.5725242718447,90169.6
138.8,80,17.5771844660194,90188.4615384615
138.85,80,17.5868932038835,90190
138.9,80,17.59,90171.568627451
138.95,80,17.59,90142.4
139,80,17.5931067961165,90140
139.05,80,17.5979611650485,90158.8235294118
139.1,80,17.5972641509434,90160
139.15,80,17.5925471698113,90197.6470588235
139.2,80,17.5832352941176,90190.7843137255
139.25,80,17.5685294117647,90198.8461538462
139.3,80,17.562,90171.914893617
139.35,80,17.5667619047619,90216.0784313726
139.4,80,17.568431372549,90275.2
139.45,80,17.5635294117647,90252.9411764706
139.5,80,17.5506666666667,90250
139.55,80,17.5173333333333,90250
139.6,80,17.4855882352941,90240.612244898
139.65,80,17.4610784313725,90193
139.7,80,17.4346666666667,90171.9230769231
139.75,80,17.3965714285714,90161
139.8,80,17.3584,90160
139.85,80,17.3184,90196.0784313726
139.9,80,17.2773333333333,90218.75
139.95,80,17.2106666666666,90247.1153846154
140,80,17.144,90295.918367347
140.05,80,17.0708823529411,90300
140.1,80,16.9973529411764,90246.7924528302
140.15,80,16.963786407767,90274.5098039216
140.2,8.33333333332543,16.9346601941747,90280
140.25,0,16.874,90244.7058823529
140.3,0,16.8073333333333,90222.4
140.35,0,16.6894174757281,90146.6666666667
140.4,0,16.553495145631,89914.3396226415
140.45,0,16.369423076923,89584.375
140.5,0,16.1626923076923,89203.8461538462
140.55,0,15.9005882352941,88737.5510204082
140.6,0,15.6015686274509,88307.6923076922
140.65,0,15.2842307692308,87870.3999999998
140.7,0,14.9524999999999,87329.5999999998
140.75,0,14.6364705882353,86811.25
140.8,0,14.3374509803921,86309.9999999999
140.85,0,14.0421904761903,85767.2916666664
140.9,0,13.7517142857142,85268.2692307691
140.95,0,13.4449999999998,84725.4347826086
141,0,13.1067647058823,84254.6153846154
141.05,0,12.7791346153845,83842.6923076922
141.1,0,12.4762499999999,83308.7499999997
141.15,0,12.1774509803922,82808.2692307691
141.2,0,11.8931372549019,82219.7999999998
141.25,0,11.6115384615385,81649.7959183675
141.3,0,11.3423076923077,81097.1428571426
141.35,0,11.0735849056602,80530.9803921566
141.4,0,10.8094339622641,79961.1999999998
141.45,0,10.5452830188678,79522.6923076922
141.5,0,10.2343564356435,79106.6666666667
141.55,0,9.92247524752463,78542.8571428569
141.6,0,9.60371428571414,77987.8431372547
141.65,0,9.28466666666669,77402.8571428572
141.7,0,8.97019607843127,76857.5471698112
141.75,0,8.65647058823522,76258.3333333334
141.8,0,8.39300970873775,75723.5294117646
141.85,0,8.1405825242717,75126.0416666664
141.9,0,7.90291262135919,74528.8679245282
141.95,0,7.66990291262129,73924.893617021
142,0,7.43689320388352,73308.8235294119
142.05,0,7.20388349514563,72707.6470588234
142.1,0,7.00615384615379,72107.9999999998
142.15,0,6.82826923076921,71499.7999999999
142.2,0,6.65576923076918,70879.5918367344
142.25,0,6.48750000000002,70311.5384615384
142.3,0,6.31378640776697,69737.2549019607
142.35,0,6.13417475728146,69130.6249999998
142.4,0,5.96336538461535,68536.1999999999
142.45,0,5.80471153846148,67891.3725490194
142.5,0,5.6554368932039,67103.9999999999
142.55,0,5.52436893203883,66299.9999999998
142.6,0,5.39294117647055,65511.4285714283
142.65,0,5.2605882352941,64807.2549019607
142.7,0,5.12653846153839,64147.551020408
142.75,0,4.98711538461537,63515.4901960783
142.8,0,4.85213592233008,62877.9999999999
142.85,0,4.74048543689317,62245.9999999999
142.9,0,4.6304761904762,61649.4117647059
142.95,0,4.53523809523807,61051.9999999999
143,0,4.44,60442.4489795918
143.05,0,4.32571428571425,59943.9999999999
143.1,0,4.2114285714285,59393.9999999999
143.15,0,4.10454545454544,58799.9999999999
143.2,0,3.99848484848483,58263.9999999999
143.25,0,3.91038461538462,57719.9999999999
143.3,0,3.82384615384612,57162.9411764705
143.35,0,3.73730769230765,56610.9999999997
143.4,0,3.65076923076923,56054.1176470588
143.45,0,3.57097087378638,55493.469387755
143.5,0,3.49330097087377,54948.8
143.55,0,3.4122330097087,54400.9999999999
143.6,0,3.32970873786403,53835.3999999997
143.65,0,3.24461538461537,53327.5
143.7,0,3.1580769230769,52791.4583333333
143.75,0,3.07106796116505,52257.5000000001
143.8,0,2.98368932038832,51727.3469387755
143.85,0,2.9185714285714,51197.1999999997
143.9,0,2.87571428571428,50658.9795918367
143.95,0,2.83461538461537,50142.1999999999
144,0,2.79615384615384,49640
144.05,0,2.76372549019607,49132.5490196076
144.1,0,2.74411764705881,48622.5999999997
144.15,0,2.71788461538461,48127.4
144.2,0,2.67461538461537,47644.7999999998
144.25,0,2.63313725490197,47142.4489795918
144.3,0,2.59882352941176,46662.3529411763
144.35,0,2.56390476190475,46198.4615384614
144.4,0,2.52580952380953,45724.5833333334
144.45,0,2.48826923076922,45222.4489795916
144.5,0,2.45942307692307,44750.4
144.55,0,2.43057692307691,44369.6153846153
144.6,0,2.4157281553398,43950.7547169809
144.65,0,2.40116504854369,43455.652173913
144.7,0,2.39089108910891,43019.8113207547
144.75,0,2.3809900990099,42599.5833333334
144.8,0,2.35897196261682,42191.9999999999
144.85,0,2.3356074766355,41825.882352941
144.9,0,2.31848484848485,41493.5294117647
144.95,0,2.30333333333333,41163.3333333332
145,0,2.28885714285714,40871.6326530612
145.05,0,2.27457142857143,40596.862745098
145.1,0,2.26009708737864,40350.1886792451
145.15,0,2.24553398058253,40091.2499999999
145.2,0,2.22796116504854,39855.9999999999
145.25,0,2.20854368932039,39632.1568627451
145.3,0,2.19728155339806,39418.3333333333
145.35,0,2.19242718446602,39218.8235294117
145.4,0,2.18519230769231,39020
145.45,0,2.17557692307692,38831.4285714285
145.5,0,2.17,38657.7358490566
145.55,0,2.17,38487.659574468
145.6,0,2.16833333333333,38327.0588235294
145.65,0,2.16343137254902,38196
145.7,0,2.15278846153845,38057.0588235294
145.75,0,2.12875,37910.8333333334
145.8,0,2.10245098039214,37795.2830188679
145.85,0,2.06813725490194,37677.4999999999
145.9,0,2.03914285714286,37544.2553191489
145.95,0,2.03438095238095,37411.6
146,0,2.03,37272.8571428571
146.05,0,2.03,37161.3725490196
146.1,0,2.02961538461538,37075.6
146.15,0,2.02,36988.8
146.2,0,2.01038461538461,36892
146.25,0,2.00533980582524,36795.8490566038
146.3,0,2.0004854368932,36700.6382978723
146.35,0,1.9826923076923,36602
146.4,0,1.96346153846153,36498.0769230769
146.45,0,1.94794117647058,36389.5999999999
146.5,0,1.93323529411765,36298.8
146.55,0,1.93,36206
146.6,0,1.93,36111.2244897959
146.65,0,1.92326923076923,36032.8571428571
146.7,0,1.91365384615384,35955.6
146.75,0,1.90699029126214,35870
146.8,0,1.9021359223301,35789.2307692307
146.85,0,1.89184466019417,35709.387755102
146.9,0,1.87728155339806,35634.2857142857
146.95,0,1.85798076923076,35570.4
147,0,1.83394230769231,35485.2941176471
147.05,0,1.82,35399.8039215686
147.1,0,1.82,35338.3673469387
147.15,0,1.82168316831683,35262.4
147.2,0,1.82663366336634,35185.2
147.25,0,1.83,35108.8
147.3,0,1.83,35028.8
147.35,0,1.82679611650485,34963.0769230769
147.4,0,1.81223300970874,34903.2653061224
147.45,0,1.8,34816.7346938775
147.5,0,1.8,34742.3529411765
147.55,0,1.8,34675.7142857143
147.6,0,1.8,34600.7692307692
147.65,0,1.8,34532.5
147.7,0,1.8,34466.0784313725
147.75,0,1.8,34390.4
147.8,0,1.8,34334.693877551
147.85,0,1.8,34276.9230769231
147.9,0,1.79572815533981,34220
147.95,0,1.79087378640777,34164.7058823529
148,0,1.79,34122.2448979592
148.05,0,1.79,34061.0204081632
148.1,0,1.80114285714286,33999.6078431372
148.15,0,1.81542857142857,33962
148.2,0,1.81339805825242,33920
148.25,0,1.80368932038835,33870
148.3,0,1.8,33832
148.35,0,1.8,33802.3529411765
148.4,0,1.8,33761
148.45,0,1.8,33722.6
148.5,0,1.8,33697.9166666667
148.55,0,1.8,33684.0384615385
148.6,0,1.80377358490566,33668.4
148.65,0,1.81320754716981,33648.1632653061
148.7,0,1.81588235294117,33651.7647058824
148.75,0,1.80117647058824,33630.4081632653
148.8,0,1.79117647058824,33604
148.85,0,1.79607843137255,33600
148.9,0,1.8,33588.2352941176
148.95,0,1.8,33568.1632653061
149,0,1.8,33560
149.05,0,1.8,33554.3137254902
149.1,0,1.80095238095239,33550
149.15,0,1.81047619047619,33550
149.2,0,1.81999999999999,33550
149.25,0,1.80543689320388,33550
149.3,0,1.79087378640776,33539.1666666667
149.35,0,1.78087378640776,33524.4
149.4,0,1.77116504854369,33520
149.45,0,1.78269230769231,33520
149.5,0,1.79711538461539,33520
149.55,0,1.80792079207921,33520
149.6,0,1.81782178217822,33520
149.65,0,1.81257142857143,33520
149.7,0,1.80304761904762,33525.4901960784
149.75,0,1.80980769230769,33530
149.8,0,1.82423076923077,33513.2
149.85,0,1.82705882352941,33510.9803921569
149.9,0,1.8221568627451,33520
149.95,0,1.80666666666666,33520
150,0,1.78285714285714,33509.6153846154
150.05,0,1.77446601941748,33500
150.1,0,1.78417475728156,33500
150.15,0,1.79196078431373,33489.387755102
150.2,0,1.79686274509804,33490.5882352941
150.25,0,1.8,33500
150.3,0,1.8,33500
150.35,0,1.79846153846154,33500
150.4,0,1.79365384615384,33500
150.45,0,1.7876923076923,33500
150.5,0,1.77807692307692,33490.612244898
150.55,0,1.7723076923077,33490
150.6,0,1.78673076923078,33500
150.65,0,1.79887850467289,33509.6153846154
150.7,0,1.7848598130841,33520
150.75,0,1.77084112149532,33510.5660377358
150.8,0,1.77,33500
150.85,0,1.77,33500
150.9,0,1.76087378640777,33500
150.95,0,1.75116504854368,33500
151,0,1.75,33490.1960784314
151.05,0,1.75,33480
151.1,0,1.76971153846155,33480
151.15,0,1.79375,33480
151.2,0,1.8,33475.1923076923
151.25,0,1.8,33460.8
151.3,0,1.79669811320755,33450
151.35,0,1.79198113207547,33450
151.4,0,1.7928431372549,33445.1923076923
151.45,0,1.79774509803922,33444.693877551
151.5,0,1.8,33459.6
151.55,0,1.8,33474.7058823529
151.6,0,1.8,33466.2
151.65,0,1.8,33459.2
151.7,0,1.8060576923077,33470
151.75,0,1.82048076923077,33470
151.8,0,1.82346153846153,33470
151.85,0,1.80423076923076,33461.2
151.9,0,1.78495145631068,33445.5102040816
151.95,0,1.76553398058252,33430.8
152,0,1.75194174757281,33420
152.05,0,1.7616504854369,33411.2
152.1,0,1.76796116504853,33400
152.15,0,1.75339805825242,33400
152.2,0,1.74115384615385,33400
152.25,0,1.75557692307692,33400
152.3,0,1.77,33400
152.35,0,1.77980392156863,33400
152.4,0,1.78960784313726,33400
152.45,0,1.79,33400
152.5,0,1.79,33400
152.55,0,1.79427184466019,33400
152.6,0,1.79912621359223,33408.75
152.65,0,1.79598039215686,33411.4814814815
152.7,0,1.79107843137255,33400
152.75,0,1.79,33400
152.8,0,1.79,33395.4901960784
152.85,0,1.79336538461539,33390
152.9,0,1.79817307692308,33390
152.95,0,1.8,33390
153,0,1.8,33390
153.05,0,1.8,33390
153.1,0,1.8,33390
153.15,0,1.79766990291262,33381.8367346939
153.2,0,1.79281553398058,33370
153.25,0,1.79203883495146,33377.8431372549
153.3,0,1.7968932038835,33390
153.35,0,1.79826923076923,33390
153.4,0,1.79346153846154,33390
153.45,0,1.79,33393.8461538462
153.5,0,1.79,33400
153.55,0,1.7909900990099,33400
153.6,0,1.79594059405941,33407.8431372549
153.65,0,1.79914285714286,33420
153.7,0,1.79438095238095,33411.8367346939
153.75,0,1.79,33408.2352941176
153.8,0,1.79,33420
153.85,0,1.78999999999999,33420
153.9,0,1.78038461538461,33412.4
153.95,0,1.77076923076923,33407.4509803922
154,0,1.77,33420
154.05,0,1.77,33420
154.1,0,1.78269230769231,33427.6
154.15,0,1.79711538461539,33440
154.2,0,1.80776699029127,33443.8461538462
154.25,0,1.81747572815534,33450
154.3,0,1.80922330097087,33438
154.35,0,1.79466019417475,33420
154.4,0,1.79,33412.4
154.45,0,1.79,33400
154.5,0,1.79,33400
154.55,0,1.79,33400
154.6,0,1.79,33407.0833333333
154.65,0,1.79,33412.8301886792
154.7,0,1.79692307692308,33400
154.75,0,1.81134615384615,33400
154.8,0,1.82,33396.6666666667
154.85,0,1.82,33390
154.9,0,1.82470588235295,33390
154.95,0,1.83941176470589,33383.2
155,0,1.85673076923077,33370
155.05,0,1.88076923076924,33376.5306122449
155.1,0,1.90098039215686,33383.4615384615
155.15,0,1.90588235294118,33370
155.2,32.6923076923413,1.91543689320389,33370
155.25,100,1.94941747572816,33370
155.3,100,1.98285714285716,33366.8
155.35,100,2.01142857142859,33360
155.4,100,2.04,33360
155.45,100,2.07365384615386,33363.2653061224
155.5,100,2.1073076923077,33376.6666666667
155.55,100,2.13277227722773,33409.5918367347
155.6,100,2.15752475247526,33466.0377358491
155.65,100,2.19428571428572,33523.3333333334
155.7,100,2.23238095238096,33599.2
155.75,100,2.27428571428571,33672
155.8,100,2.31714285714287,33775.2
155.85,100,2.35718446601943,33885.2000000001
155.9,100,2.39601941747573,34007.0588235295
155.95,100,2.43485436893204,34149
156,100,2.47368932038834,34284.4444444444
156.05,100,2.53306930693069,34441.5555555556
156.1,100,2.60732673267328,34630.8000000001
156.15,100,2.67769230769234,34824.0000000001
156.2,100,2.74499999999998,35019.6078431371
156.25,100,2.81029126213592,35217.3469387755
156.3,100,2.87339805825243,35443.6000000001
156.35,100,2.93854368932041,35673.8461538462
156.4,100,3.00650485436896,35911.4285714287
156.45,100,3.07621359223297,36170.9999999999
156.5,100,3.14902912621356,36445.294117647
156.55,100,3.22019230769229,36731.2
156.6,100,3.28750000000001,37025.7142857144
156.65,100,3.36135922330102,37338.0769230772
156.7,100,3.4584466019417,37658.4905660376
156.75,100,3.55461538461535,37973.9130434782
156.8,100,3.64596153846154,38334.2857142858
156.85,100,3.73723809523813,38662.3076923079
156.9,100,3.82771428571432,38979.2156862748
156.95,100,3.91819047619042,39336
157,100,4.0095192307692,39735.5102040817
157.05,100,4.10086538461539,40128.8000000002
157.1,100,4.21247524752479,40524.0816326533
157.15,100,4.32633663366343,40947.6923076925
157.2,100,4.44999999999997,41347.7551020407
157.25,100,4.57500000000002,41797.2549019606
157.3,100,4.7058823529412,42245.8823529412
157.35,100,4.83823529411766,42697.7551020411
157.4,100,4.96588785046734,43187.5510204086
157.45,100,5.09205607476633,43674.7999999997
157.5,100,5.2342156862745,44157.4999999999
157.55,100,5.38617647058821,44656.6000000002
157.6,100,5.53700000000002,45193.7500000003
157.65,100,5.6870000000001,45742.5000000003
157.7,100,5.84301886792452,46254.2307692305
157.75,100,6.00339622641513,46781.4893617022
157.8,100,6.16892156862751,47330
157.85,100,6.34049019607848,47841.4893617024
157.9,100,6.5215533980583,48401.7647058829
157.95,100,6.71572815533966,48957.9591836731
158,100,6.92571428571419,49539.2
158.05,100,7.16380952380957,50111.320754717
158.1,100,7.41137254901977,50666.8750000002
158.15,100,7.68588235294131,51269.791666667
158.2,100,7.95499999999985,51898.039215686
158.25,100,8.20499999999994,52515.2941176471
158.3,100,8.45432692307695,53165.2000000003
158.35,100,8.69951923076935,53829.6000000003
158.4,100,8.94647058823552,54472.1568627454
158.45,100,9.22098039215676,55007.9999999999
158.5,100,9.49542857142845,55663.9999999998
158.55,100,9.76685714285718,56376.7346938775
158.6,100,10.0382857142859,57053.0000000003
158.65,100,10.3059405940597,57713.1372549023
158.7,100,10.5732673267327,58405.294117647
158.75,100,10.8485714285715,59097.7551020409
158.8,100,11.124761904762,59882.5490196077
158.85,100,11.3996078431374,60760.816326531
158.9,100,11.6741176470591,61712.0000000009
158.95,100,11.9775,62670.1960784312
159,100,12.2899999999999,63628.2000000002
159.05,100,12.5972380952381,64616.4000000002
159.1,100,12.9020000000002,65589.2000000002
159.15,100,13.2367326732677,66528.7500000003
159.2,100,13.5931683168317,67458.8461538457
159.25,100,13.9303846153847,68370.8163265308
159.3,100,14.2525,69302.5490196077
159.35,100,14.5870588235295,70172.0000000002
159.4,100,14.9350980392159,71061.7647058826
159.45,100,15.2850476190475,71905.9999999997
159.5,100,15.6374285714285,72753.8775510202
159.55,100,15.9958653846154,73594.8000000002
159.6,100,16.3660576923078,74453.0000000002
159.65,100,16.7317647058826,75294.0000000004
159.7,100,17.084705882353,76088.4615384617
159.75,100,17.4197142857144,76863.4000000001
159.8,100,17.691142857143,77677.142857143
159.85,100,17.9711764705884,78511.2000000006
159.9,100,18.3143137254904,79327.05882353
159.95,100,18.6574285714283,80098.2000000001
160,100,19.0002857142857,80751.1764705883
160.05,100,19.343142857143,81548.7500000005
160.1,100,19.5780198019804,82367.05882353
160.15,100,19.8106930693072,83162.2916666677
160.2,100,19.9525714285714,83955.0000000002
160.25,100,20.0906666666667,84707.8000000001
160.3,100,20.185145631068,85480.0000000001
160.35,100,20.2725242718447,86260.7843137261
160.4,100,20.3249514563107,87015.6862745106
160.45,100,20.368640776699,87779.9999999995
160.5,100,20.398137254902,88597.6470588233
160.55,100,20.4226470588235,89343.9215686276
160.6,100,20.4633333333334,90138.3673469392
160.65,100,20.5109523809524,90771.4000000006
160.7,100,20.5476470588235,91309.4000000001
160.75,100,20.5770588235294,92033.4000000001
160.8,100,20.6166666666667,92835.6862745099
160.85,100,20.6642857142857,93575.9183673473
160.9,100,20.7095283018868,94181.6000000005
160.95,100,20.7519811320755,94613.2
161,100,20.7920202020202,94973.7037037037
161.05,100,20.8273737373737,95213.0434782608
161.1,100,20.8551923076923,95408.75
161.15,100,20.8696153846154,95471.0869565218
161.2,100,20.8881553398058,95525.8823529412
161.25,100,20.9172815533981,95584.8979591837
161.3,100,20.9506796116505,95642.0408163265
161.35,100,20.9992233009709,95665.7692307693
161.4,100,21.0461538461539,95714.8
161.45,100,21.0846153846154,95776.5306122448
161.5,100,21.1218867924528,95859.6153846154
161.55,100,21.1454716981132,95958.75
161.6,100,21.1690566037736,96091.9607843137
161.65,100,21.1844,96118.3018867925
161.7,100,21.1994,96221.3043478261
161.75,100,21.232,96287
161.8,100,21.2653333333333,96352.9411764706
161.85,100,21.3037254901961,96382.4489795918
161.9,100,21.3429411764706,96409
161.95,100,21.3657692307692,96403
162,100,21.385,96435.8823529412
162.05,100,21.4252380952381,96498.4615384616
162.1,100,21.4728571428572,96604.1666666667
162.15,100,21.5245098039216,96708
162.2,100,21.578431372549,96800.7692307692
162.25,100,21.6294117647059,96813.2653061225
162.3,100,21.678431372549,96891.2244897959
162.35,100,21.7215384615385,96907.6
162.4,100,21.76,96880
162.45,100,21.7984615384615,96880
162.5,100,21.8369230769231,96883.137254902
162.55,100,21.8698039215686,96927.0588235294
162.6,100,21.8943137254902,97042.4489795918
162.65,100,21.91,97107.3584905661
162.7,100,21.91,97230
162.75,100,21.9142857142857,97321.6326530612
162.8,100,21.9285714285714,97365.1923076923
162.85,100,21.9419417475728,97452.2448979593
162.9,100,21.9516504854369,97565.2
162.95,100,21.9626923076923,97692.8571428572
163,100,21.9819230769231,97760.5882352941
163.05,100,22.0014705882353,97772
163.1,100,22.0259803921569,97819.2
163.15,100,22.0502884615385,97804
163.2,100,22.0647115384615,97903.0769230769
163.25,100,22.0791346153846,97980
163.3,100,22.0753921568627,98040.3921568628
163.35,100,22.0704901960784,98060
163.4,100,22.07,98109.1836734694
163.45,100,22.07,98088.3018867925
163.5,100,22.0739423076923,98060
163.55,100,22.07875,98081.1764705882
163.6,100,22.0974528301887,98109.6
163.65,100,22.1210377358491,98090.3846153846
163.7,100,22.1361386138614,98109.6153846154
163.75,100,22.1460396039604,98110
163.8,100,22.1441747572815,98060.5660377359
163.85,100,22.1344660194175,98088.8679245283
163.9,100,22.1352427184466,98090.0000000001
163.95,100,22.1449514563107,98160
164,100,22.15,98170
164.05,100,22.15,98140
164.1,100,22.1538461538462,98220
164.15,100,22.1634615384615,98220
164.2,100,22.17,98269
164.25,100,22.17,98328.8235294118
164.3,100,22.17,98270
164.35,100,22.17,98220.9803921568
164.4,100,22.1728846153846,98190.6
164.45,100,22.1873076923077,98220
164.5,100,22.2,98269.0196078432
164.55,100,22.2,98279.8
164.6,100,22.2,98316.9811320755
164.65,100,22.19,98350
164.7,100,22.18,98359.8039215686
164.75,100,22.1751923076923,98360
164.8,100,22.1703846153846,98360
164.85,100,22.17,98320.7843137255
164.9,100,22.17,98280.8
164.95,100,22.1828155339806,98221.2
165,100,22.1973786407767,98141.6
165.05,100,22.2191588785047,98168.2692307692
165.1,100,22.242523364486,98170
165.15,100,22.2365346534653,98160.2083333333
165.2,100,22.2167326732673,98160
165.25,100,22.2068269230769,98140.4081632653
165.3,100,22.2020192307692,98120.7843137255
165.35,100,22.2028431372549,98159.1836734694
165.4,100,22.2077450980392,98197.6923076923
165.45,100,22.2151923076923,98171.2244897959
165.5,100,22.2248076923077,98170
165.55,100,22.23,98170
165.6,100,22.23,98170
165.65,100,22.2341509433962,98141.25
165.7,100,22.2435849056604,98121.5384615385
165.75,100,22.246862745098,98083.2
165.8,100,22.2370588235294,98108.75
165.85,100,22.2273076923077,98081.7647058823
165.9,100,22.2176923076923,98033
165.95,100,22.2119417475728,98039.4
166,100,22.2216504854369,98087
166.05,100,22.23,98137
166.1,100,22.23,98140
166.15,100,22.23,98140
166.2,100,22.23,98158.4
166.25,100,22.23,98141.9607843137
166.3,100,22.2396078431373,98123.0188679245
166.35,100,22.2494117647059,98164.6808510638
166.4,100,22.2409615384615,98170
166.45,100,22.2313461538462,98143.5294117647
166.5,100,22.23,98115.0943396227
166.55,100,22.23,98110
166.6,100,22.23,98118.8
166.65,100,22.23,98120
166.7,100,22.2228846153846,98120
166.75,100,22.2132692307692,98111.1538461538
166.8,100,22.2164077669903,98091.6666666667
166.85,100,22.2261165048544,98044
166.9,100,22.23,98040
166.95,100,22.23,98102.8571428572
167,100,22.23,98137
167.05,100,22.23,98122
167.1,100,22.23,98093.5294117647
167.15,100,22.23,98081.3725490196
167.2,100,22.23,98113.7254901961
167.25,100,22.23,98094.8
167.3,100,22.23,98090
167.35,100,22.23,98090
167.4,100,22.2325242718447,98107.9591836735
167.45,100,22.2422330097087,98092.6923076923
167.5,100,22.2480392156863,98081.7307692308
167.55,100,22.2382352941176,98062.9166666667
167.6,100,22.2284761904762,98077.5510204082
167.65,100,22.2189523809524,98088.6274509804
167.7,100,22.2105825242718,98150.2
167.75,100,22.2202912621359,98116.1224489796
167.8,100,22.23,98118.4615384615
167.85,100,22.2396153846154,98111.6
167.9,100,22.2492307692308,98085.294117647
167.95,100,22.25,98062.5531914894
168,100,22.25,98060
168.05,100,22.2542307692308,98060
168.1,100,22.2590384615385,98034.375
168.15,100,22.26,98012.8
168.2,100,22.26,98035.294117647
168.25,100,22.2566037735849,98014.2857142857
168.3,100,22.2518867924528,98035.8
168.35,100,22.25,98056.862745098
168.4,100,22.25,98008.5714285714
168.45,100,22.2441747572816,98008.431372549
168.5,100,22.2344660194175,98010
168.55,100,22.2377884615385,98075.6
168.6,100,22.2522115384615,98081.4583333333
168.65,100,22.26,98113.076923077
168.7,100,22.26,98070.8
168.75,100,22.258137254902,98110.2040816327
168.8,100,22.2532352941176,98137.1428571429
168.85,100,22.2466990291262,98190.5882352941
168.9,100,22.2369902912621,98216.8
168.95,100,22.23,98195.2941176471
169,100,22.23,98190
169.05,100,22.2319230769231,98173.6734693878
169.1,100,22.2415384615385,98161.9607843137
169.15,100,22.2517821782178,98118.3333333333
169.2,100,22.2666336633663,98118.2352941176
169.25,100,22.2785981308411,98136.0784313725
169.3,100,22.2645794392523,98124.3137254902
169.35,100,22.2505607476635,98152.5
169.4,100,22.25,98143.9215686274
169.45,100,22.25,98156.3265306122
169.5,100,22.25,98120.5769230769
169.55,100,22.25,98117.6470588235
169.6,100,22.2294117647059,98151.6666666667
169.65,100,22.2049019607843,98056
169.7,100,22.15,98030
169.75,100,22.0875,98006.4705882353
169.8,100,22.0076923076923,97984.4
169.85,100,21.9211538461538,98019.7959183674
169.9,100,21.8460784313725,98006.4705882353
169.95,100,21.7774509803922,97984.4
170,100,21.7208737864078,97964.081632653
170.05,100,21.6723300970874,97992
170.1,100,21.61625,98031.3725490196
170.15,100,21.55375,97977.5999999999
170.2,100,21.4887378640777,97960
170.25,63.4615384615427,21.4207766990291,97974.6153846154
170.3,50,21.3457142857142,97994.693877551
170.35,50,21.2599999999999,98046.25
170.4,50,21.1796116504854,97977.4999999999
170.45,50,21.1116504854369,97808.2978723404
170.5,50,21.0332038834951,97479.8039215687
170.55,50,20.9215533980582,97063.5294117647
170.6,50,20.7976699029126,96602.3529411763
170.65,50,20.6180582524271,96095.1999999997
170.7,50,20.4288235294119,95568.2352941178
170.75,50,20.1690196078432,95030.6122448978
170.8,50,19.9046153846153,94475.5999999997
170.85,50,19.5873076923074,93967.5510204081
170.9,50,19.2699999999996,93507.2549019606
170.95,50,18.9238461538462,93112.5
171,50,18.5776923076924,92817.7083333332
171.05,50,18.2284466019418,92350.9803921568
171.1,50,17.878932038835,91685.714285714
171.15,50,17.5210679611649,91080.1923076921
171.2,50,17.1618446601941,90455.7446808512
171.25,50,16.8157142857142,89890.7692307693
171.3,50,16.472857142857,89320
171.35,50,16.1333333333332,88770.7692307688
171.4,50,15.7952380952379,88230.6122448976
171.45,50,15.4491089108913,87734.8000000003
171.5,50,15.0976237623763,87204.423076923
171.55,50,14.7895145631068,86668.5714285714
171.6,50,14.5128155339806,86173.5849056603
171.65,50,14.2739805825242,85687.1739130433
171.7,50,14.0700970873786,85145.6000000004
171.75,50,13.8920952380952,84666.274509804
171.8,50,13.7444761904761,84208.8000000001
171.85,50,13.6084615384615,83727.0588235293
171.9,50,13.4930769230768,83193.5416666664
171.95,50,13.3880392156863,82672.8846153846
172,50,13.3096078431373,82120.9999999998
172.05,50,13.2441176470588,81564.9999999998
172.1,50,13.2196078431372,81015.6862745094
172.15,50,13.1990384615385,80459.9999999994
172.2,50,13.1942307692308,79940
172.25,50,13.1859223300971,79454.1176470587
172.3,50,13.1519417475728,78912.8846153845
172.35,50,13.12,78326.8085106379
172.4,50,13.12,77793.0769230765
172.45,50,13.12,77316.153846154
172.5,50,13.1152427184466,76908.3673469388
172.55,50,13.1103883495146,76590.4255319149
172.6,50,13.1009803921569,76329.9999999999
172.65,50,13.0911764705882,76123.3333333331
172.7,50,13.09,75970.625
172.75,50,13.09,75840.7843137255
172.8,50,13.0861165048544,75772.2448979592
172.85,50,13.0812621359223,75706.1538461538
172.9,50,13.08,75631.875
172.95,50,13.08,75568
173,50,13.08,75529.4117647059
173.05,50,13.08,75486.6666666667
173.1,50,13.0744230769231,75449.7959183673
173.15,50,13.0648076923077,75413.3333333333
173.2,50,13.0551923076923,75400
173.25,50,13.0455769230769,75400
173.3,50,13.0339423076923,75379.6
173.35,50,13.0195192307692,75383.3333333333
173.4,50,13.0083168316832,75376.8
173.45,50,13.0033663366337,75370
173.5,50,13.0015533980583,75370
173.55,50,13.0064077669903,75363.5294117647
173.6,50,13.0087619047619,75360
173.65,50,13.004,75366.5306122449
173.7,50,12.996862745098,75350.9615384615
173.75,50,12.9772549019608,75352.1568627451
173.8,50,12.9611650485437,75334.4680851064
173.85,50,12.9708737864078,75333.2
173.9,50,12.9794339622641,75320.5882352941
173.95,50,12.97,75296.9387755102
174,50,12.9605660377358,75290
174.05,50,12.96,75290
174.1,50,12.96,75283.9130434783
174.15,50,12.96,75267.2
174.2,50,12.96,75247.6923076923
174.25,50,12.9681553398058,75240
174.3,50,12.9778640776699,75215.3846153846
174.35,50,12.987572815534,75200
174.4,50,12.9972815533981,75200
174.45,50,12.9861538461538,75218.125
174.5,50,12.9669230769231,75247.8846153846
174.55,50,12.9568932038835,75248.6274509804
174.6,50,12.9520388349515,75216.170212766
174.65,50,12.9583653846154,75224.3137254902
174.7,50,12.9727884615385,75222
174.75,50,12.98,75227.6470588235
174.8,50,12.98,75240
174.85,50,12.9733653846154,75234.081632653
174.9,50,12.9589423076923,75200.5882352941
174.95,15,3.77173076923077,48738.8235294118
175,15,3.76211538461537,48555.2941176468
175.05,15,3.74885714285713,48384
175.1,15,3.73457142857142,48226.9230769229
175.15,15,3.72326732673266,48063.3333333331
175.2,15,3.71336633663366,47914.6153846154
175.25,15,3.70679611650485,47786.93877551
175.3,15,3.70194174757281,47681.9999999999
175.35,15,3.70288461538462,47572.4489795918
175.4,15,3.70769230769231,47471.5686274509
175.45,15,3.71,47378.3673469388
175.5,15,3.71,47320.7843137254
175.55,15,3.70776699029126,47255.4
175.6,15,3.70291262135922,47178.8235294117
175.65,15,3.69615384615384,47113.4693877551
175.7,15,3.68653846153846,47060.2040816326
175.75,15,3.68,47026
175.8,15,3.68,46980.7843137255
175.85,15,3.68224299065422,46970
175.9,15,3.69158878504674,46931.9999999999
175.95,15,3.70151515151515,46912.2448979592
176,15,3.71666666666669,46871.7647058823
176.05,15,3.73,46837.2
176.1,15,3.73,46830
176.15,15,3.72970588235293,46814.8
176.2,15,3.715,46810
176.25,15,3.70029411764704,46810
176.3,15,3.70480392156863,46810
176.35,15,3.70970588235294,46802.4489795918
176.4,15,3.71,46800
176.45,15,3.71,46800
176.5,15,3.69771428571427,46807.4509803922
176.55,15,3.68342857142857,46810
176.6,15,3.68745098039216,46810
176.65,15,3.69725490196079,46825
176.7,15,3.70346153846154,46808.0769230769
176.75,15,3.70826923076924,46807.2
176.8,15,3.71,46810
176.85,15,3.71,46802.4489795918
176.9,15,3.71,46822.8
176.95,15,3.71,46830
177,15,3.71,46830
177.05,15,3.71,46830
177.1,15,3.71,46808.4
177.15,15,3.71,46800
177.2,15,3.71,46785.4166666667
177.25,15,3.71,46780
177.3,15,3.7132380952381,46780
177.35,15,3.72276190476191,46766
177.4,15,3.72653846153844,46752.8571428571
177.45,15,3.71211538461538,46757.3469387755
177.5,15,3.70237623762379,46774.5098039216
177.55,15,3.71722772277229,46765.306122449
177.6,15,3.73134615384616,46760
177.65,15,3.74096153846155,46788.5714285715
177.7,15,3.74941176470588,46771.7647058823
177.75,15,3.73960784313724,46774.2857142857
177.8,15,3.72981132075471,46780
177.85,15,3.72037735849056,46780
177.9,15,3.7109433962264,46758.6538461538
177.95,15,3.71,46771.4285714286
178,15,3.71,46794.4
178.05,15,3.71843137254902,46786.1538461538
178.1,15,3.72823529411766,46800.8163265306
178.15,15,3.73,46810
178.2,15,3.73,46823.6
178.25,15,3.73704761904764,46836.6666666667
178.3,15,3.74657142857143,46833.125
178.35,15,3.74372549019607,46830
178.4,15,3.73392156862745,46830
178.45,15,3.72423076923077,46836.862745098
178.5,15,3.71461538461537,46840
178.55,15,3.71,46833.5849056604
178.6,15,3.71,46817.0833333333
178.65,15,3.71,46810
178.7,15,3.71,46823.3333333333
178.75,15,3.71,46830
178.8,15,3.71,46816.9230769231
178.85,15,3.7157142857143,46823.3333333334
178.9,15,3.73476190476192,46810
178.95,15,3.748,46800
179,15,3.73799999999998,46800
179.05,15,3.73,46800
179.1,15,3.73,46800
179.15,15,3.72801886792451,46800
179.2,15,3.7138679245283,46806.4
179.25,15,3.7000980392157,46803.4693877551
179.3,15,3.705,46800
179.35,15,3.70990196078432,46800
179.4,15,3.7290291262136,46786.9387755102
179.45,15,3.74844660194174,46780
179.5,15,3.7276699029126,46780
179.55,15,3.70339805825243,46767.2
179.6,15,3.7,46760
179.65,15,3.7,46760
179.7,15,3.70382352941176,46760
179.75,15,3.70872549019609,46772.1568627451
179.8,15,3.71718446601942,46780
179.85,15,3.7268932038835,46780
179.9,15,3.73653846153847,46780
179.95,15,3.74615384615385,46780
180,15,3.74417475728154,46792.3404255319
180.05,15,3.73446601941747,46800
180.1,15,3.73,46775.5102040816
180.15,15,3.73,46760
180.2,15,3.73,46760
180.25,15,3.73,46760
180.3,15,3.72663366336634,46760
180.35,15,3.71673267326732,46760
180.4,15,3.71,46760
180.45,15,3.71,46760
180.5,15,3.71252427184468,46771.7647058824
180.55,15,3.72223300970875,46792.0833333333
180.6,15,3.72807692307691,46818.2352941177
180.65,15,3.71846153846153,46830
180.7,15,3.71,46830
180.75,15,3.71,46818.2352941176
180.8,15,3.71,46827.4
180.85,15,3.71,46840
180.9,15,3.71000000000001,46840
180.95,15,3.71961538461539,46840
181,15,3.72923076923079,46834.081632653
181.05,15,3.73,46835.8823529412
181.1,15,3.73,46834.2
181.15,15,3.73,46830
181.2,15,3.73,46835.4347826087
181.25,15,3.7227450980392,46834.3137254902
181.3,15,3.71294117647058,46818.3333333333
181.35,15,3.71,46821.7647058824
181.4,15,3.71,46819.0566037736
181.45,15,3.71,46810
181.5,15,3.71,46821.1538461539
181.55,15,3.71563106796117,46830
181.6,15,3.72533980582525,46835.5102040816
181.65,15,3.73504854368933,46861.9607843137
181.7,15,3.7447572815534,46868.75
181.75,15,3.74557692307691,46842.9411764706
181.8,15,3.73596153846153,46830
181.85,15,3.73,46830
181.9,15,3.73,46835.6862745098
181.95,15,3.73,46834.5098039216
182,15,3.73,46835.2941176471
182.05,15,3.73235294117647,46834.8
182.1,15,3.7421568627451,46819.387755102
182.15,15,3.74811320754716,46825.283018868
182.2,15,3.73867924528302,46835
182.25,15,3.73,46835.306122449
182.3,15,3.73,46840
182.35,15,3.72942307692307,46834.6
182.4,15,3.71980769230768,46835.5102040816
182.45,15,3.7101923076923,46850.7692307692
182.5,15,3.70524271844659,46849.387755102
182.55,15,3.70038834951456,46850.8
182.6,15,3.7,46860
182.65,15,3.7,46860
182.7,15,3.71235294117647,46875.6
182.75,15,3.72705882352943,46890
182.8,15,3.72252336448598,46890
182.85,15,3.71317757009345,46884.8979591837
182.9,15,3.71660000000001,46880
182.95,15,3.7266,46880
183,15,3.73,46885.1020408163
183.05,15,3.73,46884.8
183.1,15,3.72456310679611,46885.0980392157
183.15,15,3.71485436893203,46890
183.2,15,3.71,46890
183.25,15,3.71,46875.3191489361
183.3,15,3.71438095238096,46870.4
183.35,15,3.72390476190477,46880
183.4,15,3.72647058823529,46870.3846153846
183.45,15,3.71666666666667,46860
183.5,15,3.71310679611652,46860
183.55,15,3.72281553398059,46860
183.6,15,3.73,46850
183.65,15,3.73,46835.2
183.7,15,3.72841584158416,46830
183.75,15,3.71851485148514,46820.7692307692
183.8,15,3.71132075471698,46818.9795918367
183.85,15,3.72075471698114,46830
183.9,15,3.72980198019801,46830
183.95,15,3.71990099009901,46830
184,15,3.71,46834.6153846154
184.05,15,3.71,46826.5306122449
184.1,15,3.71,46805.4
184.15,15,3.71,46790.9803921569
184.2,15,3.71,46771.0204081633
184.25,15,3.6978846153846,46760
184.3,15,3.68346153846154,46760
184.35,15,3.68,46760
184.4,15,3.68,46760
184.45,15,3.68711538461538,46760
184.5,15,3.69673076923078,46769.0196078432
184.55,15,3.70951923076924,46771.0204081633
184.6,15,3.72394230769232,46746.7307692307
184.65,15,3.73,46717.1428571428
184.7,15,3.73,46700
184.75,15,3.74213592233014,46709.0196078432
184.8,15,3.76640776699031,46720
184.85,15,3.79725490196082,46720
184.9,15,3.83647058823532,46732.9411764706
184.95,15,3.88452830188677,46750
185,15,3.94584905660384,46750
185.05,15,3.99554455445545,46750
185.1,15,4.01534653465347,46750
185.15,15,4.04822429906547,46754.2857142857
185.2,15,4.11831775700935,46768.6274509804
185.25,15,4.19090909090925,46780
185.3,15,4.28181818181827,46771.6
185.35,34.2857142857367,4.37466666666679,46768.5714285714
185.4,60,4.4794285714287,46788.4615384616
185.45,60,4.58407766990293,46800
185.5,60,4.68601941747588,46812.0000000001
185.55,60,4.78796116504859,46834.1666666667
185.6,60,4.9125000000001,46873.8461538462
185.65,60,5.03750000000015,46968.0000000001
185.7,60,5.16029411764706,47108
185.75,60,5.28284313725503,47287.5510204085
185.8,60,5.4168932038835,47496.6
185.85,60,5.55281553398061,47730.9615384617
185.9,60,5.69047619047629,47990.8333333337
185.95,60,5.82857142857145,48283.5294117648
186,60,5.98105769230791,48596.0000000006
186.05,60,6.13971153846155,48934.6938775512
186.1,60,6.31852941176476,49293.8000000003
186.15,60,6.50970588235308,49688.8235294122
186.2,60,6.70990384615385,50110
186.25,60,6.91663461538493,50564.0000000008
186.3,60,7.13407766990306,51028.0000000003
186.35,60,7.36223300970892,51506.0000000003
186.4,60,7.60314285714309,52008.0000000003
186.45,60,7.86028571428566,52528
186.5,60,8.12257425742603,53055.3846153856
186.55,60,8.39485148514856,53613.0612244902
186.6,60,8.67475728155351,54207.2549019613
186.65,60,8.97087378640792,54805.2941176475
186.7,60,9.26446601941738,55412.4999999999
186.75,60,9.55087378640819,56034.7058823538
186.8,60,9.83096153846176,56673.7500000004
186.85,60,10.0857692307694,57287.5471698117
186.9,60,10.3449514563108,57874.3750000007
186.95,60,10.6362135922329,58553.8461538461
187,60,10.9244230769233,59243.3333333342
187.05,60,11.1648076923077,60105.8000000004
187.1,60,11.4051923076924,61031.3725490205
187.15,60,11.6906796116507,61985.6000000005
187.2,60,11.9770873786407,62939.2307692305
187.25,60,12.2321904761908,63906.6666666682
187.3,60,12.4845714285716,64912.6530612252
187.35,60,12.6385294117648,65865.8000000011
187.4,60,12.7708823529413,66754.7272727283
187.45,60,12.8573529411765,67632.5000000002
187.5,60,12.9308823529413,68567.1428571441
187.55,60,13.0069230769231,69493.3333333333
187.6,60,13.0838461538462,70396.078431373
187.65,60,13.1512500000001,71281.2500000008
187.7,60,13.21375,72199.1999999999
187.75,60,13.2343137254902,73069.0000000008
187.8,60,13.2245098039216,73906.6666666667
187.85,60,13.22,74710.9803921572
187.9,60,13.22,75486.5306122457
187.95,60,13.22,76233.8461538463
188,60,13.22,77000.0000000013
188.05,60,13.22,77838.7755102046
188.1,60,13.22,78574.5098039219
188.15,60,13.2231067961165,79129.807692308
188.2,60,13.2328155339806,79536.6666666665
188.25,60,13.2412380952381,79841.8750000002
188.3,60,13.246,80053.3333333333
188.35,60,13.25,80189.3877551021
188.4,60,13.25,80266.6666666667
188.45,60,13.2514423076923,80309.4117647059
188.5,60,13.2658653846154,80350.5882352942
188.55,60,13.28,80402.7450980392
188.6,60,13.28,80415.4166666667
188.65,60,13.28,80430
188.7,60,13.2658653846154,80423.7254901961
188.75,60,13.2514423076923,80406.9387755102
188.8,60,13.2632352941177,80403.137254902
188.85,60,13.2779411764706,80395.294117647
188.9,60,13.2759047619048,80365.6
188.95,60,13.2711428571429,80380
189,60,13.2626923076923,80385.4166666667
189.05,60,13.2530769230769,80403
189.1,60,13.25,80401.3461538461
189.15,60,13.25,80374.693877551
189.2,60,13.2595192307692,80365.3846153846
189.25,60,13.2739423076923,80392.2448979592
189.3,60,13.2909433962264,80424.693877551
189.35,60,13.3098113207547,80401.9230769231
189.4,60,13.3111538461538,80384.8
189.45,60,13.2919230769231,80402.5
189.5,60,13.28,80407.2
189.55,60,13.28,80402.8
189.6,60,13.2835294117647,80407.2549019608
189.65,60,13.2933333333333,80402.6530612245
189.7,60,13.3030769230769,80407.2
189.75,60,13.3126923076923,80408.076923077
189.8,60,13.3176699029126,80425
189.85,60,13.3079611650485,80410
189.9,60,13.3,80410
189.95,60,13.3,80410
190,60,13.2985714285714,80407.4509803921
190.05,60,13.2842857142857,80402.2641509434
190.1,60,13.27,80404.2553191489
190.15,60,13.275,80391.320754717
190.2,60,13.28,80424.375
190.25,60,13.28,80402.2448979592
190.3,60,13.28,80410
190.35,60,13.28,80414.6153846154
190.4,60,13.28,80423.75
190.45,60,13.28,80402.4
190.5,60,13.28,80410
190.55,60,13.2870588235294,80407.6
190.6,60,13.296862745098,80402.3529411765
190.65,60,13.2933333333333,80403.125
190.7,60,13.2835294117647,80375
190.75,60,13.2861538461539,80357.8431372549
190.8,60,13.2957692307692,80352
190.85,60,13.3054901960784,80360
190.9,60,13.3152941176471,80353.75
190.95,60,13.315,80322.9411764706
191,60,13.3053846153846,80304.1509433963
191.05,60,13.2957692307692,80316.5957446808
191.1,60,13.2861538461538,80300
191.15,60,13.28,80296
191.2,60,13.28,80284.1666666667
191.25,60,13.28,80300
191.3,60,13.28,80309.8039215687
191.35,60,13.2822857142857,80351.8
191.4,60,13.2918095238095,80363.6734693878
191.45,60,13.3013725490196,80392
191.5,60,13.3111764705882,80443.9215686275
191.55,60,13.3190384615385,80463.6
191.6,60,13.3094230769231,80480
191.65,60,13.2997058823529,80476
191.7,60,13.285,80463.9215686275
191.75,60,13.270294117647,80481.8367346939
191.8,60,13.27,80488.0392156863
191.85,60,13.27,80481.8
191.9,60,13.2743689320388,80488.2
191.95,60,13.2792233009709,80481.6981132075
192,60,13.28,80490
192.05,60,13.28,80495.2941176471
192.1,60,13.2874509803922,80510.2040816326
192.15,60,13.2972549019608,80460
192.2,60,13.3069902912621,80460
192.25,60,13.3166990291262,80460
192.3,60,13.32,80451
192.35,60,13.32,80410
192.4,60,13.3228571428571,80400.9999999999
192.45,60,13.327619047619,80358.2352941177
192.5,60,13.3275490196078,80350
192.55,60,13.3226470588235,80344.7058823529
192.6,60,13.3156603773585,80320
192.65,60,13.3062264150943,80324.705882353
192.7,60,13.2915841584158,80351.3725490196
192.75,60,13.2668316831683,80365.0000000001
192.8,60,13.25,80396.9230769231
192.85,60,13.25,80382.3076923077
192.9,60,13.2556074766355,80405.2173913044
192.95,60,13.2789719626168,80463.2
193,60,13.3010101010101,80473.725490196
193.05,60,13.3111111111111,80434.2857142857
193.1,60,13.3188461538461,80392.1568627451
193.15,60,13.3092307692308,80347.2
193.2,60,13.2994174757282,80328.6274509804
193.25,60,13.284854368932,80317.5
193.3,60,13.2702912621359,80303.0769230769
193.35,60,13.27,80314.1176470588
193.4,60,13.27,80271.0204081633
193.45,60,13.2743689320388,80282.3076923077
193.5,60,13.2792233009709,80300
193.55,60,13.2881553398058,80301.25
193.6,60,13.2978640776699,80320
193.65,60,13.307358490566,80317.6
193.7,60,13.3167924528302,80294.2307692308
193.75,60,13.3069306930693,80249.1666666666
193.8,60,13.2871287128713,80244.705882353
193.85,60,13.28,80277.0588235294
193.9,60,13.28,80255.6
193.95,60,13.2854901960784,80320.8163265306
194,60,13.2952941176471,80330
194.05,60,13.305,80332.4489795918
194.1,60,13.3146153846154,80360
194.15,60,13.311619047619,80358.8
194.2,60,13.2925714285714,80347.6
194.25,60,13.2749504950495,80332.3076923077
194.3,60,13.260099009901,80350
194.35,60,13.2545714285714,80350
194.4,60,13.2688571428572,80350
194.45,60,13.2789215686274,80350
194.5,60,13.2740196078431,80350
194.55,60,13.2674038461538,80350
194.6,60,13.2529807692308,80351.7647058824
194.65,60,13.2404901960784,80377.8723404255
194.7,60,13.2453921568627,80330
194.75,60,13.2514285714286,80332.8846153847
194.8,60,13.2752380952381,80358.2
194.85,60,13.2990476190476,80329.387755102
194.9,60,13.3,80318.4
194.95,60,13.3,80300
195,60,13.2912621359223,80298.4
195.05,60,13.2815533980582,80280
195.1,60,13.2878504672897,80283.137254902
195.15,60,13.2971962616823,80320
195.2,60,13.3105,80320.4
195.25,60,13.3255,80330
195.3,60,13.3198058252427,80330
195.35,60,13.3052427184466,80329.7872340425
195.4,60,13.3,80320.7843137255
195.45,60,13.3,80332.8846153846
195.5,60,13.3,80381.0204081634
195.55,60,13.3,80430
195.6,60,13.3,80430.1960784314
195.65,60,13.3,80440
195.7,60,13.2935922330097,80438.4
195.75,60,13.2790291262136,80400.3846153846
195.8,60,13.2718269230769,80410
195.85,60,13.2766346153846,80410
195.9,60,13.2829411764706,80400.1960784314
195.95,60,13.2927450980392,80400
196,60,13.2975,80400
196.05,60,13.2878846153846,80380.4081632653
196.1,60,13.2791346153846,80399.2
196.15,60,13.2743269230769,80381.1538461539
196.2,60,13.2714285714286,80410
196.25,60,13.2857142857143,80380
196.3,60,13.3,80409.4117647059
196.35,60,13.3,80400
196.4,60,13.3,80409.8039215686
196.45,60,13.2907843137255,80400
196.5,60,13.2809803921569,80410.3846153847
196.55,60,13.2886538461539,80429.6153846154
196.6,60,13.2982692307692,80410
196.65,60,13.3078846153846,80380.5882352941
196.7,60,13.3175,80360.4
196.75,60,13.32,80410
196.8,60,13.32,80410
196.85,60,13.32,80410
196.9,60,13.32,80429.6078431373
196.95,60,13.32,80410.3846153846
197,60,13.32,80429.6153846154
197.05,60,13.3227102803738,80430
197.1,60,13.3273831775701,80410.4
197.15,60,13.33,80400
197.2,60,13.33,80360
197.25,60,13.3280769230769,80360
197.3,60,13.3232692307692,80360
197.35,60,13.3168316831683,80360
197.4,60,13.3069306930693,80360
197.45,60,13.2970873786408,80360
197.5,60,13.2873786407767,80360
197.55,60,13.2823076923077,80360
197.6,60,13.2919230769231,80379.2156862745
197.65,60,13.3,80380
197.7,60,13.3,80380
197.75,60,13.3007766990291,80361.1538461538
197.8,60,13.3104854368932,80379.1836734694
197.85,60,13.3198058252427,80350.6122448979
197.9,60,13.3100970873786,80378.2692307693
197.95,60,13.3003883495146,80351.8
198,60,13.3,80350
198.05,60,13.3,80359.5918367347
198.1,60,13.2913461538461,80360
198.15,60,13.2817307692308,80378.4905660378
198.2,60,13.28,80398.7755102041
198.25,60,13.28,80400
198.3,60,13.28,80381.2244897959
198.35,60,13.28,80408.2
198.4,60,13.2864705882353,80410
198.45,60,13.2962745098039,80438.2
198.5,60,13.3,80440
198.55,60,13.3,80458.0392156863
198.6,60,13.2920909090909,80441.6326530612
198.65,60,13.2784545454545,80440
198.7,60,13.2719,80477.5
198.75,60,13.2769,80480
198.8,60,13.2837254901961,80480
198.85,60,13.2935294117647,80489.1836734694
198.9,60,13.3033333333333,80490
198.95,60,13.313137254902,80518
199,60,13.3214423076923,80511.4545454545
199.05,60,13.32625,80518.9361702128
199.1,60,13.3289423076923,80511.1764705882
199.15,60,13.3241346153846,80536.9387755102
199.2,60,13.32,80521.6326530612
199.25,60,13.32,80520
199.3,60,13.32,80581.9230769231
199.35,60,13.32,80562.5
199.4,60,13.32,80560
199.45,60,13.3101960784314,80560
199.5,60,13.3003921568627,80569.1666666667
199.55,60,13.2907692307692,80560.9803921569
199.6,60,13.2811538461538,80560
199.65,60,13.2757692307692,80542
199.7,60,13.2709615384615,80523.0188679245
199.75,60,13.2503921568627,80537.8723404256
199.8,60,13.2258823529412,80540
199.85,60,13.2089320388349,80540
199.9,60,13.1943689320388,80557.6
199.95,60,13.1731730769231,80524.0816326531
200,60,13.1491346153846,80520
200.05,60,13.1219417475728,80553.4693877551
200.1,60,13.0928155339806,80568.75
200.15,60,13.0476923076923,80561.2
200.2,60,12.99,80560
200.25,60,12.8970873786406,80560
200.3,60,12.7660194174757,80542.4489795918
200.35,60,12.5991346153845,80540
200.4,38.8461538461433,12.3827884615383,80523.0769230769
200.45,35,12.1582692307692,80520
200.5,35,11.9178846153843,80486.5306122448
200.55,35,11.6819417475727,80436.25
200.6,35,11.4586407766989,80336.923076923
200.65,35,11.2256310679609,80079.9999999997
200.7,35,10.953786407767,79713.2
200.75,35,10.681262135922,79282.6530612238
200.8,35,10.4045631067961,78933.846153846
200.85,35,10.1303846153845,78550.5882352938
200.9,35,9.88519230769212,78036.5306122446
200.95,35,9.64,77497.0588235296
201,35,9.37039215686231,76964.3749999994
201.05,35,9.10078431372524,76443.1372549018
201.1,35,8.90538461538446,75906.3999999998
201.15,35,8.71307692307681,75349.5999999998
201.2,35,8.56184466019424,74789.5999999999
201.25,35,8.41621359223288,74197.6470588229
201.3,35,8.31903846153846,73630.7999999996
201.35,35,8.23249999999996,73070.7999999995
201.4,35,8.16019230769226,72504.8076923073
201.45,35,8.09288461538461,71900.6250000002
201.5,35,8.02794117647051,71332.6923076914
201.55,35,7.96421568627451,70754.9999999995
201.6,35,7.91913461538461,70170.3773584899
201.65,35,7.88548076923075,69552.9787234037
201.7,35,7.85442307692308,68964.4000000001
201.75,35,7.82557692307688,68425.3999999995
201.8,35,7.79872549019606,67841.1538461536
201.85,35,7.77421568627448,67133.1249999994
201.9,35,7.75394230769229,66471.7307692303
201.95,35,7.73951923076923,65860.4081632653
202,35,7.71844660194171,65371.9999999994
202.05,35,7.68446601941748,64974.1176470586
202.1,35,7.65864077669903,64632.5999999998
202.15,35,7.65378640776699,64392.8571428569
202.2,35,7.65,64169.6078431373
202.25,35,7.65,63957.4999999998
202.3,35,7.64766990291261,63778.0769230768
202.35,35,7.63310679611649,63609.9999999999
202.4,35,7.62048076923077,63432.3999999998
202.45,35,7.62528846153846,63305.3846153847
202.5,35,7.6301941747573,63184.4897959182
202.55,35,7.63990291262137,63089.4117647058
202.6,35,7.64961165048545,63006.3265306122
202.65,35,7.63615384615383,62949.9999999999
202.7,35,7.62173076923076,62893.8461538461
202.75,35,7.62,62841.2244897958
202.8,35,7.62,62775.4
202.85,35,7.62,62752.2
202.9,35,7.62,62726.6
202.95,35,7.6126923076923,62688.8
203,35,7.60307692307691,62680
203.05,35,7.6,62657.5
203.1,35,7.6,62664.5098039216
203.15,35,7.6,62670
203.2,35,7.6,62670
203.25,35,7.6,62677.6
203.3,35,7.6,62680
203.35,35,7.59538461538461,62695.2941176471
203.4,35,7.58576923076922,62684.8
203.45,35,7.5723076923077,62694.9019607843
203.5,35,7.5530769230769,62685.2
203.55,35,7.54,62672.7450980392
203.6,35,7.54,62655.306122449
203.65,35,7.54135922330098,62650
203.7,35,7.54621359223301,62650
203.75,35,7.5521153846154,62650
203.8,35,7.56173076923078,62664.6666666667
203.85,35,7.56862745098038,62648.0769230769
203.9,35,7.55882352941175,62647.3469387755
203.95,35,7.55,62627.8
204,35,7.55,62605.2
204.05,35,7.55,62592.6
204.1,35,7.55,62597.4
204.15,35,7.55,62600
204.2,35,7.56342857142858,62579.4117647059
204.25,35,7.57771428571431,62584.4680851064
204.3,35,7.59663366336635,62568.2352941176
204.35,35,7.61643564356437,62545.6
204.4,35,7.62,62553.8461538462
204.45,35,7.62,62566.8
204.5,35,7.61262135922329,62570
204.55,35,7.60291262135922,62548.8235294118
204.6,35,7.58999999999999,62540
204.65,35,7.57571428571428,62504
204.7,35,7.5789108910891,62502.8571428571
204.75,35,7.59376237623764,62530.0000000001
204.8,35,7.6,62540
204.85,35,7.6,62553.2
204.9,35,7.6,62560
204.95,35,7.6,62545.8823529412
205,35,7.6,62540
205.05,35,7.6,62560.8163265306
205.1,35,7.59504854368931,62563
205.15,35,7.58048543689319,62560
205.2,35,7.57,62560
205.25,35,7.57,62567.0833333333
205.3,35,7.56788461538461,62590.7692307692
205.35,35,7.55826923076922,62626.6666666667
205.4,35,7.55,62659.4117647059
205.45,35,7.55,62676.4
205.5,35,7.55115384615387,62693.3333333334
205.55,35,7.56557692307693,62713.6
205.6,35,7.58000000000002,62720
205.65,35,7.59941747572818,62706.6666666666
205.7,35,7.61883495145632,62700
205.75,35,7.61087378640775,62687.5
205.8,35,7.60116504854368,62660.4081632653
205.85,35,7.59161904761904,62650
205.9,35,7.58209523809523,62643.2653061224
205.95,35,7.58757281553398,62646.5384615385
206,35,7.59728155339807,62643.6
206.05,35,7.6,62626.6666666667
206.1,35,7.6,62620
206.15,35,7.6064077669903,62620
206.2,35,7.61611650485437,62620
206.25,35,7.60543689320384,62606.8
206.3,35,7.58116504854367,62600
206.35,35,7.56235849056602,62593.6
206.4,35,7.5482075471698,62590
206.45,35,7.54207920792079,62577.0588235294
206.5,35,7.54702970297031,62583.0612244898
206.55,35,7.55,62570.9615384615
206.6,35,7.55,62560
206.65,35,7.55313725490197,62566.2745098039
206.7,35,7.56294117647059,62570
206.75,35,7.57,62552.4528301886
206.8,35,7.57,62527.8260869565
206.85,35,7.57,62532.3076923077
206.9,35,7.57,62527.5
206.95,35,7.57067307692308,62520
207,35,7.57548076923078,62513.9215686274
207.05,35,7.57911764705881,62515.8823529412
207.1,35,7.56441176470587,62531.6
207.15,35,7.55,62540
207.2,35,7.55,62527.9166666667
207.25,35,7.55,62520
207.3,35,7.5364423076923,62514.0384615385
207.35,35,7.52201923076922,62498.4
207.4,35,7.52,62490
207.45,35,7.52,62501.5384615385
207.5,35,7.53194174757283,62515.9574468085
207.55,35,7.54650485436893,62520
207.6,35,7.56085714285715,62532.0833333334
207.65,35,7.57514285714287,62540
207.7,35,7.57676470588235,62528.4
207.75,35,7.57186274509803,62520
207.8,35,7.56415094339622,62514.1176470588
207.85,35,7.55471698113207,62527.4
207.9,35,7.55485436893204,62528.1632653061
207.95,35,7.56456310679611,62520
208,35,7.56576923076922,62520
208.05,35,7.55615384615384,62520
208.1,35,7.54821782178218,62514
208.15,35,7.54326732673267,62515.8823529412
208.2,35,7.54485714285714,62514.2
208.25,35,7.55914285714287,62510
208.3,35,7.57,62498.75
208.35,35,7.57,62501.6
208.4,35,7.57,62498.4
208.45,35,7.57,62501.6
208.5,35,7.57148514851487,62527.4
208.55,35,7.58633663366337,62540
208.6,35,7.59923076923076,62540
208.65,35,7.58961538461538,62540
208.7,35,7.58,62540
208.75,35,7.57514563106796,62528.8
208.8,35,7.57029126213592,62520
208.85,35,7.56096153846153,62531.0204081633
208.9,35,7.55134615384614,62550.5660377359
208.95,35,7.55826923076923,62560
209,35,7.56788461538463,62581.6000000001
209.05,35,7.58135922330098,62610.5882352941
209.1,35,7.5959223300971,62609.6
209.15,35,7.59300970873785,62610.612244898
209.2,35,7.58330097087379,62620
209.25,35,7.56705882352939,62620
209.3,35,7.54745098039216,62630.7692307692
209.35,35,7.54885714285715,62629.6
209.4,35,7.56314285714287,62630.612244898
209.45,35,7.565,62656.2
209.5,35,7.5553846153846,62670
209.55,35,7.54788461538461,62670
209.6,35,7.54307692307692,62675.2941176471
209.65,35,7.54720000000001,62690.4
209.7,35,7.5672,62689.387755102
209.75,35,7.58342857142859,62680
209.8,35,7.59295238095239,62680
209.85,35,7.59624999999999,62680
209.9,35,7.58182692307691,62689.4339622642
209.95,35,7.56823529411765,62700
210,35,7.55843137254901,62690
210.05,35,7.55134615384616,62675
210.1,35,7.56096153846154,62660.1960784314
210.15,35,7.57,62635.8823529411
210.2,35,7.57,62610.612244898
210.25,35,7.57,62600
210.3,35,7.57471153846154,62609.8039215686
210.35,35,7.57951923076924,62629.7959183674
210.4,35,7.57554455445544,62640
210.45,35,7.57059405940594,62630.4
210.5,35,7.57423076923078,62610.2040816326
210.55,35,7.57903846153846,62600
210.6,35,7.58769230769231,62600
210.65,35,7.5973076923077,62595.2
210.7,35,7.6,62580.7692307692
210.75,35,7.6,62565.6
210.8,35,7.5935922330097,62560
210.85,35,7.58388349514563,62560
210.9,35,7.57708737864077,62564.4680851064
210.95,35,7.57223300970874,62579.4117647059
211,35,7.56480769230768,62603.8
211.05,35,7.55519230769231,62620
211.1,35,7.55446601941748,62620
211.15,35,7.56417475728156,62634.1176470589
211.2,35,7.57,62650
211.25,35,7.57,62645.5102040816
211.3,35,7.56533980582524,62640
211.35,35,7.55077669902912,62631.2
211.4,35,7.54126213592233,62620
211.45,35,7.54611650485437,62629.2
211.5,35,7.55194174757283,62640
211.55,35,7.5616504854369,62630.9803921568
211.6,35,7.57,62628.4615384616
211.65,35,7.57,62631.4893617021
211.7,35,7.56960784313725,62629.0196078431
211.75,35,7.55980392156862,62640
211.8,35,7.55,62617.0833333333
211.85,35,7.53557692307692,62580.7692307692
211.9,35,7.52115384615383,62557.0588235294
211.95,35,7.52,62527.4
212,35,7.52,62501.6
212.05,35,7.52819047619048,62485.8
212.1,35,7.5377142857143,62471.7647058823
212.15,35,7.53254901960783,62447.5
212.2,35,7.52274509803922,62417.0588235294
212.25,35,7.52,62378.9999999999
212.3,35,7.52,62354.1176470588
212.35,35,7.52,62347.7551020408
212.4,35,7.52,62325.8823529412
212.45,35,7.52579439252336,62320
212.5,35,7.5351401869159,62320
212.55,35,7.54,62311.6
212.6,35,7.54,62300
212.65,35,7.5353846153846,62288
212.7,35,7.52576923076923,62270
212.75,35,7.51423076923074,62261.6
212.8,35,7.49980769230769,62245.7142857143
212.85,35,7.49155339805825,62240
212.9,35,7.49640776699029,62224.4897959183
212.95,35,7.5025,62196.0784313726
213,35,7.5121153846154,62182.4
213.05,35,7.51825242718446,62170
213.1,35,7.50854368932038,62166.2
213.15,35,7.49828571428571,62163.8775510204
213.2,35,7.484,62178
213.25,35,7.470198019802,62190
213.3,35,7.480099009901,62182.4
213.35,35,7.49,62166.2
213.4,35,7.49,62160
213.45,35,7.49,62160
213.5,35,7.51254901960787,62163.6
213.55,35,7.53705882352943,62177.2
213.6,35,7.53161904761904,62190
213.65,35,7.52209523809523,62193.1914893617
213.7,35,7.5125,62189.4117647059
213.75,35,7.5028846153846,62177.0833333334
213.8,35,7.50686274509805,62190
213.85,35,7.51666666666668,62190
213.9,35,7.52,62179.5918367347
213.95,35,7.52,62160
214,35,7.52,62163.2
214.05,35,7.52,62170
214.1,35,7.52,62176.8
214.15,35,7.52,62183.3333333333
214.2,35,7.52,62176.5306122449
214.25,35,7.52,62183.0612244898
214.3,35,7.52,62177.0588235294
214.35,35,7.52,62193.2692307692
214.4,35,7.52,62200
214.45,35,7.52,62213.8775510204
214.5,35,7.51749999999998,62243.5294117647
214.55,35,7.50788461538461,62267
214.6,35,7.50173076923077,62310
214.65,35,7.51134615384616,62326.9230769231
214.7,35,7.51902912621359,62322.8571428571
214.75,35,7.5093203883495,62330
214.8,35,7.49884615384615,62339.7959183674
214.85,35,7.46999999999998,62372.5925925926
214.9,35,7.44115384615382,62408.125
214.95,35,7.40235294117646,62423.75
215,35,7.36313725490189,62406.6666666667
215.05,35,7.2936538461538,62409.4117647059
215.1,35,7.22153846153843,62430
215.15,35,7.16245283018864,62420.7692307692
215.2,35,7.10584905660379,62402.8571428571
215.25,35,7.06148514851481,62410
215.3,35,7.0218811881188,62406.9387755102
215.35,35,6.99317307692306,62409.4117647059
215.4,34.1176470588208,6.96913461538459,62430
215.45,32,6.94480392156863,62432.8571428571
215.5,32,6.92029411764703,62440
215.55,32,6.91,62437.3913043478
215.6,32,6.91,62398.6274509803
215.65,32,6.91,62287.9999999999
215.7,32,6.91,62118.0000000001
215.75,32,6.89466666666662,61882.0754716979
215.8,32,6.86133333333332,61651.2765957446
215.85,32,6.84,61426.2264150942
215.9,32,6.84,61257.0588235293
215.95,32,6.84,61111.7391304347
216,32,6.84,60958.2692307691
216.05,32,6.83883495145631,60852.9166666666
216.1,32,6.83398058252427,60756.4705882352
216.15,32,6.82745283018866,60671.9999999999
216.2,32,6.81330188679245,60589.2307692308
216.25,32,6.8,60539.9999999999
216.3,32,6.8,60480
216.35,32,6.80029411764707,60468.2978723404
216.4,32,6.81500000000002,60416.7924528301
216.45,32,6.82970588235295,60368.2978723404
216.5,32,6.82066666666665,60316.7924528301
216.55,32,6.81114285714285,60273.125
216.6,32,6.82294117647059,60242.0408163265
216.65,32,6.83764705882354,60211.6
216.7,32,6.84,60176.2745098039
216.75,32,6.84,60135
216.8,32,6.83625,60113.4
216.85,32,6.83144230769231,60090
216.9,32,6.82313725490195,60090
216.95,32,6.81333333333333,60090
217,32,6.81634615384617,60082.6530612244
217.05,32,6.82596153846155,60065
217.1,32,6.83,60080
217.15,32,6.83,60074.9019607843
217.2,32,6.83,60060
217.25,32,6.83,60064.8
217.3,32,6.83,60070.7692307692
217.35,32,6.83,60048.1632653062
217.4,32,6.83,60075.6
217.45,32,6.83,60060
217.5,32,6.83137254901961,60055.294117647
217.55,32,6.83627450980392,60044.3137254902
217.6,32,6.83650485436892,60063.9215686275
217.65,32,6.8219417475728,60076.3265306122
217.7,32,6.81252336448598,60060
217.75,32,6.82654205607479,60056.3265306122
217.8,32,6.84,60044.0816326531
217.85,32,6.84,60060
217.9,32,6.83915094339621,60069.8039215687
217.95,32,6.825,60110
218,32,6.81084905660375,60105.9183673469
218.05,32,6.81,60094.3137254902
218.1,32,6.81,60110
218.15,32,6.81867924528303,60106.4
218.2,32,6.82811320754717,60090
218.25,32,6.83,60094
218.3,32,6.83,60116
218.35,32,6.83360000000001,60136.0784313725
218.4,32,6.8386,60123.75
218.45,32,6.84692307692308,60135.6862745098
218.5,32,6.85653846153848,60123.9215686275
218.55,32,6.84461538461537,60140
218.6,32,6.82057692307691,60140
218.65,32,6.81,60143.6
218.7,32,6.81,60160
218.75,32,6.80278846153844,60165.4
218.8,32,6.78836538461538,60184.4897959184
218.85,32,6.7860576923077,60160
218.9,32,6.80048076923078,60161.9607843137
218.95,32,6.81330097087378,60168.2
219,32,6.82300970873788,60160
219.05,32,6.83135922330097,60160
219.1,32,6.83621359223301,60156.7346938775
219.15,32,6.84,60140
219.2,32,6.84,60142.9787234043
219.25,32,6.84,60156.2264150943
219.3,32,6.84,60142.6923076923
219.35,32,6.84114285714286,60160
219.4,32,6.85066666666667,60160
219.45,32,6.85970873786408,60156.9230769231
219.5,32,6.84514563106794,60140
219.55,32,6.83058252427183,60142.4
219.6,32,6.83461538461539,60157.5510204082
219.65,32,6.83942307692308,60142.8
219.7,32,6.84854368932039,60164.375
219.75,32,6.85825242718447,60190
219.8,32,6.85219047619047,60190
219.85,32,6.84266666666666,60193.6734693878
219.9,32,6.83643564356435,60220
219.95,32,6.83148514851485,60222.4
220,32,6.83,60243.7500000001
220.05,32,6.83,60274.5283018868
220.1,32,6.83,60302.0833333334
220.15,32,6.83,60321.3725490196
220.2,32,6.82447619047619,60332.5
220.25,32,6.81495238095237,60351.568627451
220.3,32,6.81699029126214,60355.8
220.35,32,6.83155339805827,60328.6
220.4,32,6.84403846153847,60317.2549019608
220.45,32,6.85365384615385,60303.4615384615
220.5,32,6.8566990291262,60329.1836734694
220.55,32,6.84699029126214,60321.0204081633
220.6,32,6.84,60328.8235294118
220.65,32,6.84,60321
220.7,32,6.83653846153846,60326.9387755102
220.75,32,6.82211538461536,60300
220.8,32,6.81,60296.4705882353
220.85,32,6.81,60270
220.9,32,6.81116504854369,60270
220.95,32,6.8257281553398,60270
221,32,6.84,60271
221.05,32,6.84,60280
221.1,32,6.84,60280
221.15,32,6.84,60280
221.2,32,6.84,60280
221.25,32,6.84,60283.2653061225
221.3,32,6.84,60318.0392156863
221.35,32,6.83603773584905,60300
221.4,32,6.83132075471698,60297.6923076923
221.45,32,6.82294117647059,60280
221.5,32,6.81313725490194,60283.9215686275
221.55,32,6.81990291262137,60316.9230769231
221.6,32,6.83446601941749,60279.5744680851
221.65,32,6.83701923076923,60268.0392156863
221.7,32,6.83221153846154,60251.5384615385
221.75,32,6.82470588235293,60268.75
221.8,32,6.81490196078431,60240
221.85,32,6.81,60238.431372549
221.9,32,6.81,60218.2
221.95,32,6.81,60188.2352941177
222,32,6.81,60160.3921568628
222.05,32,6.81542857142857,60169.7959183673
222.1,32,6.8297142857143,60160
222.15,32,6.84,60160.3703703704
222.2,32,6.84,60169.6296296296
222.25,32,6.84,60160
222.3,32,6.84,60160.625
222.35,32,6.84,60190
222.4,32,6.84,60190
222.45,32,6.83970588235294,60190.5882352941
222.5,32,6.83480392156862,60201.6000000001
222.55,32,6.83,60238.4615384615
222.6,32,6.83,60200
222.65,32,6.83,60200
222.7,32,6.83,60200
222.75,32,6.83,60200
222.8,32,6.82126213592233,60199.5918367347
222.85,32,6.81155339805825,60190
222.9,32,6.81,60190
222.95,32,6.81,60190
223,32,6.81718446601943,60190
223.05,32,6.8268932038835,60189.4117647059
223.1,32,6.83,60160
223.15,32,6.83,60160
223.2,32,6.83,60120.7843137255
223.25,32,6.83,60109.2156862745
223.3,32,6.82447619047619,60089.4117647059
223.35,32,6.81495238095237,60060
223.4,32,6.81,60040.3921568627
223.45,32,6.81,60000
223.5,32,6.81,59999.6
223.55,32,6.81,59979.6078431372
223.6,32,6.81,59960
223.65,32,6.81,59950.1960784314
223.7,32,6.80873786407767,59930.4
223.75,32,6.80388349514562,59920
223.8,32,6.8,59920
223.85,32,6.8,59900.4
223.9,32,6.79884615384615,59900
223.95,32,6.78923076923077,59900
224,32,6.78,59900
224.05,32,6.78,59900
224.1,32,6.78000000000001,59900
224.15,32,6.78980392156864,59870
224.2,32,6.79960784313725,59900
224.25,32,6.79076923076922,59880.3921568627
224.3,32,6.78115384615384,59899.2156862745
224.35,32,6.7885436893204,59900
224.4,32,6.79825242718447,59900
224.45,32,6.79211538461538,59870.6122448979
224.5,32,6.78249999999999,59879.8
224.55,32,6.77281553398058,59880
224.6,32,6.7631067961165,59899.1836734694
224.65,32,6.76653846153847,59870.6122448979
224.7,32,6.77615384615385,59870
224.75,32,6.78582524271846,59870
224.8,32,6.79553398058253,59870
224.85,32,6.8,59851.6
224.9,32,6.8,59850
224.95,32,6.7960396039604,59850
225,32,6.78613861386138,59897.0000000001
225.05,32,6.77631067961165,59871.8
225.1,32,6.76660194174757,59851.9230769231
225.15,32,6.76313725490197,59850
225.2,32,6.77294117647059,59850
225.25,32,6.78,59840.6
225.3,32,6.78,59821.2
225.35,32,6.78,59838.431372549
225.4,32,6.78,59840
225.45,32,6.78,59840
225.5,32,6.78,59840
225.55,32,6.78,59802.4
225.6,32,6.78,59790.6
225.65,32,6.78000000000001,59771.9230769231
225.7,32,6.78970873786408,59788.75
225.75,32,6.79941747572817,59771.5686274509
225.8,32,6.8,59770
225.85,32,6.8,59761.0416666667
225.9,32,6.8,59769
225.95,32,6.8,59795.9615384615
226,32,6.79219047619046,59791.2244897959
226.05,32,6.78266666666666,59790
226.1,32,6.78,59772.3529411765
226.15,32,6.78,59770
226.2,32,6.77346153846154,59788.0392156863
226.25,32,6.76384615384614,59799.1836734694
226.3,32,6.75705882352941,59800
226.35,32,6.7521568627451,59800
226.4,32,6.76333333333335,59800
226.45,32,6.78714285714286,59800
226.5,32,6.8,59817.0212765958
226.55,32,6.8,59837.9166666667
226.6,32,6.8,59823.0188679245
226.65,32,6.8,59802.5
226.7,32,6.8,59844
226.75,32,6.8,59841.2
226.8,32,6.79762376237624,59848.9795918367
226.85,32,6.78772277227723,59823.5294117647
226.9,32,6.78,59820
226.95,32,6.78,59802.5
227,32,6.78,59775.0943396226
227.05,32,6.78,59787.4468085106
227.1,32,6.78,59798.6274509804
227.15,32,6.78,59816.862745098
227.2,32,6.78,59846.25
227.25,32,6.7703846153846,59894.0000000001
227.3,32,6.76076923076922,59952.8
227.35,32,6.76884615384616,59993.8461538462
227.4,32,6.77846153846154,60008.4
227.45,32,6.79211538461538,60051.1764705882
227.5,32,6.80653846153848,60060
227.55,32,6.80627450980392,60060
227.6,32,6.8013725490196,60060
227.65,32,6.78588235294116,60084.9056603774
227.7,32,6.76627450980393,60090
227.75,32,6.76653846153847,60047.2916666666
227.8,32,6.77615384615385,60031.4
227.85,32,6.78576923076924,60005.1923076923
227.9,32,6.79538461538463,60008.2
227.95,32,6.78990291262136,60010
228,32,6.77048543689318,60010
228.05,32,6.76876190476191,60010
228.1,32,6.78780952380953,60002.0833333333
228.15,32,6.8,60008.5106382979
228.2,32,6.8,60010
228.25,32,6.8,60010
228.3,32,6.8,60026.4705882353
228.35,32,6.80126213592233,60038.2
228.4,32,6.80611650485437,60056.4
228.45,32,6.81190476190476,60035.4
228.5,32,6.82142857142858,60030
228.55,32,6.82901960784314,60038.0392156863
228.6,32,6.81921568627451,60031.8367346939
228.65,32,6.81057692307693,60030
228.7,32,6.82019230769231,60037.8
228.75,32,6.82980769230771,60031.875
228.8,32,6.80621359223299,60013.9215686274
228.85,32,6.7819417475728,60002
228.9,32,6.77115384615384,60000
228.95,32,6.76153846153846,60030.7692307692
229,32,6.76800000000001,60055.8333333334
229.05,32,6.77752380952381,60044.6153846154
229.1,32,6.78,60040
229.15,32,6.78,60040
229.2,32,6.78,60040
229.25,32,6.78,60055.6
229.3,32,6.78621359223302,60060
229.35,32,6.7959223300971,60044.4
229.4,32,6.8,60040
229.45,32,6.8,60016.6
229.5,32,6.79076923076921,60010
229.55,32,6.77153846153845,60002.1568627451
229.6,32,6.76,59968.1632653061
229.65,32,6.76,59936.4705882353
229.7,32,6.7635294117647,59922.2
229.75,32,6.77333333333334,59904.7058823529
229.8,32,6.79230769230771,59900
229.85,32,6.83076923076926,59900
229.9,32,6.8821359223302,59885
229.95,32,6.97436893203885,59880
230,32,7.07446601941767,59895.6
230.05,32,7.21038834951462,59885
230.1,32,7.35134615384626,59909.0196078432
230.15,32,7.52923076923094,59927.3469387755
230.2,32,7.70803921568631,59907.8
230.25,32,7.90901960784338,59900
230.3,32,8.11,59877.5
230.35,32,8.35038461538471,59877.7083333333
230.4,32,8.59076923076941,59895.2941176471
230.45,52.8627450980502,8.8509523809523,59900
230.5,60,9.11285714285737,59922.2
230.55,60,9.3766037735849,59930
230.6,60,9.6407547169812,59980.7843137255
230.65,60,9.92858585858603,60080.8163265307
230.7,60,10.2265656565656,60230.9615384615
230.75,60,10.5176923076927,60451.4285714289
230.8,60,10.806153846154,60750.4000000002
230.85,60,11.079411764706,61185.6000000005
230.9,60,11.344117647059,61780.8000000006
230.95,60,11.5971698113206,62500
231,60,11.8424528301889,63232.0754716991
231.05,60,12.0570588235294,63964.7058823534
231.1,60,12.2384313725491,64771.2000000007
231.15,60,12.3928846153847,65593.3333333343
231.2,60,12.513076923077,66475.0000000003
231.25,60,12.6363366336636,67364.2857142867
231.3,60,12.7650495049506,68231.1764705884
231.35,60,12.8710476190477,69111.4285714293
231.4,60,12.9329523809524,69823.8461538467
231.45,60,12.9834951456311,70636.6666666667
231.5,60,12.9980582524272,71571.9148936181
231.55,60,13.0117307692308,72447.0588235296
231.6,60,13.0213461538462,73258.6538461546
231.65,60,13.0304854368932,74161.3043478268
231.7,60,13.0353398058252,74979.2307692308
231.75,60,13.0403846153846,75634.0384615393
231.8,60,13.05,76366.5957446815
231.85,60,13.0596153846154,77133.2727272735
231.9,60,13.0694117647059,77891.7391304358
231.95,60,13.0792156862745,78490.1923076924
232,60,13.0842990654206,78945.0000000006
232.05,60,13.0889719626168,79275.8823529414
232.1,60,13.09,79481.0204081633
232.15,60,13.09,79627.2222222223
232.2,60,13.086213592233,79749.5918367347
232.25,60,13.081359223301,79840.1960784315
232.3,60,13.08,79902.2916666667
232.35,60,13.08,79946.9387755102
232.4,60,13.08,79994
232.45,60,13.08,80023.3333333333
232.5,60,13.0826213592233,80063.0000000001
232.55,60,13.0874757281553,80066.5306122449
232.6,60,13.0970588235294,80039.6
232.65,60,13.1117647058824,80010
232.7,60,13.1242307692308,80000
232.75,60,13.1338461538462,79974.1176470588
232.8,60,13.1347572815534,79953.3333333333
232.85,60,13.1201941747573,79936.4
232.9,60,13.1143269230769,79930
232.95,60,13.12875,79930
233,60,13.1367647058823,79930
233.05,60,13.1220588235294,79923.4693877551
233.1,60,13.11,79945.8823529412
233.15,60,13.11,79960
233.2,60,13.1103921568627,79985.8823529412
233.25,60,13.1152941176471,80006.1538461539
233.3,60,13.12,80022.5
233.35,60,13.12,80036.5306122449
233.4,60,13.12,80014.6153846153
233.45,60,13.1292156862745,79987.3469387755
233.5,60,13.1390196078432,79967.6923076923
233.55,60,13.1531067961165,79985
233.6,60,13.1676699029126,79974.9019607843
233.65,60,13.166,79960
233.7,60,13.1612380952381,79960
233.75,60,13.16,79984.3137254903
233.8,60,13.16,80017.6470588236
233.85,60,13.16,80030
233.9,60,13.16,80012
233.95,60,13.147572815534,79987.7551020408
234,60,13.1281553398058,79967.6
234.05,60,13.1254716981132,79989.8076923077
234.1,60,13.1349056603774,80039.5918367347
234.15,60,13.1445544554455,80047.5
234.2,60,13.1544554455445,80064.6153846154
234.25,60,13.1620952380952,80068
234.3,60,13.1668571428571,80072.2448979592
234.35,60,13.1683168316832,80098.2352941177
234.4,60,13.1633663366337,80098
234.45,60,13.1523809523809,80101.5384615385
234.5,60,13.1285714285714,80138.5714285715
234.55,60,13.11,80148.4
234.6,60,13.11,80122.6
234.65,60,13.1104,80098.1632653061
234.7,60,13.1154,80119.4117647059
234.75,60,13.1207766990291,80128.6274509804
234.8,60,13.1304854368932,80120
234.85,60,13.14,80120
234.9,60,13.14,80120
234.95,60,13.14,80120
235,60,13.1492452830189,80096.6666666666
235.05,60,13.158679245283,80085.7692307692
235.1,60,13.1514851485149,80101.4285714286
235.15,60,13.1415841584158,80115.5769230769
235.2,60,13.1480769230769,80120
235.25,60,13.1576923076923,80120
235.3,60,13.1709615384615,80141.6
235.35,60,13.1853846153846,80137.9591836734
235.4,60,13.1800970873786,80120
235.45,60,13.1655339805825,80120
235.5,60,13.16,80142.0408163266
235.55,60,13.16,80160
235.6,60,13.1491262135922,80165.5102040816
235.65,60,13.1297087378641,80164.8148148148
235.7,60,13.117619047619,80139.5744680851
235.75,60,13.1128571428571,80120
235.8,60,13.1119417475728,80098.8235294117
235.85,60,13.1167961165049,80069.387755102
235.9,60,13.12,80060
235.95,60,13.12,80044.375
236,60,13.1226923076923,80035.5102040816
236.05,60,13.1323076923077,80034.6153846154
236.1,60,13.14,80030
236.15,60,13.14,80030
236.2,60,13.14,80035.2
236.25,60,13.14,80034.693877551
236.3,60,13.1392233009709,80035.2941176471
236.35,60,13.1295145631068,80034.9019607843
236.4,60,13.1201941747573,80044.705882353
236.45,60,13.1299029126214,80045
236.5,60,13.1396116504854,80030
236.55,60,13.14,80020.1960784314
236.6,60,13.14,80005.1020408163
236.65,60,13.1525714285714,80000
236.7,60,13.1668571428571,80015
236.75,60,13.17,80054.0000000001
236.8,60,13.17,80098.8235294118
236.85,60,13.17,80129.3877551021
236.9,60,13.17,80154.1176470589
236.95,60,13.17,80145.5319148936
237,60,13.17,80104.4
237.05,60,13.1670192307692,80105.6
237.1,60,13.1622115384615,80114.8
237.15,60,13.1547572815534,80100
237.2,60,13.1450485436893,80099.6
237.25,60,13.14,80100.4
237.3,60,13.14,80090
237.35,60,13.1440776699029,80090
237.4,60,13.153786407767,80090
237.45,60,13.16,80090
237.5,60,13.16,80076.8
237.55,60,13.164128440367,80069.3617021277
237.6,60,13.1778899082569,80070.1960784314
237.65,60,13.1888118811881,80060
237.7,60,13.1789108910891,80050.4
237.75,60,13.17,80059.2
237.8,60,13.17,80084.8
237.85,60,13.1697087378641,80099.6
237.9,60,13.164854368932,80133.5294117648
237.95,60,13.16,80164.4230769231
238,60,13.16,80165.625
238.05,60,13.16,80137.4509803921
238.1,60,13.1736893203884,80101.2
238.15,60,13.1882524271845,80085.5102040816
238.2,60,13.1816981132075,80080
238.25,60,13.1722641509434,80080
238.3,60,13.1776,80093.4693877551
238.35,60,13.1876,80114.6
238.4,60,13.19,80129.0196078431
238.45,60,13.19,80131.2
238.5,60,13.1833980582524,80137.9591836735
238.55,60,13.1736893203884,80160
238.6,60,13.1757943925234,80178.4
238.65,60,13.1851401869159,80200
238.7,60,13.1851515151515,80195.6
238.75,60,13.1750505050505,80194.3137254902
238.8,60,13.17,80182.8571428571
238.85,60,13.17,80151.2
238.9,60,13.17,80140
238.95,60,13.17,80148.5714285714
239,60,13.17,80137.9999999999
239.05,60,13.17,80122.9411764706
239.1,60,13.1725490196078,80127.4
239.15,60,13.1823529411765,80101.4285714286
239.2,60,13.1878846153846,80102.6923076923
239.25,60,13.1782692307692,80136.0000000001
239.3,60,13.1693203883495,80175.6862745098
239.35,60,13.1644660194175,80215.8333333334
239.4,60,13.16,80256.4705882353
239.45,60,13.16,80267.7551020408
239.5,60,13.16,80258.2352941177
239.55,60,13.1745631067961,80262.1568627451
239.6,60,13.1891262135922,80261.4
239.65,60,13.1764423076923,80264.4897959183
239.7,60,13.1620192307692,80240
239.75,60,13.151568627451,80231.8367346938
239.8,60,13.1417647058823,80220
239.85,60,13.1517142857143,80220
239.9,60,13.166,80227.6
239.95,60,13.1805882352941,80224.8
240,60,13.1952941176471,80188.6
240.05,60,13.1901923076923,80177.6
240.1,60,13.1757692307692,80182.2448979592
240.15,60,13.1672222222222,80182
240.2,60,13.1625925925926,80188.2352941177
240.25,60,13.1666666666667,80177.6
240.3,60,13.1818181818182,80190
240.35,60,13.1922549019608,80201.7647058824
240.4,60,13.1971568627451,80227.3076923077
240.45,60,13.198,80240
240.5,60,13.1932380952381,80232.2448979592
240.55,60,13.19,80220
240.6,60,13.19,80220
240.65,60,13.1875,80229.7826086957
240.7,60,13.1778846153846,80257.6
240.75,60,13.1717475728155,80270
240.8,60,13.1814563106796,80288.2692307692
240.85,60,13.1905769230769,80313.2
240.9,60,13.1953846153846,80300
240.95,60,13.1998058252427,80306.6666666667
241,60,13.1949514563107,80313.3333333333
241.05,60,13.1900970873786,80292.8
241.1,60,13.1805769230769,80287.0588235294
241.15,60,13.1709615384615,80306.6666666667
241.2,60,13.1788235294118,80313.6
241.25,60,13.1886274509804,80306.5306122449
241.3,60,13.1940566037736,80306.4
241.35,60,13.1987735849057,80286.8
241.4,60,13.2,80300
241.45,60,13.2,80300
241.5,60,13.1898058252427,80293.2
241.55,60,13.1752427184466,80286.6666666667
241.6,60,13.17,80293.6
241.65,60,13.17,80293.0612244898
241.7,60,13.1787378640777,80320
241.75,60,13.1933009708738,80323.2653061225
241.8,60,13.1974285714286,80339.8076923077
241.85,60,13.1926666666667,80357
241.9,60,13.19,80350
241.95,60,13.19,80353.0612244898
242,60,13.1844117647059,80360
242.05,60,13.1697058823529,80365.8823529412
242.1,60,13.16,80374.1666666667
242.15,60,13.16,80360
242.2,60,13.1633,80351.5094339623
242.25,60,13.1783,80335
242.3,60,13.1868571428571,80341.4285714286
242.35,60,13.1725714285714,80320
242.4,60,13.1588349514563,80320
242.45,60,13.1491262135922,80320
242.5,60,13.14,80320
242.55,60,13.14,80320
242.6,60,13.14,80308.2352941176
242.65,60,13.1635,80271.4285714285
242.7,60,13.1885,80241.3461538462
242.75,60,13.19,80212.1999999999
242.8,60,13.19,80198.125
242.85,60,13.1818446601942,80211.3461538461
242.9,60,13.1721359223301,80181.875
242.95,60,13.17,80168.6538461538
243,60,13.17,80184.693877551
243.05,60,13.17,80178.2352941177
243.1,60,13.17,80200
243.15,60,13.17,80205.0980392157
243.2,60,13.17,80227.0588235294
243.25,60,13.17,80256.8750000001
243.3,60,13.17,80290.4
243.35,60,13.1674509803922,80320
243.4,60,13.1625490196078,80326.875
243.45,60,13.1690566037736,80350
243.5,60,13.1879245283019,80340.2173913043
243.55,60,13.2034951456311,80300
243.6,60,13.2132038834952,80294.5098039216
243.65,60,13.2170873786408,80280
243.7,60,13.2073786407767,80263.5294117647
243.75,60,13.2,80220
243.8,60,13.2,80220
243.85,60,13.1976470588235,80215.6862745098
243.9,60,13.1829411764706,80200
243.95,60,13.1711538461538,80200
244,60,13.1807692307692,80212.0000000001
244.05,60,13.1894285714286,80257.0588235294
244.1,60,13.1751428571428,80284.3137254902
244.15,60,13.1608571428571,80296
244.2,60,13.16,80284.0816326531
244.25,60,13.16,80295.5102040816
244.3,60,13.1778640776699,80291.7647058824
244.35,60,13.1972815533981,80334.2307692308
244.4,60,13.2,80344.4897959183
244.45,60,13.2,80315.8333333333
244.5,60,13.19625,80304.6153846154
244.55,60,13.1914423076923,80312.1568627451
244.6,60,13.183137254902,80274.4897959184
244.65,60,13.1733333333333,80244
244.7,60,13.17,80213.8775510204
244.75,60,13.17,80192.1153846154
244.8,60,13.1616831683168,80198.125
244.85,60,13.1468316831683,80192.1568627451
244.9,60,13.1270192307692,80198.0392156863
244.95,60,13.1029807692308,80191.875
245,60,13.0789423076923,80200
245.05,60,13.0549038461538,80198.3333333333
245.1,60,13.04,80190
245.15,60,13.04,80195.8823529412
245.2,60,13.0473529411765,80223.6
245.25,60,13.0718627450981,80245.4
245.3,60,13.0985849056604,80270
245.35,60,13.1316037735849,80257.1428571428
245.4,60,13.1661165048544,80198
245.45,58.0392156862758,13.2098058252427,80184.1176470588
245.5,50.1764705882367,13.262277227723,80152.9411764705
245.55,51.1666666666675,13.4157425742575,80118.3333333333
245.6,52.1960784313735,13.5778846153849,80100.1960784313
245.65,53.1800000000014,13.8759615384619,80036.5999999998
245.7,54.1800000000002,14.1740384615386,79886.7999999999
245.75,55.1800000000014,14.490961538462,79630.5999999995
245.8,56.1764705882356,14.8082692307693,79291.1764705881
245.85,57.1632653061233,15.1152427184467,78917.7551020406
245.9,58.3600000000028,15.4210679611652,78610.3999999997
245.95,60.1764705882356,15.7335294117646,78396.4705882352
246,61.1632653061243,16.0472549019612,78218.7755102038
246.05,62.1730769230773,16.3638461538463,78129.0384615385
246.1,63.2916666666692,16.6811538461541,78266.6666666671
246.15,65.1730769230782,16.9984615384619,78609.2307692313
246.2,66.1400000000001,17.3157692307694,79010
246.25,67.2857142857169,17.6250476190482,79520.0000000007
246.3,69.1632653061231,17.9298095238097,80104.4897959188
246.35,70.33962264151,18.1769306930695,80753.7735849059
246.4,72.1224489795925,18.3749504950497,81384.6938775514
246.45,73.1372549019609,18.5662962962963,82011.9607843138
246.5,74.244897959187,18.7514814814818,82674.4897959195
246.55,76.1400000000002,18.9809090909093,83375.2000000001
246.6,77.1400000000012,19.2889898989902,84048.2000000008
246.65,78.269230769233,19.5750000000003,84677.5000000007
246.7,80.1041666666666,19.8249999999999,85306.6666666666
246.75,81.137254901962,20.0367647058825,85941.7647058829
246.8,82.1200000000006,20.1593137254902,86399.6000000003
246.85,83.1176470588241,20.2696226415095,86986.4705882357
246.9,84.204081632655,20.3450943396227,87621.2244897965
246.95,86.1111111111106,20.4242718446602,88225.5555555553
247,87.043478260871,20.5262135922331,88774.3478260878
247.05,88.1224489795925,20.6277669902913,89385.9183673473
247.1,89.1346153846165,20.7248543689321,89998.6538461544
247.15,90,20.8208823529412,90487.0000000005
247.2,90.1020408163265,20.865,90939.5918367347
247.25,91.1224489795935,20.9091176470589,91217.1428571431
247.3,92.1346153846156,20.9241346153846,91391.1538461539
247.35,93,20.9385576923077,91778.0000000006
247.4,93.1020408163275,20.9271428571428,92352.040816327
247.45,94,20.9128571428571,92871.1999999998
247.5,94,20.91,93366.8000000007
247.55,94.1176470588241,20.91,93748.823529412
247.6,95,20.887281553398,94068.0000000003
247.65,95,20.8581553398058,94339.0000000002
247.7,95,20.8225714285714,94528.6274509804
247.75,95,20.7844761904761,94716.8000000003
247.8,95,20.7487254901961,94925.8333333334
247.85,95,20.7144117647059,95112.9411764707
247.9,94.899999999999,20.6776923076923,95228.0000000002
247.95,94,20.6392307692308,95393
248,94,20.5981553398057,95422.9411764706
248.05,93.9230769230766,20.5544660194174,95456.1538461539
248.1,92.9591836734692,20.491923076923,95528.7755102041
248.15,92,20.4053846153846,95496.4705882352
248.2,91.9583333333331,20.3252941176471,95432.5
248.25,90.9183673469373,20.2566666666666,95253.469387755
248.3,89.9019607843138,20.1901904761905,95167.2549019608
248.35,88.9215686274506,20.1282857142857,95033.5294117646
248.4,87.9387755102032,20.0575728155339,94826.5306122447
248.45,86.9215686274507,19.9556310679611,94597.2549019607
248.5,85.9399999999991,19.8466037735846,94318.5999999998
248.55,84.9411764705875,19.7003773584905,94122.3529411762
248.6,83.9599999999998,19.5504,93829.5999999999
248.65,82.9166666666639,19.3103999999998,93565.4166666662
248.7,80.9215686274507,19.0692307692307,93203.3333333332
248.75,79.9423076923068,18.7999999999995,92872.6923076921
248.8,78.9591836734681,18.530769230769,92585.7142857141
248.85,76.9591836734692,18.2124271844657,92374.2857142857
248.9,75.8799999999983,17.8920388349511,92208.1999999996
248.95,73.9423076923079,17.5299999999999,91675.9615384617
249,72.9583333333296,17.1633333333328,91106.2499999987
249.05,70.9411764705875,16.8076470588233,90421.1764705877
249.1,69.9607843137253,16.4547058823526,89774.5098039214
249.15,68.958333333332,16.1315686274506,89137.2916666662
249.2,66.9423076923079,15.8178431372549,88509.4230769232
249.25,65.9591836734657,15.4876923076919,87999.1836734684
249.3,63.9591836734692,15.1511538461537,87459.9999999999
249.35,62.8867924528286,14.8311650485435,86961.1320754713
249.4,60.9999999999988,14.5204854368929,86479.9999999993
249.45,59.9607843137253,14.2077142857143,85909.2156862744
249.5,58.9583333333296,13.8934285714283,85389.1666666657
249.55,56.9411764705875,13.5738834951456,84851.764705882
249.6,55.9607843137253,13.2486407766987,84381.1764705881
249.65,54.979591836734,12.9417475728151,83909.183673469
249.7,53.9607843137253,12.6601941747572,83369.9999999999
249.75,52.960784313722,12.418834951456,82868.6274509794
249.8,51,12.2489320388348,82300
249.85,50,12.1066990291262,81820.7999999999
249.9,49.9599999999987,12.0290291262135,81337.9999999993
249.95,48.9615384615383,11.9607692307692,80788.0769230768
250,47.9999999999989,11.9223076923076,80239.9999999994
250.05,47.0196078431368,11.8884905660377,79730.1960784311
250.1,46.9799999999993,11.8790566037736,79310.1999999997
250.15,46,11.8706,78817.7999999996
250.2,45.9807692307697,11.8856,78208.8461538464
250.25,45.0192307692292,11.9009615384616,77651.153846153
250.3,45,11.925,77028.4615384612
250.35,45,11.9490384615385,76451.5384615382
250.4,45,11.9872815533981,75869.9999999994
250.45,45,12.0261165048544,75310
250.5,45,12.0780582524273,74699.9999999993
250.55,45,12.1314563106796,74110
250.6,45.9803921568632,12.2248076923078,73668.8235294116
250.65,46.0000000000011,12.3257692307693,73239.9999999997
250.7,47,12.497572815534,72960
250.75,47.0000000000011,12.6917475728158,72729.9999999998
250.8,47.9615384615393,12.9350961538463,72576.1538461537
250.85,48.9795918367352,13.1995192307695,72511.2244897959
250.9,50.0000000000011,13.4860000000003,72540.0000000002
250.95,51,13.786,72680
251,51.9803921568643,14.0991262135927,72905.4901960788
251.05,52.9800000000005,14.4243689320389,73174.6000000001
251.1,54.0000000000011,14.7652427184468,73500.0000000004
251.15,55.0000000000011,15.1244660194177,73850.0000000005
251.2,56,15.4909803921568,74250
251.25,57.9230769230788,15.8684313725495,74663.4615384619
251.3,58.9411764705885,16.2445631067963,75169.411764706
251.35,59.9215686274517,16.6183495145634,75670.0000000004
251.4,61.877551020411,16.9838461538465,76141.8367346945
251.45,62.9591836734692,17.33,76601.6326530612
251.5,65.0000000000011,17.665784313726,77210.0000000008
251.55,65.9433962264154,17.9648039215687,77889.2452830191
251.6,67.8800000000006,18.2554285714287,78625.6000000002
251.65,69.8431372549034,18.5078095238098,79361.1764705888
251.7,70.9583333333331,18.7669306930694,80138.7499999999
251.75,72.8113207547193,19.1035643564362,80867.3584905669
251.8,73.9183673469395,19.4360000000002,81619.5918367352
251.85,75.9166666666686,19.7026666666669,82398.7500000007
251.9,76.9411764705896,19.9693333333336,83182.9411764717
251.95,78.8800000000006,20.1541176470589,84029.0000000002
252,79.9215686274528,20.3354901960788,84771.1764705896
252.05,81.8775510204088,20.4639047619049,85505.9183673472
252.1,82.9400000000003,20.5877142857144,86255.0000000002
252.15,83.8867924528307,20.6770192307693,86965.094339623
252.2,85.8333333333325,20.75875,87774.1666666664
252.25,86.9200000000018,20.8235294117648,88502.4000000013
252.3,87.884615384616,20.8823529411765,89161.5384615389
252.35,88.9166666666675,20.9134615384616,89826.6666666672
252.4,89.9387755102055,20.9326923076923,90518.3673469397
252.45,90.9400000000003,20.94,90992.4000000001
252.5,91.9400000000014,20.94,91349.0000000005
252.55,92.9038461538463,20.9372549019608,91876.1538461539
252.6,93,20.9323529411765,92371.1764705885
252.65,93.9166666666675,20.9129906542056,92915.8333333338
252.7,94,20.8802803738318,93356.8627450981
252.75,94.9183673469407,20.8432352941176,93785.7142857151
252.8,95,20.7991176470588,94135.6862745099
252.85,95,20.7567961165048,94390.7547169812
252.9,95,20.7179611650485,94599.7872340428
252.95,95,20.6803921568627,94761.1764705883
253,95,20.6460784313725,94878.7755102042
253.05,94.0816326530605,20.6076635514019,95055.3061224491
253.1,94,20.556261682243,95201.4285714286
253.15,94,20.500909090909,95269.8181818182
253.2,93.1428571428573,20.41,95374.2857142857
253.25,92.1041666666654,20.3231428571428,95398.9583333333
253.3,91.0999999999999,20.266,95391
253.35,91,20.2085436893203,95251.5384615383
253.4,90.1568627450975,20.1357281553397,95052.9411764705
253.45,89.1063829787234,20.0629126213592,94903.829787234
253.5,87.1632653061187,19.9613084112148,94697.1428571424
253.55,86.0980392156861,19.8585046728971,94499.6078431372
253.6,85.117647058823,19.6816831683166,94268.2352941175
253.65,83.2399999999988,19.4886138613859,93958.3999999998
253.7,82.1199999999995,19.2558252427184,93647.1999999999
253.75,81.1538461538446,19.0131067961161,93330.7692307687
253.8,79.352941176469,18.7667961165047,92975.2941176468
253.85,77.2553191489348,18.5192233009707,92587.2340425529
253.9,76.1372549019598,18.2221359223298,92376.0784313724
253.95,74.2800000000001,17.9017475728156,92186.6
254,73.1224489795902,17.5615238095234,91607.1428571418
254.05,71.3703703703698,17.2091428571428,91008.5185185183
254.1,69.2978723404235,16.8431067961163,90302.7659574461
254.15,67.2448979591823,16.464466019417,89629.5918367343
254.2,66.1538461538459,16.1014563106795,89059.2307692306
254.25,64.3199999999969,15.7567961165043,88491.1999999991
254.3,63.1428571428571,15.4264705882351,87920
254.35,61.2799999999982,15.1176470588234,87392.7999999995
254.4,59.2799999999979,14.802912621359,86881.3999999995
254.45,58.1568627450977,14.4776699029128,86464.3137254901
254.5,56.4150943396193,14.1485714285711,86003.7735849048
254.55,55.170212765957,13.810476190476,85460.2127659572
254.6,54.1428571428561,13.4831372549017,84984.2857142853
254.65,52.3461538461521,13.1988235294115,84589.2307692304
254.7,51.1800000000002,12.928761904762,84142.8000000001
254.75,50.1960784313713,12.7335238095235,83658.0392156857
254.8,49.1489361702128,12.5441747572815,83100.4255319149
254.85,48.1399999999991,12.4470873786407,82538.3999999995
254.9,47.1568627450975,12.35,82004.7058823527
254.95,47,12.3450495049505,81440.0000000001
255,46.1399999999989,12.340099009901,80835.3999999993
255.05,46,12.354,80229.038461538
255.1,45.1960784313722,12.3682857142857,79685.882352941
255.15,45,12.391359223301,79221.6666666665
255.2,45,12.4156310679612,78662.7999999999
255.25,45,12.4518446601942,78086.6037735839
255.3,45,12.4906796116505,77523.1999999996
255.35,45,12.5694230769231,76912.4999999995
255.4,45.8039215686287,12.6607692307693,76333.7254901954
255.45,46,12.8121359223301,75753.3333333331
255.5,46.8235294117657,12.9917475728157,75174.1176470582
255.55,47.8039215686276,13.1965137614679,74619.8039215686
255.6,48,13.4166972477066,74117.8431372546
255.65,48.7800000000007,13.6746938775513,73760.3999999998
255.7,49.8124999999997,13.9808163265306,73576.25
255.75,51.5769230769262,14.2862857142861,73510.5769230768
255.8,52.7800000000007,14.5910476190479,73585.8000000001
255.85,53.7800000000007,14.9141176470592,73750.4000000001
255.9,54.7800000000007,15.2670588235298,73985.0000000002
255.95,56.5599999999991,15.645,74320.7999999998
256,57.7800000000016,16.071470588236,74657.4000000005
256.05,59.5600000000014,16.4969230769234,75096.6000000003
256.1,61.5600000000014,16.9200000000002,75621.2000000004
256.15,62.7959183673482,17.3399038461541,76169.795918368
256.2,64.5686274509798,17.7485576923076,76758.4313725488
256.25,66.5918367346964,18.148461538462,77478.9795918377
256.3,68.5686274509816,18.4946153846156,78218.2352941181
256.35,69.7959183673473,18.843168316832,78992.8571428574
256.4,71.5686274509816,19.2293069306935,79738.2352941181
256.45,73.5599999999991,19.6119230769231,80508.3999999997
256.5,75.5600000000032,19.9100000000005,81272.8000000012
256.55,76.7800000000007,20.2080769230772,82001.6000000005
256.6,78.5600000000014,20.3845714285716,82745.0000000005
256.65,80.529411764708,20.5560000000002,83460.5882352949
256.7,81.7916666666669,20.6600980392157,84239.5833333335
256.75,83.5384615384639,20.7532352941177,85000.0000000009
256.8,84.7755102040822,20.8217475728156,85815.9183673474
256.85,86.529411764708,20.8848543689321,86611.7647058832
256.9,87.7450980392164,20.9109615384616,87440.7843137261
256.95,88.7708333333328,20.9253846153846,88299.7916666662
257,89.7500000000014,20.93,89082.5000000011
257.05,90.770833333334,20.93,89896.6666666672
257.1,91.7500000000005,20.923786407767,90560.0000000003
257.15,92.7400000000005,20.9140776699029,91119.6000000003
257.2,93.7708333333328,20.8935849056604,91830.4166666663
257.25,94,20.8652830188679,92585.0000000011
257.3,94.7400000000005,20.8274509803921,93231.4000000003
257.35,95,20.778431372549,93732.0754716985
257.4,95,20.7336893203883,94248.3333333339
257.45,95,20.694854368932,94632.9411764707
257.5,95,20.6474999999999,94824.7916666669
257.55,95,20.585,94997.8431372551
257.6,94.279999999999,20.5220183486238,95107.6000000001
257.65,94,20.4577981651376,95240.2040816327
257.7,93.2599999999998,20.3925742574257,95346.6
257.75,92.2599999999983,20.3183168316831,95451.4000000002
257.8,91.2599999999995,20.2443434343434,95435.6
257.85,90.3018867924521,20.1736363636363,95378.1132075471
257.9,89.2916666666657,20.1013461538461,95253.7499999999
257.95,88.2800000000001,20.0148076923077,95109.2
258,87.2941176470575,19.9268269230766,94900.5882352938
258.05,85.6274509803908,19.768173076923,94651.5686274508
258.1,84.3061224489791,19.6095192307692,94382.6530612244
258.15,82.5714285714269,19.3785576923075,94035.714285714
258.2,80.5882352941173,19.1429807692308,93661.7647058823
258.25,78.5714285714263,18.8823529411761,93249.9999999995
258.3,77.2941176470586,18.6176470588233,92868.8235294117
258.35,75.5999999999993,18.3122857142854,92549.9999999999
258.4,73.5714285714269,17.9979999999997,92359.9999999999
258.45,71.5600000000003,17.6735294117646,92017.6000000001
258.5,69.588235294115,17.3450980392151,91412.9411764697
258.55,67.6274509803908,17.0198095238092,90715.8823529407
258.6,65.6122448979582,16.6959999999997,90045.9183673466
258.65,64.3749999999994,16.3676237623759,89431.2499999996
258.7,62.7659574468078,16.0359405940594,88834.4680851062
258.75,60.6666666666627,15.7042307692302,88266.6666666656
258.8,58.6122448979582,15.3724999999997,87756.93877551
258.85,57.3137254901954,15.0384615384612,87259.9999999997
258.9,55.6122448979566,14.7019230769228,86753.0612244892
258.95,54.2999999999997,14.3769230769232,86256.9999999998
259,52.6792452830157,14.0692307692304,85746.7924528293
259.05,51.3191489361698,13.7815686274509,85280.8510638296
259.1,50.3396226415089,13.5364705882351,84819.8113207545
259.15,49.3191489361689,13.3192233009707,84289.1489361695
259.2,48.3396226415089,13.1735922330097,83816.2264150941
259.25,47.3599999999982,13.0546601941747,83333.5999999991
259.3,46.3191489361697,13.0303883495145,82789.14893617
259.35,46,13.0123076923077,82250.188679245
259.4,45.3599999999994,13.0267307692308,81720.7999999997
259.45,45,13.042718446602,81177.3469387755
259.5,45,13.0766990291263,80634.6153846147
259.55,45,13.1108737864078,80055.4166666666
259.6,45,13.1545631067962,79558.0769230766
259.65,45.6458333333346,13.1982524271845,79060.6249999993
259.7,46,13.3153846153846,78492.8846153846
259.75,46.6326530612261,13.4355769230771,77884.0816326521
259.8,47.6274509803924,13.6023076923078,77296.0784313724
259.85,48.6458333333342,13.7753846153847,76718.3333333328
259.9,49.6600000000013,13.9907692307694,76176.7999999993
259.95,50.6470588235299,14.2167307692307,75676.4705882351
260,51.6274509803935,14.5023529411769,75267.8431372544
260.05,53.2653061224498,14.8111764705884,74978.163265306
260.1,54.6400000000006,15.1496190476193,74858
260.15,56.2549019607862,15.5020000000003,74852.5490196079
260.2,57.6326530612249,15.879702970297,75011.836734694
260.25,59.254901960787,16.2757425742579,75313.3333333338
260.3,61.2653061224498,16.6923076923079,75718.367346939
260.35,63.2800000000013,17.1250000000004,76187.2000000003
260.4,65.2549019607862,17.537428571429,76736.4705882358
260.45,67.24,17.9279047619048,77381.6
260.5,69.2653061224521,18.3286407766995,78095.5102040828
260.55,71.2075471698129,18.7461165048545,78710.1886792457
260.6,73.2083333333355,19.1729126213594,79393.1250000008
260.65,75.1923076923096,19.619514563107,80178.8461538469
260.7,77.1836734693881,20.0206796116504,80971.6326530614
260.75,79.2000000000032,20.2925242718451,81716.0000000011
260.8,80.6250000000006,20.534761904762,82450.0000000004
260.85,82.2075471698129,20.6585714285715,83142.6415094345
260.9,84.1836734693891,20.7738834951457,83846.1224489801
260.95,85.6,20.8127184466019,84590
261,87.2000000000032,20.8501960784314,85340.0000000012
261.05,88.5882352941184,20.8550980392157,86110.5882352947
261.1,89.5686274509809,20.86,86917.647058824
261.15,91.1666666666675,20.8405825242718,87752.5000000003
261.2,92,20.8211650485437,88582
261.25,92.5882352941188,20.783495145631,89398.2352941186
261.3,93.6041666666666,20.7446601941747,90193.1249999999
261.35,94,20.7064761904762,90812.1568627452
261.4,94.6122448979601,20.6683809523809,91448.571428572
261.45,95,20.6141176470588,92208.8461538461
261.5,95,20.555294117647,93004.0000000007
261.55,95,20.5073529411764,93711.2000000003
261.6,95,20.4632352941176,94258.4000000004
261.65,94.4081632653055,20.4004716981132,94619.7959183675
261.7,93.4,20.3297169811321,94886
261.75,93,20.2637499999999,95044.0000000001
261.8,92.4117647058816,20.20125,95103.5294117647
261.85,91.4081632653055,20.1234313725489,95108.1632653061
261.9,89.8235294117633,20.0302941176469,95041.1764705882
261.95,88.4200000000002,19.9331067961165,94947.8
262,86.8399999999981,19.8311650485435,94805.5999999998
262.05,85.4199999999995,19.6981553398057,94573.3999999999
262.1,83.8627450980381,19.5185436893202,94323.5294117646
262.15,81.8333333333325,19.3257281553396,94050.8333333332
262.2,79.8235294117655,19.107281553398,93706.4705882354
262.25,78.4313725490184,18.8786538461535,93322.5490196074
262.3,76.2857142857123,18.623846153846,92921.4285714283
262.35,73.8846153846138,18.3565384615382,92599.4230769229
262.4,71.9199999999985,18.0392307692305,92355.7999999998
262.45,69.8979591836735,17.7180582524274,91957.9591836735
262.5,67.8571428571405,17.3685436893199,91365.7142857136
262.55,65.9056603773586,17.0198076923074,90766.2264150944
262.6,63.9803921568621,16.683269230769,90204.5098039214
262.65,61.9130434782592,16.3467307692306,89609.3478260865
262.7,59.884615384616,16.0260194174757,89016.5384615386
262.75,57.9615384615361,15.7056310679606,88453.6538461531
262.8,56.4999999999994,15.377714285714,87884.9999999997
262.85,54.9795918367329,15.0491428571426,87334.6938775505
262.9,52.9387755102021,14.7166666666664,86793.4693877546
262.95,51.4600000000004,14.3833333333335,86264.6000000002
263,50.4705882352931,14.1282524271842,85738.8235294112
263.05,48.9387755102032,13.8952427184464,85251.8367346937
263.1,47.4599999999993,13.7461165048542,84790.7999999996
263.15,47,13.6296116504853,84315.8823529407
263.2,46.4693877551022,13.5964705882353,83830.0000000001
263.25,45.4705882352931,13.6062745098039,83324.7058823524
263.3,45,13.6277142857143,82809.5999999999
263.35,45,13.6562857142857,82285.2830188678
263.4,45,13.6977669902913,81731.6666666664
263.45,45,13.7511650485437,81133.8775510206
263.5,45.541666666668,13.8134951456312,80514.9999999992
263.55,46,13.8863106796117,79949.4339622639
263.6,46.4901960784322,13.9819230769232,79503.7254901958
263.65,47.4897959183682,14.1117307692309,79114.0816326527
263.7,48.5,14.2652427184467,78615
263.75,49.4901960784327,14.4691262135926,78020.980392156
263.8,50.9600000000009,14.6888235294119,77431.5999999997
263.85,52.4897959183682,14.9535294117648,76865.5102040812
263.9,53.9803921568643,15.2372115384617,76379.2156862742
263.95,55.9795918367352,15.588173076923,76017.9591836734
264,58.0000000000034,15.9472115384621,75870
264.05,60.0000000000011,16.3558653846156,75940.0000000001
264.1,62.0000000000011,16.7647572815537,76165.0000000002
264.15,64.0204081632671,17.1773786407771,76524.0816326534
264.2,66.0196078431379,17.59,76980.0000000002
264.25,68.0000000000034,17.9661904761909,77510.000000001
264.3,70.4705882352965,18.342380952381,78142.9411764712
264.35,72.9230769230788,18.7644660194176,78819.2307692314
264.4,74.9166666666686,19.1916504854371,79537.5000000008
264.45,76.9795918367352,19.630588235294,80332.2448979594
264.5,78.9803921568655,20.0717647058829,81092.5490196089
264.55,80.9795918367352,20.3369230769232,81881.6326530614
264.6,82.9615384615394,20.5580769230771,82636.5384615388
264.65,84.9387755102055,20.6759223300972,83356.7346938781
264.7,86.4705882352943,20.7535922330097,84117.6470588236
264.75,87.9200000000031,20.7928155339806,84888.0000000012
264.8,89.4600000000004,20.8122330097087,85646.6000000003
264.85,90.9019607843149,20.8142307692308,86359.2156862749
264.9,92.4583333333343,20.8046153846154,87122.0833333341
264.95,93,20.7681132075472,87909.9999999999
265,93.4583333333343,20.7067924528301,88669.1666666674
265.05,94.4705882352942,20.6442574257425,89446.4705882354
265.1,95,20.5799009900989,90169.0000000002
265.15,95,20.519708737864,90736.4705882356
265.2,95,20.4663106796116,91362.0833333332
265.25,95,20.4082524271844,92180.5882352951
265.3,94.5490196078426,20.3402912621359,92980.7843137259
265.35,93.5510204081626,20.27375,93743.2653061229
265.4,93,20.2112499999999,94347.4509803924
265.45,92.1020408163265,20.148640776699,94761.6326530612
265.5,90.5576923076909,20.0855339805824,95008.653846154
265.55,89.5799999999998,20.0178846153846,95074.2
265.6,88.1599999999986,19.916923076923,95008.5999999999
265.65,86.5624999999985,19.8125490196076,94853.1249999998
265.7,85.1320754716971,19.6262745098039,94697.5471698112
265.75,83.1666666666627,19.4399999999997,94477.4999999995
265.8,81.1199999999983,19.2118446601941,94170.3999999997
265.85,79.1538461538446,18.9836893203883,93810.7692307689
265.9,76.7499999999976,18.7596190476189,93388.333333333
265.95,74.1372549019609,18.5358095238095,92951.7647058824
266,72.1764705882323,18.2594174757277,92610.5882352937
266.05,69.7755102040801,17.9730097087377,92276.7346938773
266.1,67.1599999999986,17.6298058252424,91771.1999999996
266.15,65.1923076923053,17.2705825242715,91149.6153846146
266.2,63.1914893617023,16.9207692307692,90553.6170212767
266.25,61.1698113207528,16.5746153846148,89975.0943396221
266.3,59.2083333333331,16.2598113207545,89388.5416666666
266.35,57.1764705882345,15.9626415094336,88789.4117647057
266.4,55.1999999999986,15.6549999999996,88243.9999999996
266.45,53.1836734693881,15.3376923076924,87707.7551020409
266.5,51.5799999999987,15.0147999999996,87173.1999999993
266.55,50.1923076923066,14.6847999999998,86654.0384615382
266.6,48.6199999999988,14.4288235294116,86148.5999999994
266.65,47.6199999999988,14.2670588235293,85629.9999999994
266.7,46.6122448979589,14.1604761904762,85164.8979591836
266.75,46,14.1366666666666,84740.4081632646
266.8,45.5882352941173,14.1273529411765,84282.3529411763
266.85,45,14.1518627450981,83803.921568627
266.9,45,14.18,83282.8571428566
266.95,45,14.2184615384615,82728.2352941178
267,45.3800000000012,14.2620000000001,82202.3999999994
267.05,46.3800000000005,14.3286666666667,81693.7999999998
267.1,47.3800000000012,14.3963366336634,81158.1999999993
267.15,48.3877551020418,14.4755445544555,80543.4693877545
267.2,49.4000000000011,14.5607766990293,79957.9999999994
267.25,50.3921568627466,14.7403883495147,79490.9803921563
267.3,51.7600000000009,14.92,79039.5999999997
267.35,53.7600000000023,15.1772815533982,78444.3999999993
267.4,55.7600000000023,15.4345631067965,77835.7999999993
267.45,57.7755102040845,15.76780952381,77272.2448979584
267.5,59.8000000000036,16.1059047619053,76895.9999999997
267.55,61.769230769232,16.4769811320757,76811.5384615385
267.6,64.1020408163288,16.8543396226419,76899.7959183675
267.65,66.7600000000023,17.2840000000005,77111.2000000003
267.7,69.1400000000035,17.7340000000004,77374.0000000003
267.75,71.7600000000023,18.1256310679616,77761.4000000006
267.8,73.7600000000009,18.4945631067962,78329.4000000003
267.85,76.1400000000035,18.8897115384617,78978.4000000008
267.9,78.7307692307713,19.2983653846157,79663.0769230777
267.95,80.6938775510229,19.6811650485441,80376.7346938785
268,82.734693877554,20.045242718447,81124.4897959194
268.05,84.6909090909092,20.2875,81839.0909090909
268.1,86.5957446808519,20.4173076923078,82565.3191489365
268.15,88.326923076924,20.49,83381.5384615392
268.2,89.6250000000018,20.49,84123.1250000006
268.25,91.3469387755114,20.4796153846153,84847.5510204092
268.3,92.3600000000005,20.4507692307692,85654.4000000004
268.35,93.3461538461543,20.4162745098039,86412.6923076926
268.4,94.3137254901965,20.3672549019607,87137.8431372553
268.45,95,20.3230769230769,87938.5106382988
268.5,95,20.2942307692307,88773.8461538474
268.55,95,20.2613725490196,89556.4000000003
268.6,95,20.2074509803921,90274.5098039219
268.65,94.6874999999991,20.1513461538461,90884.3750000005
268.7,93.6851851851841,20.0792307692307,91526.111111112
268.75,92.7234042553174,20.0074757281553,92252.9787234056
268.8,91.6799999999997,19.9443689320388,93066.0000000003
268.85,90.3725490196069,19.8812621359223,93760.5882352943
268.9,88.6938775510194,19.8046153846153,94163.4693877554
268.95,87.3846153846127,19.7276923076922,94360.7692307694
269,85.4166666666639,19.5976699029124,94397.9166666665
269.05,83.3599999999994,19.4617475728155,94262.4
269.1,81.3725490196069,19.2999999999999,94045.882352941
269.15,79.1509433962239,19.1333333333331,93749.4339622639
269.2,76.4893617021255,18.917475728155,93428.0851063826
269.25,74.0816326530582,18.6893203883491,93028.3673469384
269.3,71.3599999999994,18.4115238095236,92627.5999999999
269.35,69.1111111111096,18.1162857142855,92347.7777777777
269.4,66.4893617021255,17.8099999999997,92069.787234042
269.45,64.1346153846123,17.4974999999996,91514.0384615378
269.5,61.4693877550987,17.1876923076918,90923.4693877541
269.55,59.4509803921563,16.8799999999997,90314.31372549
269.6,57.4799999999988,16.5529411764702,89696.5999999996
269.65,55.458333333332,16.204901960784,89092.0833333329
269.7,53.3999999999984,15.8682692307689,88480.9999999996
269.75,51.4230769230749,15.5461538461534,87988.8461538457
269.8,49.729166666666,15.2578640776698,87557.2916666663
269.85,48.7058823529403,15.0297087378639,87029.4117647053
269.9,47.7142857142846,14.8496116504854,86477.1428571423
269.95,46.7058823529403,14.7816504854368,85969.9999999995
270,45.7199999999987,14.7322641509434,85467.1999999994
270.05,45,14.7416981132076,84965.5999999999
270.1,45,14.7553465346535,84505.7142857142
270.15,45,14.799900990099,84067.115384615
270.2,45.2600000000009,14.8448543689321,83557.3999999995
270.25,46.2549019607859,14.8933980582525,83037.2549019599
270.3,47.2448979591838,14.9431067961165,82490.2040816326
270.35,48.2600000000006,15.0207766990292,81944.3999999996
270.4,49.2600000000006,15.0984466019418,81381.7999999996
270.45,50.5098039215701,15.2236893203885,80807.058823529
270.5,52.5000000000024,15.3499029126216,80219.9999999993
270.55,54.5600000000003,15.555283018868,79671.1999999999
270.6,56.5490196078437,15.7675471698114,79180.7843137253
270.65,58.7959183673494,16.0832673267328,78637.9591836731
270.7,61.5490196078459,16.4248514851487,78217.6470588231
270.75,63.7800000000053,16.8194285714291,77986.9999999999
270.8,66.5200000000012,17.2289523809526,77957.8
270.85,68.7358490566057,17.6280769230772,78024.1509433964
270.9,71.4255319148954,18.0223076923079,78247.2340425536
270.95,73.7500000000025,18.4205940594062,78710.0000000005
271,76.4680851063862,18.8215841584162,79272.7659574478
271.05,78.7777777777787,19.2236893203884,79913.7037037039
271.1,81.4081632653078,19.6266019417479,80554.8979591843
271.15,83.4230769230781,19.9400000000003,81263.8461538466
271.2,85.375000000003,20.1707692307695,81938.7500000011
271.25,87.4400000000031,20.3064077669903,82711.6000000012
271.3,89.4313725490207,20.3209708737864,83449.4117647062
271.35,91.2127659574477,20.3152427184466,84075.3191489368
271.4,92.2452830188686,20.2764077669902,84831.5094339627
271.45,93.2083333333343,20.2376923076923,85529.583333334
271.5,94.2400000000011,20.1992307692307,86240.0000000008
271.55,95,20.1596153846154,87018.8000000002
271.6,95,20.1163461538461,87867.9245283028
271.65,95,20.0699029126213,88661.8750000012
271.7,94.7843137254888,20.0067961165048,89496.8627450992
271.75,93.7916666666657,19.9436893203883,90269.1666666673
271.8,92.7647058823529,19.8805825242718,90889.4117647059
271.85,91.775510204081,19.8169230769231,91473.8775510208
271.9,90.7692307692298,19.74,92217.6923076931
271.95,89.5918367346918,19.6630769230769,92950.8163265313
272,87.5599999999968,19.5861538461537,93588.0000000006
272.05,85.5686274509793,19.5092307692307,93945.2941176472
272.1,83.3999999999973,19.3954455445544,94104
272.15,80.5918367346918,19.2766336633662,94022.8571428568
272.2,78.3653846153802,19.1166666666665,93740.7692307688
272.25,75.6399999999972,18.9499999999998,93449.7999999995
272.3,73.4489795918356,18.7255339805825,93051.0204081631
272.35,70.3877551020383,18.4828155339805,92640.8163265304
272.4,67.5769230769219,18.2061165048541,92374.0384615384
272.45,65.4489795918328,17.9148543689316,92157.3469387749
272.5,62.4117647058794,17.5976923076918,91674.3137254896
272.55,59.6326530612237,17.2659615384614,91087.9591836732
272.6,57.6078431372529,16.9350943396225,90454.7058823523
272.65,55.4599999999958,16.6049056603771,89788.3999999992
272.7,52.8199999999986,16.2841176470585,89175.5999999992
272.75,51.6538461538436,15.9752941176466,88599.6153846146
272.8,49.7142857142854,15.7056862745097,88061.4285714285
272.85,47.8367346938767,15.4949019607842,87623.4693877547
272.9,46.8163265306109,15.3388235294117,87088.1632653055
272.95,45.8039215686265,15.2799999999999,86589.8039215682
273,45,15.2460952380953,86131.7307692301
273.05,45,15.2651428571429,85644.3749999999
273.1,45,15.2950980392157,85183.5849056602
273.15,45.1276595744688,15.3637254901961,84752.5531914891
273.2,46.1730769230782,15.4322330097088,84283.8461538456
273.25,47.1400000000012,15.5001941747574,83845.7999999994
273.3,48.1400000000002,15.5674285714286,83311.5999999999
273.35,49.2857142857166,15.6293333333334,82747.1428571422
273.4,51.3137254901977,15.692718446602,82157.4509803917
273.45,53.2800000000024,15.8286407766991,81577.3999999993
273.5,55.2800000000024,15.9645631067962,80988.7999999993
273.55,57.4200000000007,16.2309708737865,80410.1999999999
273.6,60.2800000000024,16.5028155339809,79856.9999999995
273.65,62.4200000000036,16.8372115384619,79420.9999999996
273.7,65.4285714285754,17.178557692308,79082.8571428568
273.75,68.3137254901995,17.5445714285719,78847.450980392
273.8,70.4285714285719,17.9160000000003,78811.4285714286
273.85,73.4800000000022,18.2988235294121,79067.2000000003
273.9,76.4615384615405,18.6860784313729,79493.8461538465
273.95,79.2400000000014,19.1000000000005,79973.2000000004
274,81.3673469387805,19.526470588236,80589.5918367358
274.05,84.2800000000005,19.8279245283021,81255.2000000001
274.1,86.269230769233,20.0590566037738,81934.2307692316
274.15,88.204081632655,20.18,82607.3469387762
274.2,90.2352941176482,20.1992307692308,83276.4705882357
274.25,92.1020408163276,20.1947524752475,83926.5306122457
274.3,93.1224489795925,20.160099009901,84693.0612244903
274.35,94.1346153846165,20.1297058823529,85447.5000000007
274.4,95,20.1051960784314,86090.2083333342
274.45,95,20.0655963302751,86885.6862745108
274.5,95,20.0013761467889,87645.2941176483
274.55,94.8979591836735,19.9336734693877,88441.6326530612
274.6,93.8823529411759,19.8520408163264,89252.9411764711
274.65,92.8979591836725,19.7749999999999,90015.3061224496
274.7,91.8846153846147,19.7124999999999,90660.384615385
274.75,90.839999999997,19.6523076923076,91258.4000000011
274.8,88.8367346938767,19.6042307692307,91992.8571428575
274.85,86.799999999998,19.5513725490196,92772.0000000007
274.9,84.6938775510174,19.4435294117646,93455.7142857146
274.95,81.7647058823518,19.3333980582522,93781.7647058824
275,79.6999999999969,19.1683495145629,93854.9999999999
275.05,76.7115384615385,19.0033009708737,93689.2307692308
275.1,73.8085106382952,18.7811650485435,93377.6595744678
275.15,70.6538461538443,18.5578640776697,93007.3076923075
275.2,67.7551020408118,18.2859047619045,92657.1428571424
275.25,64.6999999999969,18.009714285714,92381.9999999998
275.3,61.8039215686276,17.7052427184465,92168.0392156863
275.35,59.7599999999989,17.3945631067958,91640.3999999998
275.4,56.8431372549012,17.0875728155336,91019.8039215684
275.45,54.8775510204064,16.7817475728151,90393.8775510199
275.5,52.839999999997,16.4948076923073,89791.1999999991
275.55,50.8399999999993,16.2159615384615,89182.7999999998
275.6,48.8431372549012,16.0146153846154,88599.2156862743
275.65,46.9387755102032,15.8607692307691,88088.1632653056
275.7,46,15.7820588235294,87555.9999999992
275.75,45.9215686274495,15.7673529411764,87006.0784313717
275.8,45,15.7792307692308,86457.058823529
275.85,45,15.8176923076924,85913.3333333333
275.9,45.0784313725494,15.8583495145632,85488.4313725488
275.95,46.0612244897968,15.9020388349515,84968.1632653057
276,47.0800000000015,15.9576923076924,84441.5999999993
276.05,48.1509433962271,16.0346153846154,83962.2641509432
276.1,50.041666666668,16.1131067961165,83488.958333333
276.15,52.1200000000017,16.1956310679613,82937.5999999995
276.2,54.1132075471714,16.2885576923079,82399.9999999996
276.25,56.0000000000035,16.4183653846156,81899.9999999994
276.3,59.0784313725494,16.5646601941748,81377.6470588234
276.35,61.060000000002,16.8122330097088,80818.9999999996
276.4,64.0588235294137,17.0687378640778,80271.9607843135
276.45,67.0000000000035,17.4279611650489,79869.9999999997
276.5,70.058823529417,17.7875961538468,79600.1960784314
276.55,73,18.167403846154,79610
276.6,76.061224489798,18.5472115384617,79806.5306122451
276.65,79.1132075471736,18.9669902912625,80138.1132075478
276.7,81.9433962264196,19.3893203883502,80590.9433962271
276.75,84.0576923076975,19.64932038835,81142.1153846165
276.8,86.9423076923091,19.8871844660196,81747.8846153849
276.85,89.0392156862758,19.9768571428572,82424.1176470593
276.9,91.0000000000011,20.0340000000001,83130.0000000008
276.95,92.0000000000022,20.0214851485148,83800.0000000009
277,93.9607843137286,19.9818811881188,84554.9019607855
277.05,94,19.9296153846153,85320
277.1,95,19.871923076923,86040.0000000009
277.15,95,19.8108737864077,86800.0000000008
277.2,95,19.7477669902912,87521.1538461545
277.25,93.9799999999982,19.6879999999999,88315.6000000014
277.3,92.9799999999994,19.6308571428571,89096.0000000005
277.35,91.9599999999987,19.5635643564356,89893.6000000005
277.4,89.9599999999987,19.4843564356435,90569.2000000003
277.45,87.9599999999986,19.4188461538461,91034.0000000005
277.5,85.961538461535,19.3707692307692,91735.7692307706
277.55,84.0384615384606,19.3088461538461,92524.2307692311
277.6,80.9999999999967,19.2223076923076,93180.0000000003
277.65,78.0588235294103,19.1165048543687,93464.3137254903
277.7,74.9999999999967,18.9611650485435,93469.9999999998
277.75,72.0588235294071,18.7928571428568,93322.9411764704
277.8,69,18.5785714285713,92990
277.85,65.9999999999967,18.3515533980581,92669.9999999997
277.9,63.0588235294103,18.0311650485435,92434.7058823528
277.95,60.1176470588208,17.7100990099007,92209.0196078429
278,57.061224489791,17.3784158415838,91700.4081632645
278.05,54.0599999999986,17.0514285714285,91062.7999999997
278.1,52.150943396225,16.8371428571427,90430.5660377354
278.15,50.0425531914883,16.6228571428568,89773.1914893614
278.2,47.9999999999989,16.5241346153845,89129.9999999993
278.25,47.0196078431357,16.4327884615384,88492.7450980382
278.3,46.0199999999995,16.4240566037736,87960.5999999997
278.35,45.0199999999995,16.4287735849057,87489.3999999998
278.4,45,16.4666336633664,87029.1999999998
278.45,45,16.5161386138614,86500.5999999992
278.5,45.9800000000016,16.5620792079208,85931.3999999991
278.55,46.9800000000005,16.6066336633663,85410.3999999997
278.6,47.9607843137264,16.66375,84958.0392156859
278.65,49.8113207547193,16.7262500000001,84505.2830188674
278.7,51.9565217391339,16.7986274509805,83931.7391304338
278.75,53.8846153846182,16.8770588235295,83420.5769230762
278.8,56.877551020411,17.0121904761905,82862.4489795913
278.85,58.8823529411771,17.1883809523811,82275.2941176469
278.9,61.877551020411,17.4221359223304,81712.4489795913
278.95,64.769230769233,17.7182524271848,81265.3846153843
279,68.6800000000073,18.0347572815539,80834.3999999992
279.05,71.9361702127675,18.3794174757283,80604.2553191488
279.1,74.8823529411792,18.7233333333335,80590.3921568627
279.15,77.769230769233,19.0659259259262,80737.6923076924
279.2,80.8163265306165,19.3884848484851,81097.346938776
279.25,83.8200000000043,19.6309090909094,81571.2000000007
279.3,85.8800000000006,19.8285436893204,82088.8000000001
279.35,88.8200000000009,19.8673786407767,82693.4000000002
279.4,90.7090909090916,19.8961904761905,83268.3636363639
279.45,91.9130434782617,19.8723809523809,83953.4782608701
279.5,93.8039215686298,19.8476923076923,84650.3921568636
279.55,94.9183673469395,19.8092307692308,85390.4081632658
279.6,95,19.7707692307692,86111.2500000007
279.65,95,19.7027450980392,86797.7777777782
279.7,95,19.6341176470587,87628.9361702139
279.75,94.0784313725472,19.5608823529411,88380.3921568641
279.8,93.0612244897956,19.4873529411765,89191.0204081635
279.85,91.2264150943386,19.4328571428571,89922.8301886796
279.9,89.1666666666651,19.3804761904761,90642.5000000005
279.95,87.1599999999984,19.3199999999999,91242.8000000005
280,84.2941176470553,19.2574999999999,92011.5686274519
280.05,81.2999999999997,19.1658823529412,92756.0000000001
280.1,78.2999999999966,19.0629411764705,93235.0000000005
280.15,75.2448979591812,18.9243689320387,93381.0204081634
280.2,72.2941176470553,18.7690291262134,93290.7843137254
280.25,68.6037735849,18.5859999999998,93101.6981132073
280.3,65.3749999999982,18.386,92746.2499999998
280.35,62.306122448976,18.1458415841584,92457.5510204078
280.4,59.3529411764686,17.868613861386,92227.0588235293
280.45,56.306122448976,17.5905769230767,92020.4081632651
280.5,53.403846153843,17.3117307692305,91584.6153846149
280.55,51.2083333333331,17.0847572815534,90857.0833333333
280.6,49.1999999999977,16.9294174757281,90158.9999999992
280.65,47.2352941176457,16.8230769230769,89551.764705882
280.7,46.1199999999984,16.8038461538461,88951.9999999991
280.75,45.1199999999983,16.7954368932039,88343.1999999989
280.8,45,16.814854368932,87759.5999999997
280.85,45,16.8428155339806,87206.8627450975
280.9,45.8431372549025,16.9010679611651,86657.8431372546
280.95,46.8571428571439,16.9606666666667,86107.1428571423
281,47.8958333333346,17.0273333333334,85555.2083333327
281.05,49.7307692307691,17.0952941176471,85067.3076923077
281.1,51.7551020408174,17.1835294117648,84613.8775510202
281.15,54.5384615384628,17.2728037383179,84136.9230769229
281.2,57.5714285714316,17.4129906542058,83622.8571428566
281.25,60.5800000000032,17.5531775700937,83119.9999999995
281.3,63.5799999999998,17.7768000000001,82568.4
281.35,66.5800000000027,18.0118000000001,82025.5999999995
281.4,70.3725490196099,18.3133980582527,81621.176470588
281.45,73.5200000000041,18.6240776699032,81400.3999999997
281.5,76.6250000000053,18.944134615385,81361.25
281.55,80.4509803921569,19.2662500000001,81506.6666666667
281.6,83.5294117647069,19.4531730769232,81867.2549019609
281.65,85.6800000000008,19.5925961538463,82257.6000000002
281.7,88.5200000000041,19.6528155339806,82723.2000000007
281.75,90.6470588235314,19.6722330097088,83269.4117647064
281.8,92.6734693877557,19.6684615384615,83930.6122448982
281.85,93.8400000000004,19.6492307692308,84611.2000000003
281.9,94.8235294117655,19.6046601941747,85337.6470588241
281.95,95,19.5366990291261,86110.6250000008
282,95,19.4642718446601,86699.6153846159
282.05,94.1799999999993,19.3866019417475,87423.2000000005
282.1,93.1960784313722,19.318640776699,88243.3333333336
282.15,92.1666666666663,19.2652427184466,89026.666666667
282.2,90.3846153846131,19.2101941747572,89804.2307692317
282.25,87.5999999999959,19.1519417475727,90464.0000000009
282.3,85.3999999999995,19.0873333333333,91062.0000000001
282.35,82.5999999999993,19.0063809523809,91780.0000000002
282.4,79.6470588235276,18.9225242718445,92455.4901960788
282.45,75.7499999999964,18.8254368932037,92835.6250000003
282.5,72.5399999999973,18.721176470588,92914.6
282.55,68.7199999999973,18.5643137254901,92788.7999999999
282.6,65.6346153846132,18.4011538461538,92547.1153846152
282.65,61.7499999999964,18.1655769230767,92319.3749999998
282.7,58.5399999999973,17.9299999999997,92181.5999999999
282.75,55.5399999999973,17.6358823529407,91897.5999999997
282.8,53.3921568627448,17.3417647058821,91309.4117647058
282.85,50.5510204081609,17.1684615384614,90633.0612244893
282.9,48.4230769230755,17.0001923076922,89965.961538461
282.95,47.2040816326518,16.958640776699,89326.5306122441
283,46.2156862745081,16.9343689320388,88745.0980392147
283.05,45.2040816326527,16.9418269230769,88174.2857142855
283.1,45,16.95625,87635.9999999999
283.15,45.8000000000011,16.9959223300971,87121.9999999994
283.2,46.784313725491,17.0444660194175,86596.4705882348
283.25,47.7959183673482,17.1057692307693,86066.1224489789
283.3,49.6000000000004,17.1730769230769,85511.9999999999
283.35,51.6000000000005,17.2611650485437,84983.9999999999
283.4,54.3529411764724,17.3631067961166,84511.3725490193
283.45,57.3400000000021,17.4685849056605,84051.1999999997
283.5,60.3877551020446,17.5770754716982,83615.7142857138
283.55,64.1372549019631,17.7231683168317,83216.2745098037
283.6,67.294117647062,17.921188118812,82663.5294117641
283.65,71.1020408163298,18.1545631067963,82101.2244897955
283.7,74.3400000000021,18.4409708737867,81652.3999999997
283.75,78.0000000000055,18.7028571428574,81409.9999999997
283.8,81.3125000000021,18.917142857143,81406.25
283.85,84.294117647062,19.095145631068,81641.7647058827
283.9,87.2800000000035,19.1582524271845,82014.0000000005
283.95,89.5200000000024,19.2073786407767,82452.0000000005
284,91.4615384615405,19.1928155339806,82969.2307692313
284.05,93.5319148936181,19.1723529411764,83594.8936170216
284.1,94.764705882354,19.1086274509804,84267.6470588243
284.15,95,19.0449514563107,85022.8000000009
284.2,95,18.9818446601941,85749.6000000008
284.25,94.2830188679232,18.9186666666665,86421.8867924537
284.3,93.2708333333328,18.852,87166.8750000004
284.35,91.519999999999,18.7853333333333,87925.0000000004
284.4,89.4897959183653,18.7230476190476,88701.4285714294
284.45,87.5098039215656,18.6611428571428,89404.1176470599
284.5,84.779999999995,18.6098039215686,90135.0000000013
284.55,80.979591836734,18.5607843137255,90745.3061224491
284.6,77.7647058823518,18.500294117647,91319.6078431375
284.65,74.0980392156829,18.4365686274509,91738.4313725493
284.7,70.8823529411725,18.3401960784313,91952.9411764708
284.75,67.2549019607772,18.2323529411763,91972.5490196078
284.8,63.1666666666627,18.0399999999999,91952.9166666667
284.85,59.9230769230744,17.8114285714285,91929.2307692308
284.9,56.9183673469349,17.5930769230768,91704.8979591833
284.95,53.8571428571394,17.3815384615382,91202.8571428565
285,50.9230769230721,17.2399999999999,90569.2307692297
285.05,48.6666666666659,17.1630769230769,89999.9999999998
285.1,47.3124999999997,17.1265346534654,89414.3749999998
285.15,46.3137254901954,17.1413861386139,88852.5490196075
285.2,45.3333333333322,17.1698113207548,88299.9999999994
285.25,45,17.2169811320756,87737.8723404249
285.3,45.6792452830189,17.2735294117648,87213.2075471698
285.35,46.6734693877557,17.3519607843138,86703.2653061221
285.4,48.3600000000016,17.4357547169812,86199.9999999996
285.45,50.3076923076951,17.5348113207548,85719.6153846147
285.5,53.0425531914944,17.6331683168318,85202.765957446
285.55,56.1428571428596,17.7272277227723,84697.1428571425
285.6,59.0769230769256,17.8298058252428,84199.9999999996
285.65,62.6666666666711,17.9948543689322,83693.3333333328
285.7,66.0625000000044,18.1655882352943,83134.9999999992
285.75,69.8571428571475,18.4253921568631,82567.1428571422
285.8,73.7692307692328,18.6848571428573,82098.4615384613
285.85,77.7755102040836,18.9277142857145,81883.6734693877
285.9,81.1000000000034,19.1705714285716,81927.0000000001
285.95,84.0588235294148,19.2607692307693,82159.0196078434
286,86.9615384615426,19.3376923076924,82505.0000000005
286.05,90.0425531914908,19.35,82987.2340425534
286.1,92.4000000000007,19.35,83584.0000000002
286.15,93.7000000000011,19.3150485436893,84183.0000000007
286.2,94.6862745098049,19.2713592233009,84854.1176470596
286.25,95,19.221238095238,85537.9591836743
286.3,95,19.1688571428571,86179.0909090912
286.35,94.3617021276585,19.1092156862745,86908.7234042561
286.4,92.6799999999974,19.0454901960784,87708.000000001
286.45,90.6799999999974,18.9911538461538,88475.000000001
286.5,88.6799999999974,18.9430769230769,89205.2000000009
286.55,85.9795918367329,18.895,89968.5714285719
286.6,82.3846153846127,18.846923076923,90520.7692307695
286.65,79.1176470588208,18.7833333333332,91062.7450980398
286.7,75.3617021276557,18.6999999999999,91731.9148936177
286.75,71.3846153846098,18.6096153846152,92182.3076923082
286.8,67.3877551020395,18.5086538461538,92391.4285714286
286.85,63.2499999999988,18.3953846153846,92343.75
286.9,59.9807692307664,18.2559615384614,92205.7692307691
286.95,56.3599999999948,18.1197087378639,92093.9999999999
287,53.0588235294071,17.9934951456309,91943.5294117644
287.05,50.6938775510197,17.8865048543689,91475.1020408161
287.1,48.7058823529403,17.8670873786408,90858.8235294115
287.15,46.7199999999987,17.8535294117647,90236.7999999996
287.2,45.3599999999986,17.8829411764706,89581.1999999991
287.25,45,17.9149523809525,88943.1999999989
287.3,45,17.9768571428572,88328.1632653059
287.35,45.6470588235299,18.0387619047619,87835.2941176469
287.4,47.2307692307702,18.1059615384616,87403.0769230767
287.45,49.2500000000027,18.1732692307693,86879.9999999993
287.5,51.8461538461586,18.2673786407768,86331.5384615376
287.55,54.8750000000018,18.3644660194175,85763.7499999997
287.6,57.9200000000019,18.4582352941177,85242.7999999997
287.65,61.4615384615405,18.5513725490197,84793.0769230767
287.7,65.5000000000053,18.667087378641,84332.4999999994
287.75,69.4615384615448,18.7884466019419,83852.3076923069
287.8,73.4489795918374,18.9302884615386,83445.7142857142
287.85,77.4313725490207,19.0793269230771,83164.1176470588
287.9,81.5000000000024,19.1617307692308,83038.75
287.95,84.8461538461574,19.2098076923077,83087.6923076924
288,87.8750000000053,19.2328155339806,83311.2500000005
288.05,90.2549019607847,19.2376699029126,83620.7843137256
288.1,92.2653061224498,19.2125,83993.06122449
288.15,93.6153846153851,19.1596153846153,84496.9230769234
288.2,94.6000000000011,19.0998039215686,85104.0000000007
288.25,95,19.0311764705881,85751.8367346947
288.3,94.4038461538456,18.9707692307692,86399.4230769234
288.35,93.4081632653055,18.9226923076923,87102.040816327
288.4,91.8235294117633,18.8776923076923,87847.05882353
288.45,89.2599999999972,18.8392307692307,88612.4000000007
288.5,86.2244897959143,18.794854368932,89377.9591836745
288.55,83.2352941176449,18.7317475728155,90080.0000000005
288.6,79.6326530612218,18.668,90715.1020408167
288.65,75.6470588235265,18.6013333333333,91342.3529411769
288.7,71.6799999999963,18.5329411764705,91888.4000000004
288.75,67.6799999999963,18.4447058823528,92194.4000000002
288.8,63.6799999999982,18.3555339805825,92229.4
288.85,59.6799999999963,18.2438834951456,92130.3999999999
288.9,56.2599999999972,18.1322330097087,92033.5999999999
288.95,53.2244897959143,18.0538834951455,91940.8163265305
289,50.2352941176435,17.9762135922329,91570.5882352935
289.05,47.8846153846148,17.97,90971.9230769229
289.1,46.4374999999991,17.97,90319.9999999994
289.15,45.4313725490184,17.9984158415842,89704.5098039209
289.2,45,18.0330693069307,89095.7142857136
289.25,45.5800000000009,18.0742857142858,88493.5999999995
289.3,46.5576923076926,18.1171428571429,87982.3076923075
289.35,48.1250000000018,18.1973076923077,87471.8749999995
289.4,50.6730769230793,18.2934615384616,86949.9999999996
289.45,53.6530612244932,18.3786274509805,86416.9387755096
289.5,57.1960784313791,18.4570588235295,85873.5294117638
289.55,61.204081632655,18.5346153846154,85337.9591836732
289.6,65.0740740740766,18.6115384615385,84835.5555555552
289.65,69.0869565217445,18.6904761904763,84407.3913043473
289.7,73.1960784313767,18.7714285714287,83976.4705882348
289.75,77.03773584906,18.8497029702972,83571.509433962
289.8,81.0869565217396,18.9239603960397,83264.7826086956
289.85,85.2857142857169,18.9791346153846,83155.7142857143
289.9,88.1153846153862,19.0031730769231,83249.2307692309
289.95,90.6530612244932,19.0054368932038,83479.7959183677
290,93.0980392156896,18.9568932038834,83857.0588235302
290.05,94.5510204081638,18.9073076923077,84335.5102040819
290.1,95,18.8544230769231,84916.8627450984
290.15,95,18.8023076923077,85552.6923076927
290.2,94.4897959183664,18.7542307692307,86237.3469387762
290.25,92.9599999999975,18.7057281553397,86980.0000000009
290.3,90.4081632653048,18.6523300970874,87722.0408163269
290.35,87.3799999999978,18.598431372549,88475.8000000006
290.4,84.3799999999978,18.5199999999999,89202.6000000005
290.45,80.839999999997,18.4415686274509,89898.0000000005
290.5,76.8823529411725,18.3928846153845,90542.9411764712
290.55,59.0816326530477,18.3448076923077,91047.5510204083
290.6,45,18.28,91361.7647058826
290.65,45,18.2133333333332,91553.2000000002
290.7,45,18.0639999999998,91672.4489795919
290.75,45,17.8939999999998,91766.0377358492
290.8,45,17.6523076923076,91648.5714285713
290.85,45,17.3926923076921,91184.2857142852
290.9,45,17.1039999999997,90629.9999999994
290.95,45,16.8039999999997,90051.2244897951
291,45,16.4985294117643,89444.0816326522
291.05,45,16.1897058823527,88853.2
291.1,45,15.8629126213589,88299.8039215685
291.15,45,15.5231067961161,87849.9999999998
291.2,45,15.1874999999995,87394.9999999994
291.25,45,14.8557692307686,86849.999999999
291.3,45,14.5303846153844,86305.2941176466
291.35,45,14.2130769230767,85780.5882352937
291.4,45,13.8952941176468,85292.9999999996
291.45,45,13.5766666666663,84824.6938775504
291.5,45,13.2692307692303,84334.7999999995
291.55,45,12.9855769230767,83835.1020408162
291.6,45,12.7185714285712,83299.9999999997
291.65,45,12.5042857142855,82730.784313725
291.7,45,12.3054455445543,82189.9999999995
291.75,45,12.2014851485147,81665.5102040809
291.8,45,12.1036538461538,81114.9999999997
291.85,45,12.0507692307692,80570.769230769
291.9,45,11.9984466019417,80026.5306122445
291.95,45,11.9596116504854,79528.2352941171
292,45,11.9207766990291,79003.673469387
292.05,45,11.9057281553398,78396.7999999997
292.1,45,11.8911650485437,77831.5384615379
292.15,45,11.8768571428571,77259.5833333327
292.2,45,11.8625714285714,76672.3076923072
292.25,45,11.8399019607843,76104.0816326524
292.3,45,11.8153921568627,75523.1999999998
292.35,45,11.8025714285714,74952.9411764703
292.4,45,11.7930476190476,74402.7450980386
292.45,45,11.7833333333333,73888.7499999993
292.5,45,11.7735294117647,73473.5999999995
292.55,45,11.7607692307692,73165.7999999999
292.6,45,11.7463461538461,72925.2941176469
292.65,45,11.7453333333333,72729.6153846152
292.7,45,11.7548571428572,72588.6274509803
292.75,45,11.7531683168317,72509.5999999999
292.8,45,11.7383168316832,72429.6
292.85,45,11.73,72355.2173913043
292.9,45,11.73,72297.4509803921
292.95,45,11.7263461538461,72261.5384615384
293,45,11.7167307692308,72250
293.05,45,11.7070588235294,72237.8723404255
293.1,45,11.6972549019608,72220
293.15,45,11.6850476190476,72212.0833333333
293.2,45,11.666,72195.9615384615
293.25,45,11.6507692307692,72190
293.3,45,11.6555769230769,72190
293.35,45,11.6596078431373,72201.1764705883
293.4,45,11.6547058823529,72212.1739130435
293.45,45,11.6496153846154,72200
293.5,45,11.64,72216.170212766
293.55,45,11.6303846153846,72222.7450980392
293.6,45,11.63,72195.8
293.65,45,11.63,72181.7647058823
293.7,45,11.6171844660194,72166
293.75,45,11.6026213592233,72140.3921568627
293.8,45,11.5919607843137,72102.5490196078
293.85,45,11.5821568627451,72090
293.9,45,11.5762857142857,72097.7551020408
293.95,45,11.5715238095238,72098.2352941176
294,45,11.5832038834952,72083.8
294.05,45,11.6026213592233,72078.6
294.1,45,11.6070192307692,72060
294.15,45,11.6022115384615,72052.4
294.2,45,11.5920588235294,72028.6
294.25,45,11.5773529411764,72006.2
294.3,45,11.572427184466,71992.2448979592
294.35,45,11.5772815533981,71960.3921568627
294.4,45,11.58,71926.2
294.45,45,11.58,71920
294.5,45,11.5782524271845,71906.1224489795
294.55,45,11.5733980582524,71876.4
294.6,45,11.57,71881.0204081633
294.65,45,11.57,71900
294.7,45,11.5654716981132,71900
294.75,45,11.5466037735849,71906.8085106383
294.8,45,11.5294059405941,71905.9259259259
294.85,45,11.5244554455446,71880
294.9,45,11.5161904761904,71887.6
294.95,45,11.4780952380952,71892.4
295,45,11.4399999999998,71887.3076923077
295.05,45,11.2617821782178,71906.9387755102
295.1,45,11.0835643564356,71930.3846153846
295.15,45,10.7993203883493,71940.2040816326
295.2,45,10.512912621359,71913.0612244898
295.25,45,10.2578095238092,71882.3529411764
295.3,45,10.0054285714284,71846.6
295.35,45,9.76097087378616,71840
295.4,45,9.51825242718419,71833.0612244898
295.45,45,9.23126213592194,71809.4117647059
295.5,45,8.93029126213549,71783.4615384615
295.55,37.1874999999778,8.66163461538446,71770
295.6,19.319999999998,8.40682692307668,71770
295.65,17.3333333333311,8.17123809523784,71770
295.7,15.6923076923063,7.9474285714283,71760.7692307692
295.75,14.4042553191464,7.72415841584128,71701.2765957445
295.8,12.3333333333333,7.50138613861376,71510
295.85,10.6734693877546,7.27461538461521,71182.6530612243
295.9,9.3333333333311,7.04384615384589,70786.6666666662
295.95,7.67346938775378,6.81825242718416,70376.3265306117
296,6.34615384615137,6.59980582524238,69916.5384615378
296.05,4.70588235294059,6.39883495145622,69424.1176470585
296.1,3.70212765957406,6.22893203883483,68912.9787234041
296.15,2.37037037036877,6.06571428571417,68429.444444444
296.2,0.73999999999909,5.91809523809511,67936.9999999995
296.25,0,5.76862745098023,67352.9787234031
296.3,0,5.6117647058823,66649.9999999998
296.35,0,5.45923076923067,65902.9166666665
296.4,0,5.32942307692293,65169.5999999995
296.45,0,5.19873786407746,64494.9019607836
296.5,0,5.05796116504831,63909.4444444438
296.55,0,4.91749999999992,63292.5531914891
296.6,0,4.79249999999987,62643.0769230767
296.65,0,4.66749999999982,62032.4999999993
296.7,0,4.54249999999984,61384.9999999992
296.75,0,4.41749999999986,60762.3529411755
296.8,0,4.30903846153844,60158.9999999995
296.85,0,4.20326923076916,59576.9999999995
296.9,0,4.11049504950487,58991.9642857138
296.95,0,4.02138613861376,58448.9361702119
297,0,3.95295238095231,57842.1276595737
297.05,0,3.89104761904761,57278.4615384611
297.1,0,3.86029411764705,56734.0816326526
297.15,0,3.8455882352941,56173.1999999993
297.2,0.280000000001273,3.84584905660379,55627.1999999994
297.25,1.26923076923195,3.85528301886794,55109.2307692301
297.3,2.5,3.87201923076925,54592.5
297.35,4.28000000000045,3.89605769230772,54121.5999999998
297.4,5.53846153846389,3.92680000000005,53589.2307692301
297.45,7.25000000000118,3.96680000000005,53047.4999999994
297.5,8.53846153846389,4.00211538461543,52499.2307692301
297.55,10.25,4.03096153846156,51955
297.6,11.5283018867929,4.06815533980588,51415.2830188678
297.65,13.4400000000014,4.12155339805831,50923.3999999996
297.7,15.4583333333367,4.17750000000009,50393.1249999991
297.75,17.5000000000033,4.24000000000011,49869.9999999991
297.8,19.4583333333343,4.30862745098048,49369.9999999998
297.85,21.2653061224498,4.40176470588243,48891.2244897956
297.9,22.5384615384639,4.49631067961173,48506.5384615381
297.95,24.4897959183699,4.59825242718456,48218.7755102038
298,26.5098039215717,4.69961538461549,47981.5686274507
298.05,28.4897959183676,4.79576923076926,47820.4081632653
298.1,30.4905660377371,4.89228571428579,47750.1886792453
298.15,32.4166666666686,5.00657142857151,47724.1666666667
298.2,34.4897959183699,5.12085714285723,47754.6938775511
298.25,36.4905660377393,5.26529411764723,47829.4339622644
298.3,38.2040816326539,5.41235294117655,47948.5714285715
298.35,39.4400000000009,5.56372549019616,48099.6000000001
298.4,41.4400000000014,5.71568627450987,48281.8000000001
298.45,43.2115384615399,5.86679245283029,48482.884615385
298.5,44.3829787234071,6.01773584905674,48739.3617021281
298.55,46.2307692307694,6.18118811881189,49063.8461538462
298.6,47.2040816326539,6.3495049504951,49385.5102040819
298.65,48.4489795918379,6.54666666666682,49765.3061224492
298.7,50.2264150943407,6.75619047619076,50155.0943396231
298.75,51.1914893617035,6.98705882352979,50568.0851063836
298.8,52,7.23215686274517,51027.6923076924
298.85,52.1960784313735,7.46776699029134,51421.9607843142
298.9,53.1800000000014,7.6959223300972,51933.6000000007
298.95,54,7.93142857142878,52459.0000000008
299,54.1836734693893,8.17428571428607,53014.6938775519
299.05,55,8.41803921568643,53607.0833333339
299.1,55,8.6631372549021,54233.5294117653
299.15,55,8.87417475728164,54836.9811320758
299.2,55,9.02466019417486,55459.2000000006
299.25,55,9.1415384615385,56090.0000000013
299.3,54.8039215686267,9.18000000000001,56771.3725490201
299.35,54,9.20788461538461,57427.0000000003
299.4,53.8124999999985,9.19826923076922,58093.125000001
299.45,52.7843137254888,9.18660194174754,58827.4509803932
299.5,51.8039215686265,9.16233009708735,59572.5490196087
299.55,50.8199999999998,9.13809523809523,60452.8000000002
299.6,49.8199999999995,9.1142857142857,61412.8000000004
299.65,48.8199999999986,9.09047619047618,62380.0000000014
299.7,47.6399999999972,8.98431372549009,63369.2000000013
299.75,45.8199999999986,8.87647058823514,64303.8000000013
299.8,44.6399999999995,8.69095238095231,65221.0000000002
299.85,42.8199999999996,8.50047619047611,66165.6000000004
299.9,41.6399999999972,8.26611650485424,67071.2000000012
299.95,39.6399999999972,8.02339805825226,67905.8000000011
300,37.6470588235265,7.77499999999973,68688.2352941186
300.05,35.6666666666651,7.5249999999999,69310.0000000003
300.1,33.6153846153829,7.30346153846137,69694.6153846155
300.15,31.6734693877534,7.09192307692283,69840
300.2,29.6470588235265,6.88088235294092,69808.2352941174
300.25,27.6799999999963,6.67009803921544,69616.7999999995
300.3,25.6799999999985,6.49056603773582,69351.5999999998
300.35,23.6799999999985,6.33018867924521,69087.5999999997
300.4,21.6734693877534,6.17574257425732,68693.0612244894
300.45,19.6538461538435,6.02722772277214,68268.6538461532
300.5,17.7199999999976,5.87077669902894,67811.3999999994
300.55,15.7142857142854,5.70572815533979,67299.9999999999
300.6,13.6799999999985,5.54740384615379,66639.9999999995
300.65,11.8399999999993,5.39836538461528,65897.9999999995
300.7,10.6799999999982,5.2607692307691,65194.7999999993
300.75,8.67999999999627,5.14538461538444,64482.7999999988
300.8,6.84313725490117,5.02904761904754,63813.3333333328
300.85,5.71428571428339,4.90999999999992,63147.1428571421
300.9,3.84313725490117,4.78980582524262,62489.6078431367
300.95,2.72549019607594,4.6635922330096,61866.2745098032
301,0.877551020406506,4.53861386138602,61265.306122448
301.05,0,4.42475247524751,60644.9019607842
301.1,0,4.31276190476187,60037.7551020404
301.15,0,4.22228571428562,59442.9999999993
301.2,0,4.13180952380938,58887.3999999993
301.25,0,4.02911764705867,58304.6153846147
301.3,0,3.9261764705882,57760.8163265306
301.35,0,3.84317307692302,57174.1176470585
301.4,0,3.76144230769222,56624.1176470582
301.45,0,3.66568627450971,56064.2857142849
301.5,0,3.56764705882344,55498.1132075466
301.55,0,3.49971698113208,54977.0212765956
301.6,0,3.43839622641508,54407.0588235289
301.65,0,3.40627450980391,53877.5999999998
301.7,0,3.38666666666664,53348.4313725483
301.75,0,3.36718446601939,52827.5999999995
301.8,0,3.34776699029125,52286.3265306118
301.85,0,3.34,51737.1999999999
301.9,0.166666666667456,3.34,51315.8333333331
301.95,2.11538461538525,3.3497087378641,50766.5384615381
302,3.15686274510105,3.36912621359226,50239.2156862737
302.05,5.06250000000089,3.39725490196082,49728.7499999996
302.1,6.19230769230963,3.43647058823532,49213.8461538457
302.15,8.12244897959363,3.47764705882357,48747.5510204077
302.2,10.160000000003,3.52176470588241,48210.7999999993
302.25,12.0784313725505,3.56371428571435,47723.1372549013
302.3,13.1250000000018,3.60180952380955,47259.3749999996
302.35,15.2941176470616,3.64262135922333,46753.921568627
302.4,18.1481481481489,3.69116504854373,46295.9259259258
302.45,20.0000000000025,3.7455339805826,45869.9999999995
302.5,22.160000000003,3.82320388349523,45476.7999999996
302.55,24.1568627450988,3.90223300970875,45192.7450980391
302.6,26.1200000000017,3.98961165048546,44978.5999999998
302.65,28.1176470588252,4.07538461538464,44792.3529411764
302.7,30.0833333333361,4.14269230769236,44666.6666666666
302.75,32.2352941176516,4.21000000000011,44588.431372549
302.8,35.1250000000018,4.31096153846158,44571.875
302.85,37.1960784313744,4.41192307692315,44609.8039215687
302.9,39.0784313725494,4.51825242718456,44710.1960784314
302.95,40.1224489795936,4.62504854368943,44839.7959183675
303,42.1568627451011,4.74436893203898,45007.2549019611
303.05,44.1200000000017,4.86572815533983,45222.6000000002
303.1,46.0566037735857,4.98708737864082,45435.2830188681
303.15,47.0000000000024,5.10844660194181,45690.0000000004
303.2,49.0588235294126,5.25135922330113,46017.6470588238
303.25,50.040816326532,5.40184466019444,46314.2857142862
303.3,51.0566037735857,5.54714285714298,46669.811320755
303.35,52.0000000000012,5.69000000000013,47000.0000000004
303.4,53.0576923076931,5.83401869158892,47333.0769230772
303.45,54,5.97887850467303,47718.7234042556
303.5,54.0784313725505,6.13857142857163,48151.3725490202
303.55,55,6.31714285714298,48547.0000000004
303.6,55,6.51846153846176,48996.6037735853
303.65,55,6.74442307692325,49440.0000000006
303.7,55,6.95884615384632,49949.2307692314
303.75,54.9999999999988,7.15596153846178,50430.0000000007
303.8,54,7.32047619047622,51012.4000000001
303.85,53.9591836734692,7.41571428571432,51572.8571428573
303.9,52.9433962264143,7.49544554455447,52142.2641509439
303.95,51.9999999999988,7.520198019802,52680.0000000007
304,50.9622641509421,7.53611650485435,53334.150943397
304.05,50.0188679245279,7.5166990291262,53937.9245283022
304.1,48.9215686274506,7.49057692307684,54595.8823529413
304.15,46.9799999999993,7.42326923076916,55242.2000000004
304.2,45.9622641509421,7.35221153846143,55852.2641509438
304.25,44.0754716981114,7.22240384615369,56465.4716981138
304.3,41.9230769230765,7.09259615384609,57205.7692307694
304.35,39.9999999999977,6.9686666666666,57850.0000000008
304.4,37.9607843137242,6.84485714285707,58554.7058823534
304.45,35.9999999999977,6.68919999999982,59290.000000001
304.5,33.9599999999964,6.52919999999973,60188.2000000016
304.55,31.9615384615372,6.37590476190466,61098.2692307698
304.6,30.0384615384606,6.2235238095237,62011.7307692312
304.65,27.9999999999966,6.08398058252416,62830.0000000007
304.7,24.9999999999977,5.94805825242705,63440.0000000005
304.75,22.9999999999977,5.7970588235292,63850.0000000002
304.8,21,5.64019607843127,64030
304.85,18.9999999999966,5.49519230769221,63919.9999999997
304.9,15.9999999999978,5.35576923076916,63639.9999999997
304.95,14.0392156862714,5.23592233009699,63345.8823529407
305,11.9999999999977,5.12912621359207,62909.9999999995
305.05,10,5.01249999999992,62490
305.1,7.99999999999773,4.88749999999994,62009.9999999994
305.15,5.99999999999889,4.77087378640769,61479.9999999995
305.2,5.01960784313568,4.66407766990276,60999.6078431365
305.25,2.99999999999777,4.55922330097068,60459.9999999994
305.3,1.03921568627359,4.45728155339797,59959.9999999998
305.35,0.0199999999995225,4.35114285714274,59410.9999999997
305.4,0,4.23685714285702,58909.9999999995
305.45,0,4.12529411764694,58379.9999999994
305.5,0,4.0223529411763,57860.3921568619
305.55,0,3.92285714285706,57359.9999999995
305.6,0,3.83714285714277,56811.020408163
305.65,0,3.75134615384606,56309.9999999993
305.7,0,3.66480769230757,55762.040816326
305.75,0,3.57891089108901,55220.8163265297
305.8,0,3.52445544554451,54739.2156862741
305.85,0,3.46999999999998,54202.3529411763
305.9,0,3.45543689320387,53690.9615384609
305.95,0,3.44087378640775,53141.0869565208
306,0,3.42657142857141,52620.784313725
306.05,0,3.41228571428571,52147.692307692
306.1,0,3.41,51631.9607843131
306.15,0.93750000000148,3.41,51073.7499999992
306.2,2.88000000000286,3.42893203883497,50551.1999999993
306.25,3.94000000000143,3.45320388349517,50040.5999999993
306.3,5.88000000000059,3.46333333333333,49530.5999999998
306.35,7.88000000000059,3.46796296296296,49001.7999999998
306.4,9.88000000000273,3.50111111111114,48537.5999999994
306.45,11.8431372549036,3.55666666666671,48150.5882352938
306.5,13.8400000000036,3.61590476190484,47669.1999999991
306.55,15.8039215686278,3.67780952380957,47179.0196078431
306.6,18.8125000000009,3.73796116504861,46698.7499999999
306.65,20.8800000000027,3.79621359223308,46246.9999999994
306.7,22.8431372549036,3.86534653465359,45832.9411764702
306.75,25.7600000000055,3.94950495049519,45542.3999999995
306.8,27.8039215686278,4.03076923076928,45303.5294117647
306.85,29.836734693879,4.10769230769234,45114.6938775509
306.9,32.7058823529447,4.18796116504859,44982.7450980391
306.95,34.8000000000025,4.27533980582535,44915.9999999999
307,36.8367346938813,4.36776699029145,44864.081632653
307.05,38.8039215686278,4.4745631067962,44887.0588235294
307.1,40.764705882354,4.58692307692319,44960.5882352942
307.15,42.8723404255349,4.72153846153856,45091.7021276598
307.2,44.8076923076947,4.85442307692315,45226.5384615386
307.25,46.8000000000025,4.9746153846155,45402.0000000002
307.3,48.764705882354,5.09500000000002,45605.2941176472
307.35,49.8979591836747,5.22000000000007,45872.4489795922
307.4,50.8823529411771,5.34500000000012,46138.2352941178
307.45,51.8627450980402,5.47831683168333,46463.3333333337
307.5,52.9148936170232,5.61198019801999,46830.2127659581
307.55,53.9019607843139,5.78269230769242,47175.6862745099
307.6,54.9000000000011,5.95576923076941,47561.0000000004
307.65,55,6.11911764705898,47960.0000000005
307.7,55,6.28088235294132,48414.0000000006
307.75,55,6.44150943396244,48892.0000000006
307.8,55,6.60188679245287,49354.0000000001
307.85,54.1346153846145,6.73235294117655,49850.0000000005
307.9,54,6.85000000000013,50385.833333334
307.95,53.1346153846143,6.92142857142863,50915.9615384621
308,52.1399999999989,6.96904761904768,51471.6000000006
308.05,51.1400000000001,6.99,52040.2
308.1,49.2448979591826,6.99,52646.5306122452
308.15,48.1372549019598,6.95142857142852,53142.7450980397
308.2,46.2448979591803,6.87999999999994,53771.6326530623
308.25,44.2399999999965,6.79941747572805,54413.2000000011
308.3,42.2399999999988,6.70718446601935,55053.2000000004
308.35,40.3076923076915,6.60019417475712,55696.9230769234
308.4,38.2499999999988,6.46912621359206,56377.5000000004
308.45,36.2399999999968,6.33846153846136,57049.6000000011
308.5,34.3076923076893,6.20865384615369,57696.9230769241
308.55,31.4799999999988,6.08230769230769,58404.8000000003
308.6,29.2857142857123,5.96692307692303,59128.5714285721
308.65,26.4705882352926,5.84825242718436,59929.803921569
308.7,24.2857142857123,5.71233009708726,60728.5714285722
308.75,21.4705882352898,5.5752941176469,61278.4313725498
308.8,19.2857142857143,5.42823529411759,61565.7142857143
308.85,16.4705882352931,5.2807692307691,61650.5882352941
308.9,14.3199999999992,5.12692307692289,61609.6
308.95,12.3199999999973,4.97307692307668,61490.7999999998
309,9.52941176470293,4.86058252427165,61280.5882352939
309.05,7.35999999999864,4.74893203883487,60993.9999999998
309.1,5.35999999999823,4.65596153846148,60652.9999999997
309.15,4.17999999999911,4.56461538461534,60270.1999999997
309.2,2.35999999999823,4.45529411764697,59863.7999999996
309.25,0.359999999998226,4.3425490196077,59404.5999999996
309.3,0,4.22769230769225,58927.0833333334
309.35,0,4.11230769230759,58447.1999999996
309.4,0,4.00660194174746,57983.0769230765
309.45,0,3.90466019417463,57481.6326530605
309.5,0,3.81971428571418,56979.9999999995
309.55,0,3.74352380952379,56496.0784313725
309.6,0,3.6798039215686,55942.8571428567
309.65,0,3.62588235294112,55502.352941176
309.7,0,3.59249999999998,54987.346938775
309.75,0,3.5780769230769,54471.7999999996
309.8,0,3.55942307692306,53945.8823529411
309.85,0,3.5353846153846,53424.3137254899
309.9,0,3.52,52872.2448979585
309.95,0,3.52,52319.1836734689
310,0.803921568628697,3.52923076923081,51793.9215686268
310.05,2.60000000000046,3.55807692307695,51281.9999999999
310.1,4.53846153846339,3.59018867924533,50787.6923076918
310.15,6.61702127659775,3.63264150943399,50241.4893617016
310.2,8.57692307692451,3.67480000000002,49737.8846153843
310.25,10.5600000000032,3.71480000000005,49216.5999999992
310.3,13.3400000000021,3.75685714285717,48686.5999999996
310.35,15.5600000000014,3.81400000000003,48211.1999999997
310.4,18.294117647062,3.87127450980396,47727.647058823
310.45,20.5200000000024,3.93500000000007,47245.1999999994
310.5,23.1923076923107,3.99872549019618,46837.6923076919
310.55,25.5,4.07538461538468,46482.5
310.6,28.3750000000006,4.15230769230779,46194.1666666666
310.65,31.3529411764724,4.22990291262147,45975.2941176469
310.7,33.5918367346964,4.3075728155341,45818.5714285713
310.75,35.5384615384639,4.4178640776701,45728.4615384614
310.8,38.2800000000001,4.53436893203891,45687.2
310.85,40.5200000000018,4.65558823529419,45687.6
310.9,42.5510204081649,4.77813725490203,45767.5510204082
310.95,44.5600000000014,4.87509259259265,45860.2000000001
311,46.5600000000032,4.96305555555563,45997.0000000002
311.05,48.5294117647063,5.08326732673266,46198.2352941177
311.1,49.7755102040822,5.22683168316834,46412.8571428573
311.15,51.5000000000011,5.37699029126224,46655.0000000001
311.2,52.7400000000014,5.53233009708759,46897.6000000003
311.25,53.7551020408176,5.68692307692333,47209.1836734698
311.3,54,5.84076923076928,47533.2
311.35,54.7450980392161,5.98912621359227,47900.5882352943
311.4,55,6.12990291262142,48277.5000000003
311.45,55,6.26588235294126,48690.0000000006
311.5,55,6.39333333333348,49064.2857142862
311.55,54.2790697674418,6.49828571428573,49546.0465116279
311.6,54,6.55542857142859,50017.777777778
311.65,53.2916666666657,6.60435643564357,50507.0833333338
311.7,51.559999999998,6.6241584158416,51010.0000000005
311.75,50.2499999999988,6.63523809523807,51555.0000000006
311.8,49.24,6.61142857142856,52108
311.85,47.5384615384601,6.58615384615381,52634.6153846158
311.9,45.6153846153829,6.54769230769228,53188.461538462
311.95,43.6122448979566,6.50843137254897,53779.3877551028
312,40.812499999995,6.42999999999991,54426.6666666677
312.05,38.519999999999,6.35156862745094,55051.4000000003
312.1,36.519999999999,6.25009708737858,55698.4000000003
312.15,33.9444444444415,6.14815533980575,56315.370370371
312.2,30.8478260869514,6.02171428571418,57007.8260869577
312.25,28.5490196078408,5.89314285714274,57693.3333333341
312.3,25.839999999998,5.76650485436889,58355.2000000005
312.35,22.7959183673449,5.64029126213579,59024.8979591841
312.4,20.5769230769208,5.50941176470574,59584.2307692314
312.45,17.8571428571394,5.37705882352928,60011.428571429
312.5,14.839999999997,5.25262135922317,60285.6000000002
312.55,12.5882352941173,5.13126213592232,60427.6470588236
312.6,10.6274509803908,5.01067307692303,60446.2745098039
312.65,7.95999999999754,4.89048076923068,60344.7999999999
312.7,5.69230769230492,4.76819047619036,60195.3846153844
312.75,3.66666666666272,4.64438095238083,59999.9999999996
312.8,1.61224489795819,4.5305882352941,59728.7755102039
312.85,0.299999999999659,4.42764705882347,59394.9999999999
312.9,0,4.31873786407756,59002.9999999995
312.95,0,4.20223300970861,58606.9999999994
313,0,4.09126213592221,58188.9999999994
313.05,0,3.98932038834949,57744.9999999998
313.1,0,3.9078095238095,57294.3137254899
313.15,0,3.86971428571424,56816.6666666661
313.2,0,3.83685714285712,56326.3461538456
313.25,0,3.8225714285714,55774.8888888883
313.3,0,3.80881188118811,55228.3999999996
313.35,0,3.7989108910891,54719.9999999996
313.4,0,3.79339805825246,54213.0612244892
313.45,0,3.82737864077674,53716.7307692301
313.5,0.673469387756878,3.86116504854373,53206.530612244
313.55,2.28301886792505,3.89029126213593,52719.2452830187
313.6,3.6458333333342,3.91941747572817,52197.7083333329
313.65,6.02040816326829,3.94333333333336,51666.5306122444
313.7,8.33333333333556,3.9671428571429,51159.9999999994
313.75,10.3469387755138,4.01313725490204,50619.5918367337
313.8,13.0000000000011,4.06215686274512,50113.3333333332
313.85,15.3200000000018,4.13524271844664,49600.1999999995
313.9,17.9411764705908,4.21291262135928,49096.4705882349
313.95,21.0000000000024,4.29314285714295,48599.9999999996
314,23.9245283018896,4.37409523809538,48183.3962264147
314.05,26.8599999999999,4.47000000000008,47835.4
314.1,29.3191489361713,4.57294117647066,47538.5106382977
314.15,32.0000000000033,4.68076923076933,47336.6666666665
314.2,34.9038461538496,4.79134615384629,47216.5384615384
314.25,37.2400000000022,4.90461538461557,47161.4
314.3,39.9375000000003,5.0200000000001,47169.375
314.35,42.2941176470597,5.14823529411779,47212.3529411765
314.4,44.2800000000013,5.29039215686288,47300.4000000001
314.45,46.2307692307716,5.43194174757295,47450.7692307694
314.5,48.2000000000032,5.57271844660209,47634.0000000003
314.55,50.2500000000012,5.72028846153849,47841.2500000001
314.6,51.6400000000006,5.87894230769239,48073.6000000002
314.65,52.6274509803931,6.0366019417477,48360.7843137258
314.7,53.6200000000011,6.19194174757297,48684.6000000004
314.75,54.5961538461548,6.3434615384617,49018.6538461542
314.8,55,6.48288461538467,49374.6000000002
314.85,55,6.61165048543695,49801.8750000005
314.9,55,6.68446601941754,50259.0000000005
314.95,54.3921568627437,6.75,50709.6078431379
315,53.3877551020395,6.75,51202.2448979599
315.05,52.3673469387751,6.74970873786407,51747.9591836737
315.1,51.3725490196069,6.73514563106795,52270.0000000005
315.15,50.3799999999989,6.72058252427183,52807.2000000006
315.2,48.7599999999978,6.6651428571428,53398.2000000007
315.25,46.7599999999978,6.60799999999994,54014.4000000007
315.3,44.8076923076913,6.51990196078428,54613.6538461542
315.35,42.2244897959164,6.42676470588228,55256.5306122453
315.4,39.7999999999991,6.32242718446591,55926.0000000003
315.45,37.1999999999966,6.21563106796104,56604.0000000008
315.5,34.2352941176435,6.09407766990275,57262.3529411772
315.55,31.2244897959178,5.96786407766987,57926.530612245
315.6,28.7999999999991,5.83825242718441,58608.0000000003
315.65,26.2352941176449,5.70718446601934,59327.05882353
315.7,23.2244897959143,5.58615384615375,60042.4489795928
315.75,20.2352941176435,5.47076923076909,60572.9411764711
315.8,17.2599999999986,5.34999999999994,60871.8000000001
315.85,14.2599999999972,5.22499999999989,61029.6000000001
315.9,11.8399999999981,5.09882352941164,61074.2
315.95,9.2599999999972,4.97137254901949,60977.1999999999
316,6.83999999999814,4.85390476190464,60788.1999999998
316.05,4.83999999999909,4.7491428571428,60531.7999999999
316.1,2.83999999999814,4.64166666666656,60206.9999999997
316.15,0.862745098036855,4.52892156862735,59832.5490196074
316.2,0,4.42028301886784,59414.2857142852
316.25,0,4.32122641509423,58986.3999999996
316.3,0,4.2186138613861,58543.1999999998
316.35,0,4.09980198019796,58083.6734693875
316.4,0,3.98999999999995,57605.8823529408
316.45,0,3.92749999999993,57115.7999999995
316.5,0,3.87,56625.5769230762
316.55,0,3.87,56135.2941176469
316.6,0,3.87,55629.3877551018
316.65,0,3.87,55091.8749999995
316.7,0,3.87,54552.9411764699
316.75,0.56000000000141,3.88794392523367,54028.7999999993
316.8,2.12000000000055,3.90663551401871,53531.1999999999
316.85,4.09803921568732,3.92230000000001,53039.9999999997
316.9,6.0800000000015,3.93730000000001,52545.3999999996
316.95,8.0800000000015,3.98378640776704,52039.1999999996
317,10.5882352941206,4.03718446601948,51540.5882352936
317.05,13.5600000000003,4.10428571428575,51044.8
317.1,16.5918367346952,4.17571428571436,50524.0816326528
317.15,19.6200000000022,4.23844660194183,50015.3999999996
317.2,22.5882352941206,4.2966990291263,49509.4117647054
317.25,25.6250000000041,4.3666019417477,49010.8333333327
317.3,28.6153846153851,4.44427184466025,48616.923076923
317.35,31.560000000002,4.54148514851495,48277.9999999998
317.4,34.3684210526347,4.65534653465359,48000.5263157892
317.45,37.3571428571463,4.76200000000013,47797.6190476189
317.5,40.0800000000027,4.86200000000013,47639.7999999998
317.55,42.5576923076942,4.97097087378644,47554.0384615384
317.6,45.041666666668,5.09233009708743,47540.4166666667
317.65,47.01886792453,5.21971428571438,47575.4716981133
317.7,48.9600000000021,5.3578095238097,47643.2000000001
317.75,50.480000000001,5.49950980392183,47762.0000000002
317.8,51.9795918367352,5.65147058823537,47933.0612244898
317.85,53.5000000000006,5.80384615384623,48150.0000000001
317.9,54.5000000000006,5.95769230769244,48415.0000000002
317.95,55,6.10480769230782,48707.0588235296
318,55,6.2105769230771,49023.4042553196
318.05,55,6.31441176470594,49365.2941176472
318.1,54.4799999999993,6.38794117647064,49738.0000000003
318.15,53.4901960784305,6.45980392156862,50144.1176470592
318.2,52.5283018867918,6.44999999999999,50566.9811320758
318.25,51.5510204081621,6.44019607843136,51034.489795919
318.3,50.0799999999992,6.42150943396225,51530.8000000002
318.35,48.0612244897945,6.40264150943394,52020.0000000003
318.4,46.0399999999979,6.34676190476184,52558.4000000006
318.45,43.5306122448938,6.28485714285707,53158.7755102049
318.5,41.0196078431345,6.19399999999988,53769.019607844
318.55,38.5306122448972,6.094,54383.6734693879
318.6,35.5576923076909,5.99692307692305,55007.6923076926
318.65,32.5624999999985,5.90076923076916,55656.2500000003
318.7,29.5294117647035,5.78580952380942,56328.4313725495
318.75,26.5599999999969,5.66199999999989,57006.0000000007
318.8,23.117647058823,5.53886792452831,57680.5882352942
318.85,19.6199999999988,5.41622641509431,58241.6000000002
318.9,16.6470588235276,5.30039215686268,58706.4705882356
318.95,13.624999999997,5.19254901960773,59130.416666667
319,11.0769230769202,5.07087378640757,59426.1538461542
319.05,8.65306122448781,4.93009708737858,59576.9387755103
319.1,6.09803921568509,4.80219999999995,59596.4705882353
319.15,3.67999999999741,4.69719999999995,59522.7999999999
319.2,1.10204081632416,4.59365384615378,59364.6938775508
319.25,0,4.49269230769221,59163.3999999997
319.3,0,4.38769230769228,58902.7999999999
319.35,0,4.27230769230762,58572.1568627449
319.4,0,4.16476190476183,58200.4081632648
319.45,0,4.08857142857135,57792.2448979587
319.5,0,4.01851485148513,57368.2352941171
319.55,0,4.00366336633663,56930.9615384614
319.6,0,3.99,56469.9999999998
319.65,0,3.99,55969.9999999995
319.7,0,3.99038095238097,55482.3529411757
319.75,0,4.0094285714286,54991.6666666657
319.8,0.84615384615536,4.0284761904762,54471.5384615381
319.85,2.83333333333491,4.061568627451,53943.3333333329
319.9,4.84615384615536,4.0958823529412,53411.5384615381
319.95,7.25000000000237,4.13384615384619,52879.1666666662
320,10.294117647062,4.17230769230774,52341.3725490191
320.05,13.2857142857158,4.24274509803926,51829.9999999998
320.1,16.294117647062,4.32117647058832,51321.3725490191
320.15,19.2857142857178,4.39115384615392,50788.5714285708
320.2,22.2452830188707,4.4584615384616,50272.4528301882
320.25,25.5833333333385,4.53884615384625,49782.0833333327
320.3,29.2352941176482,4.62538461538464,49311.1764705881
320.35,32.2244897959213,4.71943396226421,48959.7959183671
320.4,35.260000000004,4.81849056603783,48690.7999999997
320.45,38.2352941176516,4.92760000000013,48474.1176470586
320.5,41.2244897959233,5.04760000000013,48339.1836734692
320.55,43.8076923076934,5.17058252427188,48263.8461538461
320.6,46.1400000000035,5.29679611650497,48262.8000000001
320.65,48.7755102040836,5.4300000000002,48323.2653061225
320.7,50.4081632653071,5.57285714285735,48413.0612244899
320.75,51.8235294117677,5.7201960784316,48551.7647058826
320.8,53.4081632653066,5.87705882352944,48729.7959183675
320.85,54.4038461538467,6.02262135922334,48965.0000000001
320.9,55,6.13912621359235,49228.5714285717
320.95,55,6.24815533980596,49525.4901960787
321,55,6.33067961165063,49854.1176470593
321.05,54.6326530612237,6.40077669902913,50219.591836735
321.1,53.6122448979582,6.40563106796117,50622.8571428576
321.15,52.2156862745081,6.40619047619044,51048.6274509808
321.2,50.6199999999988,6.3680952380952,51473.4000000005
321.25,49.2399999999977,6.32999999999992,51930.0000000006
321.3,46.8599999999986,6.26333333333329,52445.2000000002
321.35,44.2244897959164,6.19666666666659,52985.5102040822
321.4,41.8235294117622,6.10980198019789,53541.3725490201
321.45,38.8599999999965,6.02069306930678,54112.8000000006
321.5,35.8367346938732,5.91174757281533,54688.7755102049
321.55,32.8461538461521,5.80009708737854,55284.6153846157
321.6,29.5306122448949,5.69409523809514,55895.1020408168
321.65,25.8599999999965,5.58933333333323,56550.8000000008
321.7,22.4799999999954,5.48235294117633,57195.6000000007
321.75,18.903846153843,5.37450980392137,57784.615384616
321.8,16.0192307692303,5.25904761904752,58290.3846153847
321.85,13.0425531914871,5.13999999999989,58698.936170213
321.9,9.8979591836712,5.02745098039206,58972.448979592
321.95,6.92452830188321,4.91960784313717,59105.0943396227
322,4.35999999999709,4.8076923076922,59140.4
322.05,2.33333333333254,4.69230769230767,59086.6666666666
322.1,0.647058823528756,4.58355769230764,58956.4705882352
322.15,0,4.48259615384606,58775.8490566036
322.2,0,4.38647058823519,58540.444444444
322.25,0,4.29823529411756,58203.0769230766
322.3,0,4.22528846153846,57863.9999999999
322.35,0,4.18201923076922,57447.3469387751
322.4,0,4.14509433962263,57004.7058823527
322.45,0,4.12622641509432,56572.8846153842
322.5,0,4.11140000000001,56134.4230769226
322.55,0,4.12140000000001,55675.6521739127
322.6,0.340000000000978,4.13660377358496,55200.1999999995
322.65,1.68000000000196,4.1837735849057,54716.5999999995
322.7,3.68000000000196,4.23108910891093,54216.7999999995
322.75,6.00000000000334,4.28554455445549,53729.9999999994
322.8,8.96000000000095,4.34,53220.3999999998
322.85,11.9411764705896,4.39238095238098,52703.1372549017
322.9,15.2244897959224,4.44476190476197,52194.6938775505
322.95,18.923076923081,4.53019801980211,51653.8461538454
323,22.1200000000051,4.61930693069322,51125.9999999993
323.05,25.8076923076934,4.71800000000006,50600.769230769
323.1,29.021276595749,4.81800000000007,50140.212765957
323.15,32.8653846153868,4.93087378640786,49733.4615384613
323.2,35.8297872340453,5.04737864077681,49453.6170212764
323.25,38.941176470593,5.1647058823531,49232.9411764704
323.3,41.8823529411782,5.28235294117655,49112.3529411764
323.35,44.8571428571439,5.40500000000009,49064.2857142857
323.4,47.6122448979612,5.53000000000007,49050
323.45,49.6153846153873,5.66737864077683,49074.6153846155
323.5,51.2857142857158,5.81300970873809,49167.142857143
323.55,52.6122448979605,5.96048076923087,49318.1632653062
323.6,54.2962962962968,6.1095192307693,49521.1111111112
323.65,55,6.22538461538466,49758.9361702131
323.7,55,6.30230769230776,50044.0000000002
323.75,55,6.36106796116508,50334.1176470591
323.8,54.7199999999999,6.39019417475729,50666.4000000001
323.85,53.7199999999995,6.41,51057.6000000002
323.9,52.4615384615361,6.41,51478.4615384621
323.95,50.4893617021255,6.39611650485433,51920.0000000005
324,48.4117647058805,6.34271844660186,52411.1764705887
324.05,46.1764705882345,6.28557692307686,52895.4901960786
324.1,43.2199999999982,6.21346153846149,53420.4000000003
324.15,40.1874999999979,6.14192307692304,53977.0833333337
324.2,37.1509433962239,6.07461538461532,54566.981132076
324.25,34.0399999999956,6.00549019607828,55138.8000000007
324.3,30.2653061224486,5.89274509803914,55759.3877551021
324.35,26.9599999999975,5.77999999999985,56381.2000000004
324.4,23.2040816326506,5.64915887850453,57009.7959183679
324.45,19.8799999999949,5.51831775700921,57664.8000000008
324.5,16.1764705882312,5.39356435643549,58288.2352941184
324.55,12.9387755102021,5.26980198019797,58786.1224489798
324.6,9.15999999999864,5.15117647058814,59152.8000000001
324.65,6.45098039215472,5.03352941176456,59392.1568627453
324.7,4.21999999999727,4.91291262135904,59535.2
324.75,1.4799999999965,4.79155339805806,59523.9999999998
324.8,0,4.68599999999994,59408.3999999999
324.85,0,4.58599999999994,59224.9999999998
324.9,0,4.50029126213587,58966.0784313723
324.95,0,4.42262135922323,58687.5999999997
325,0,4.36264150943391,58405.9999999996
325.05,0,4.3154716981132,58046.9387755102
325.1,0,4.29,57658.039215686
325.15,0,4.29,57254.3999999995
325.2,0,4.30480769230773,56809.5999999995
325.25,0.240000000001091,4.33846153846159,56339.9999999995
325.3,1.47058823529425,4.37069306930695,55844.7058823529
325.35,3.67346938775688,4.40039603960398,55357.7551020405
325.4,6.66666666666947,4.43634615384621,54856.6666666662
325.45,9.51063829787512,4.48442307692315,54378.29787234
325.5,12.8979591836794,4.53766990291274,53865.5102040809
325.55,16.7058823529414,4.60563106796122,53345.294117647
325.6,19.8627450980413,4.67730769230777,52825.6862745095
325.65,23.8000000000036,4.76384615384621,52307.9999999995
325.7,27.625000000003,4.8522330097088,51789.5833333328
325.75,30.941176470593,4.95417475728169,51254.7058823524
325.8,34.6346153846165,5.05699029126223,50797.4999999999
325.85,37.7200000000018,5.17349514563118,50437.7999999999
325.9,41.5510204081672,5.29000000000014,50165.1020408161
325.95,44.3921568627471,5.41735849056622,49984.5098039214
326,46.5400000000042,5.54471698113229,49872.7999999999
326.05,49.3600000000005,5.67423076923083,49836.4
326.1,51.3673469387763,5.80403846153849,49831.0204081633
326.15,53.2000000000009,5.92108910891094,49904.0000000001
326.2,54.1960784313735,6.03495049504958,50033.3333333335
326.25,55,6.10165048543696,50214.0816326534
326.3,55,6.15504854368936,50464.0000000002
326.35,54.8039215686265,6.16300970873785,50740.7843137258
326.4,53.8199999999986,6.15330097087377,51053.0000000005
326.45,52.8124999999985,6.13096153846151,51409.3750000005
326.5,51.5769230769201,6.10211538461536,51779.8076923082
326.55,49.4374999999991,6.05133333333332,52122.5000000001
326.6,46.5769230769219,5.98466666666662,52577.307692308
326.65,44.4599999999958,5.89588235294106,53026.4000000007
326.7,41.2653061224437,5.78313725490186,53517.3469387762
326.75,37.4339622641482,5.66873786407753,54050.0000000005
326.8,34.4285714285708,5.55223300970865,54560.0000000001
326.85,30.5199999999978,5.43757281553385,55134.4000000004
326.9,27.3469387755068,5.32592233009694,55729.5918367352
326.95,23.2799999999945,5.21893203883481,56351.6000000009
327,19.2941176470531,5.12184466019402,56953.5294117655
327.05,15.5294117647035,5.019708737864,57452.7450980395
327.1,12.4285714285668,4.90320388349505,57824.285714286
327.15,8.51999999999782,4.78523809523798,58057.2000000001
327.2,5.52941176470352,4.66142857142845,58207.8431372549
327.25,2.71428571428306,4.5406862745097,58245.7142857142
327.3,0.846153846153173,4.44754901960781,58199.9999999999
327.35,0,4.35775700934576,58063.7499999999
327.4,0,4.32037383177567,57836.7999999998
327.45,0,4.28299065420558,57555.0980392154
327.5,0,4.2617821782178,57205.7142857138
327.55,0,4.2419801980198,56815.3846153843
327.6,0,4.25714285714287,56407.4999999998
327.65,0,4.2761904761905,55973.8461538459
327.7,0,4.30376237623767,55560.3846153843
327.75,0.0833333333349123,4.33346534653471,55141.6666666659
327.8,1.36734693877743,4.37750000000003,54655.102040816
327.85,4.40384615384956,4.42557692307694,54122.6923076917
327.9,7.29411764706197,4.48117647058827,53642.9411764701
327.95,10.3404255319212,4.54000000000007,53166.5957446801
328,14.4200000000036,4.62226415094354,52641.1999999995
328.05,17.5600000000009,4.71660377358496,52207.1999999999
328.1,21.5384615384661,4.810792079208,51689.9999999994
328.15,25.4081632653101,4.90485148514862,51189.9999999995
328.2,29.4444444444468,5.003009708738,50703.3333333331
328.25,33.170212765963,5.10495145631083,50315.957446808
328.3,37.3061224489795,5.22029126213598,49976.5306122449
328.35,40.3600000000016,5.35135922330105,49753.1999999999
328.4,43.3272727272742,5.48192307692318,49619.0909090909
328.45,46.0652173913065,5.61173076923093,49529.7826086956
328.5,49.2040816326553,5.73883495145649,49524.0816326531
328.55,51.244897959185,5.86019417475734,49572.2448979593
328.6,53.1320754716991,5.96980952380957,49678.4905660379
328.65,54.0816326530616,6.04600000000005,49816.3265306123
328.7,55,6.11310679611652,50024.5098039218
328.75,55,6.13252427184468,50276.6666666672
328.8,54.8867924528296,6.14803921568628,50609.6226415096
328.85,53.9387755102033,6.12843137254901,50943.8775510207
328.9,52.8367346938767,6.10660377358486,51342.6530612247
328.95,50.6999999999969,6.04999999999994,51755.0000000005
329,47.8076923076902,5.99339622641501,52206.1538461544
329.05,45.8163265306098,5.93415841584155,52669.3877551024
329.1,42.6981132075457,5.87475247524748,53160.7547169813
329.15,38.9361702127638,5.77711538461527,53671.9148936174
329.2,35.6734693877491,5.6761538461537,54267.3469387764
329.25,31.6153846153803,5.5621359223299,54854.8076923083
329.3,27.7499999999964,5.44563106796109,55406.8750000005
329.35,23.6153846153807,5.33291262135913,56018.6538461544
329.4,19.7735849056571,5.22126213592222,56603.3962264156
329.45,15.9999999999951,5.10692307692293,57160.0000000006
329.5,11.6734693877491,4.99153846153827,57687.7551020413
329.55,7.71153846153852,4.87076190476182,58016.3461538461
329.6,4.81999999999748,4.74695238095229,58179.0000000001
329.65,1.88235294117477,4.63176470588224,58320
329.7,0,4.52392156862729,58317.0833333332
329.75,0,4.44355769230761,58236.9230769228
329.8,0,4.39067307692306,58071.25
329.85,0,4.35184466019417,57849.2307692306
329.9,0,4.33242718446601,57586.6666666662
329.95,0,4.32349514563108,57252.3076923072
330,0,4.33320388349516,56903.9215686269
330.05,0,4.34735294117649,56501.4285714283
330.1,0.0408163265308253,4.37186274509806,56071.6326530611
330.15,1.17647058823785,4.39962962962965,55611.7647058819
330.2,4.12500000000414,4.4366666666667,55139.9999999993
330.25,7.23076923077352,4.47643564356442,54642.307692307
330.3,10.1568627450988,4.54079207920793,54169.9999999999
330.35,14.0800000000026,4.60509803921571,53670.3999999997
330.4,18.0769230769257,4.66882352941182,53189.9999999997
330.45,21.9230769230831,4.73368932038847,52689.9999999992
330.5,26.1600000000053,4.82592233009722,52139.1999999993
330.55,30.1568627450988,4.91815533980587,51620.7843137254
330.6,34.081632653064,5.02466019417482,51141.4285714283
330.65,38.1538461538512,5.13145631067969,50717.3076923073
330.7,42.0000000000036,5.26504854368944,50399.9999999997
330.75,45.1176470588275,5.40097087378655,50164.5098039214
330.8,48.0612244897979,5.5192307692308,50028.3673469387
330.85,51.0392156862747,5.63461538461546,49948.8235294118
330.9,52.0400000000013,5.71300970873792,49920.6
330.95,54.020408163266,5.78097087378647,49952.6530612246
331,55,5.81714285714288,50086.2745098041
331.05,55,5.84095238095238,50243.9583333335
331.1,54.9433962264143,5.84088235294117,50441.886792453
331.15,53.9999999999977,5.82617647058822,50640.0000000003
331.2,51.9999999999977,5.79184466019413,50920.0000000004
331.25,49.9599999999964,5.74330097087373,51286.6000000006
331.3,47.9411764705863,5.6745631067961,51617.8431372552
331.35,44.9999999999965,5.58718446601939,52010.0000000005
331.4,41.9230769230743,5.49576923076918,52468.6538461541
331.45,38.0769230769169,5.39961538461529,52901.3461538468
331.5,34.1568627450942,5.30126213592221,53380.784313726
331.55,29.9215686274484,5.19932038834949,53961.1764705886
331.6,25.9999999999943,5.09737864077666,54520.0000000007
331.65,20.9999999999955,4.99543689320383,55120.0000000007
331.7,16.9999999999955,4.89669811320749,55690.0000000005
331.75,12.9999999999955,4.80707547169803,56170.0000000005
331.8,9.07843137254718,4.71249999999999,56562.1568627453
331.85,6.05999999999857,4.58749999999994,56883.6000000002
331.9,3.05999999999857,4.46519999999993,57037.0000000001
331.95,0.117647058820776,4.38519999999993,57097.6470588236
332,0,4.30857142857141,57039.9999999999
332.05,0,4.2847619047619,56941.9607843137
332.1,0,4.26095238095236,56719.9999999997
332.15,0,4.28769230769235,56494.5098039215
332.2,0,4.31653846153851,56205.7999999995
332.25,0,4.33725490196082,55856.9999999994
332.3,0,4.35686274509805,55506.9999999998
332.35,0,4.37631067961166,55088.3999999998
332.4,1.96000000000095,4.39572815533982,54687.9999999998
332.45,4.94000000000478,4.43750000000005,54248.7999999993
332.5,8.84313725490581,4.48557692307699,53807.6470588231
332.55,13,4.56057692307698,53310
332.6,16.7735849056614,4.64711538461547,52838.3018867923
332.65,20.7600000000055,4.72815533980592,52433.9999999995
332.7,24.7600000000057,4.80582524271855,51930.5999999993
332.75,29.7000000000072,4.89115384615399,51429.9999999993
332.8,33.8367346938813,4.98250000000008,50910.8163265301
332.85,37.8400000000038,5.09058252427199,50496.3999999996
332.9,41.9183673469408,5.21679611650501,50166.5306122447
332.95,44.8269230769271,5.34048076923092,49943.2692307689
333,47.8200000000043,5.46067307692321,49807.7999999998
333.05,50.877551020411,5.57029702970296,49742.4489795918
333.1,52.8823529411771,5.65940594059407,49740
333.15,53.9215686274517,5.72747663551403,49767.6470588236
333.2,54.9387755102055,5.75084112149535,49863.8775510206
333.25,55,5.76819999999999,50029.8000000002
333.3,54.0784313725483,5.7582,50233.5294117649
333.35,53.0612244897956,5.74057142857141,50475.3061224491
333.4,52.0599999999986,5.68819047619043,50790.8000000004
333.45,49.1799999999957,5.63456310679601,51129.6000000005
333.5,46.2352941176416,5.56660194174746,51500.1960784321
333.55,43.2399999999977,5.49805825242712,51916.4000000003
333.6,39.2448979591823,5.40097087378633,52372.448979592
333.65,35.2399999999945,5.30388349514554,52832.4000000006
333.7,31.3137254901928,5.19747572815522,53302.3529411769
333.75,26.3061224489725,5.09067961165035,53846.938775511
333.8,22.4528301886771,4.982358490566,54350.0000000003
333.85,17.4166666666627,4.87386792452823,54923.3333333338
333.9,13.3199999999969,4.77663366336625,55476.0000000004
333.95,9.39215686274038,4.68257425742564,55961.9607843143
334,6.24489795917799,4.59423076923064,56349.7959183681
334.05,2.3921568627444,4.50769230769225,56596.4705882353
334.1,0.23529411764601,4.46666666666665,56761.1764705883
334.15,0,4.4470588235294,56797.9591836735
334.2,0,4.42476190476188,56754.081632653
334.25,0,4.40095238095234,56608.4615384613
334.3,0,4.39,56405.1999999999
334.35,0,4.39,56159.9999999999
334.4,0,4.41619047619052,55856.470588235
334.45,0,4.4685714285715,55479.1304347821
334.5,0.849056603775001,4.51960784313734,55125.8490566032
334.55,3.57142857142857,4.56862745098042,54727.1428571429
334.6,7.37254901960915,4.62250000000004,54290.588235294
334.65,11.5744680851113,4.68500000000006,53835.7446808505
334.7,15.600000000005,4.75310679611661,53357.9999999994
334.75,19.4615384615427,4.83563106796129,52894.6153846149
334.8,24.4791666666672,4.91922330097091,52382.0833333333
334.85,28.3962264150957,5.00660194174763,51913.9622641508
334.9,33.1176470588275,5.09846153846163,51444.7058823526
334.95,37.416666666671,5.21384615384629,51026.8749999996
335,41.4400000000043,5.3298113207549,50711.9999999997
335.05,45.4399999999997,5.45245283018876,50489.4
335.1,48.5800000000027,5.57509433962276,50348.1999999999
335.15,50.7200000000021,5.66941176470596,50278.3999999999
335.2,52.6538461538479,5.76254901960792,50253.4615384615
335.25,53.8723404255336,5.81819047619054,50311.0638297874
335.3,54.8461538461543,5.87057142857147,50387.6923076923
335.35,55,5.88,50537.142857143
335.4,54.173076923076,5.88,50741.9230769233
335.45,52.326530612242,5.84019417475723,51005.9183673473
335.5,50.3529411764686,5.79165048543684,51305.2941176474
335.55,47.4897959183664,5.74679611650485,51627.7551020409
335.6,44.5294117647035,5.70310679611649,52009.4117647062
335.65,40.6530612244878,5.62999999999994,52439.7959183676
335.7,36.6399999999945,5.5442857142856,52820.8000000005
335.75,31.9615384615317,5.44009708737845,53251.5384615391
335.8,27.5957446808512,5.32359223300963,53774.0425531915
335.85,22.7843137254886,5.22326923076915,54296.8627450982
335.9,17.7142857142807,5.13673076923065,54860.0000000006
335.95,13.6274509803864,5.05203883495133,55429.019607844
336,9.57142857142393,4.96951456310665,55982.8571428578
336.05,5.62745098039085,4.88603773584899,56447.8431372551
336.1,2.47999999999877,4.80113207547161,56805.6000000001
336.15,0.352941176469015,4.72891089108906,57074.117647059
336.2,0,4.68930693069301,57210.2000000001
336.25,0,4.66619047619052,57254.6
336.3,0,4.69000000000002,57211.7647058823
336.35,0,4.71871287128717,57053.0612244897
336.4,0,4.77316831683174,56839.5999999998
336.45,0,4.82543689320393,56570.3999999997
336.5,0,4.86427184466025,56290.3999999997
336.55,2.36538461538607,4.90582524271847,55932.4999999998
336.6,6.18367346938908,4.97864077669907,55547.551020408
336.65,10.2653061224521,5.05184466019424,55127.1428571425
336.7,14.2156862745148,5.14407766990299,54688.2352941171
336.75,18.9215686274595,5.23631067961174,54239.2156862737
336.8,23.1836734693891,5.35885714285719,53757.9591836733
336.85,27.9215686274539,5.48266666666679,53283.5294117644
336.9,32.9000000000035,5.60539215686287,52821.1999999997
336.95,37.1836734693881,5.72794117647056,52425.5102040816
337,41.1372549019641,5.85152380952393,52122.5490196076
337.05,45.1200000000018,5.97533333333331,51911.7999999999
337.1,48.3400000000082,6.05941176470597,51768.5999999996
337.15,51.3400000000029,6.12803921568632,51700.9999999999
337.2,53.5600000000009,6.15,51744.6
337.25,54.780000000001,6.15,51830.2000000001
337.3,55,6.14711538461539,51993.2653061225
337.35,55,6.14230769230768,52225.9183673474
337.4,53.4230769230755,6.11425742574251,52482.8846153848
337.45,51.4705882352925,6.0647524752475,52800.0000000003
337.5,49.4166666666615,6.00666666666655,53157.0833333342
337.55,45.8627450980359,5.93999999999996,53520.1960784317
337.6,41.8163265306026,5.85339805825218,53926.3265306132
337.65,37.7999999999982,5.7368932038833,54410.0000000002
337.7,33,5.62166666666658,54894
337.75,28.7999999999909,5.50892156862731,55414.0000000012
337.8,24.2962962962951,5.39886792452833,55934.8148148149
337.85,19.2499999999941,5.29509433962252,56522.5000000007
337.9,14.122448979589,5.18728155339801,57143.0612244901
337.95,9.94117647058509,5.06106796116506,57670.0000000004
338,6.07692307691467,4.93930693069292,58060.3846153854
338.05,2.06122448979668,4.85019801980191,58321.6326530612
338.1,0.274509803919908,4.76711538461532,58481.5686274512
338.15,0,4.73826923076921,58534.693877551
338.2,0,4.71019047619047,58481.9607843137
338.25,0,4.71971428571429,58379.1836734692
338.3,0,4.72923809523809,58206.1111111109
338.35,0,4.74786407766993,57950.4255319143
338.4,0,4.76728155339808,57614.9999999996
338.45,0.76000000000091,4.79922330097089,57241.1999999997
338.5,3.92307692308533,4.83320388349523,56843.076923076
338.55,7.76923076923413,4.89098039215692,56432.3076923073
338.6,11.893617021284,4.95470588235303,55952.7659574459
338.65,16.6274509803924,5.04961904761906,55457.2549019608
338.7,21.6734693877511,5.15438095238085,54982.0408163269
338.75,26.6274509804005,5.25794117647064,54497.25490196
338.8,31.6734693877542,5.36088235294116,54066.1224489797
338.85,36.7000000000068,5.47750000000021,53582.5999999993
338.9,40.8461538461554,5.60250000000018,53108.4615384614
338.95,44.9166666666639,5.6963461538462,52692.9166666669
339,48.1764705882403,5.76365384615395,52357.8431372544
339.05,51.1600000000006,5.8111650485437,52104.4
339.1,53.4117647058866,5.83543689320395,51955.2941176468
339.15,54.714285714286,5.85388349514565,51905.7142857143
339.2,55,5.86359223300971,51914.1176470588
339.25,54.2857142857123,5.85866666666663,51998.5714285716
339.3,53.2941176470583,5.82533333333334,52142.9411764707
339.35,51.6792452830157,5.78455445544547,52335.2830188683
339.4,48.9999999999976,5.72019801980196,52570.0000000002
339.45,45.2244897959178,5.6500952380953,52865.1020408164
339.5,41.1999999999973,5.559619047619,53191.0000000002
339.55,36.7592592592606,5.46588235294124,53549.2592592591
339.6,31.6304347825971,5.34823529411752,53993.2608695663
339.65,26.5686274509754,5.23269230769227,54469.4117647064
339.7,21.4583333333343,5.14134615384613,54974.1666666666
339.75,16.4705882352915,5.0499999999998,55487.0588235297
339.8,11.5686274509789,4.96346153846146,56003.7254901962
339.85,7.27999999999527,4.87692307692291,56455.6000000005
339.9,3.27999999999818,4.80866666666661,56828.0000000002
339.95,0.63999999999909,4.74200000000002,57103.2000000001
340,0,4.70949999999998,57234.4000000001
340.05,0,4.68450000000001,57246.4
340.1,0,4.68,57200.7692307691
340.15,0,4.68,57084.6808510638
340.2,0,4.70134615384617,56902.7450980392
340.25,0,4.73019230769235,56653.3333333329
340.3,1.37500000000059,4.78805825242723,56339.9999999999
340.35,4.01923076923468,4.86087378640795,56031.3461538457
340.4,8.30000000000455,4.93903846153858,55679.1999999997
340.45,12.6938775510229,5.02076923076925,55280.6122448977
340.5,17.2692307692396,5.11352941176486,54855.7692307684
340.55,22.7647058823543,5.21647058823538,54411.3725490195
340.6,28.1632653061303,5.32592233009732,53936.3265306115
340.65,33.3333333333373,5.44242718446607,53459.9999999996
340.7,38.3333333333296,5.54634615384611,53010.0000000003
340.75,42.5384615384673,5.63288461538475,52593.4615384609
340.8,46.5306122448983,5.71640776699036,52269.1836734694
340.85,49.9591836734727,5.79407766990303,52045.9183673467
340.9,52.3469387755114,5.85,51892.4489795918
340.95,54.3600000000009,5.85,51795.6
341,55,5.84514563106791,51789.2452830189
341.05,55,5.82087378640776,51850.612244898
341.1,53.7692307692271,5.79259615384608,51972.307692308
341.15,51.7755102040804,5.73971153846148,52158.5714285716
341.2,49.1020408163288,5.68533980582518,52410.8163265304
341.25,45.4901960784249,5.6076699029125,52691.9607843142
341.3,41.4693877551017,5.53,53040.4081632653
341.35,36.7999999999932,5.41942307692285,53423.2000000005
341.4,31.7999999999932,5.30884615384595,53841.6000000006
341.45,26.1600000000005,5.21514563106792,54313.5999999999
341.5,20.7999999999932,5.12291262135912,54810.0000000007
341.55,15.8000000000005,5.02233009708733,55329.2
341.6,10.7999999999932,4.92038834951432,55833.6000000007
341.65,6.43999999999454,4.84615384615376,56285.2000000006
341.7,2.53846153845952,4.77884615384616,56661.5384615386
341.75,0.399999999999091,4.75300970873785,56944.0000000002
341.8,0,4.74330097087378,57112
341.85,0,4.74640776699031,57153.75
341.9,0,4.75611650485437,57131.1764705882
341.95,0,4.77747572815533,57039.4000000001
342,0,4.80660194174762,56859.7999999996
342.05,0.620000000000409,4.84621359223304,56618.7999999999
342.1,2.82352941177087,4.89475728155346,56325.4901960778
342.15,6.40000000000364,4.95200000000003,55983.9999999997
342.2,11,5.0186666666667,55606
342.25,15.9411764705941,5.09320388349533,55226.4705882348
342.3,21.6249999999994,5.1805825242719,54816.25
342.35,27.0392156862848,5.28078431372569,54358.2352941167
342.4,32.529411764713,5.40823529411777,53899.4117647053
342.45,37.9591836734703,5.51884615384616,53425.9183673469
342.5,42.4000000000036,5.58615384615392,52971.9999999996
342.55,46.4,5.64485436893204,52578
342.6,49.7307692307735,5.66912621359227,52297.3076923074
342.65,52.1428571428585,5.69067307692308,52108.5714285713
342.7,54.1600000000009,5.69548076923077,51987.8
342.75,55,5.69742857142854,51938.1632653061
342.8,54.4,5.65457142857144,51978
342.85,53.3999999999977,5.61171428571425,52088.0000000003
342.9,51.2692307692265,5.52771428571421,52243.8461538464
342.95,47.7142857142831,5.44199999999992,52445.7142857144
343,43.6799999999944,5.34059405940569,52708.2000000004
343.05,39.0999999999977,5.23663366336618,53004.0000000001
343.1,34.099999999993,5.15067961165029,53327.2000000005
343.15,29.1568627450945,5.06815533980576,53703.1372549022
343.2,23.7692307692298,4.98117647058824,54133.076923077
343.25,18.2340425531858,4.89294117647045,54621.0638297878
343.3,12.7169811320757,4.84126213592232,55113.5849056604
343.35,7.78723404254866,4.80242718446598,55572.3404255324
343.4,3.67999999999818,4.78346153846154,55905.0000000001
343.45,0.862745098040352,4.77384615384615,56157.8431372548
343.5,0,4.77,56329.2307692309
343.55,0,4.77,56390.8333333334
343.6,0,4.78960784313733,56361.5686274508
343.65,0,4.82882352941181,56245.294117647
343.7,0,4.87254901960787,56058.5714285716
343.75,0.529411764707456,4.92156862745109,55817.058823529
343.8,2.47169811321143,4.9883653846155,55542.8301886789
343.85,6.44680851065168,5.07971153846174,55218.7234042544
343.9,10.7333333333368,5.16942307692316,54894.3999999997
343.95,14.1999999999955,5.2559615384615,54604.0000000004
344,22.058823529417,5.34723809523816,54005.8823529408
344.05,28.0612244897945,5.45199999999995,53580.6122448981
344.1,33.6000000000091,5.55647058823538,53161.9999999993
344.15,38.5490196078475,5.6594117647059,52781.3725490193
344.2,43.5510204081621,5.75749999999997,52457.1428571429
344.25,48.039215686278,5.8200000000001,52212.9411764704
344.3,51,5.88,52035
344.35,53.0204081632695,5.88,51919.1836734692
344.4,54.5200000000006,5.88,51906
344.45,55,5.8564423076923,51986.0784313725
344.5,53.9795918367305,5.83240384615379,52121.6326530616
344.55,51.980392156861,5.78147058823526,52301.9607843139
344.6,48.9999999999909,5.72754901960778,52500.0000000005
344.65,44.9999999999955,5.64557692307686,52760.0000000004
344.7,40.5,5.55903846153842,53105
344.75,35.4999999999943,5.47563106796104,53485.0000000004
344.8,29.9387755102055,5.39310679611651,53924.8979591836
344.85,23.8799999999891,5.30009708737849,54399.2000000008
344.9,18.4999999999945,5.20300970873776,54870.0000000005
344.95,13,5.11971428571427,55335
345,7.91999999999272,5.0435238095237,55830.800000001
345.05,3.96078431372199,5.00192307692307,56329.6078431377
345.1,0.979591836730527,4.98749999999998,56728.3673469395
345.15,0,4.98,57020.0000000003
345.2,0,4.98,57208.8679245283
345.25,0,4.99752380952384,57293.6956521739
345.3,0,5.03561904761908,57270
345.35,0,5.07764705882365,57178.113207547
345.4,0.91666666666864,5.1266666666667,57046.6666666665
345.45,3.92000000000182,5.18019417475724,56820.7999999999
345.5,8.3076923077024,5.24330097087386,56526.9230769225
345.55,13.5882352941211,5.31676470588243,56217.6470588233
345.6,19.1875000000074,5.41970588235318,55846.2499999994
345.65,25.6800000000073,5.52304761904778,55425.9999999996
345.7,30,5.62780952380958,54998.4000000001
345.75,30,5.72941176470602,54550.961538461
345.8,30,5.80784313725499,54111.8749999994
345.85,30,5.88423076923091,53706.3461538452
345.9,30,5.93711538461545,53394.9999999996
345.95,30,5.99,53180.3846153846
346,30,6.02846153846158,53047.6923076922
346.05,30,6.06692307692306,52995.9574468085
346.1,30,6.1060784313726,53015.8823529413
346.15,30,6.14529411764708,53117.0212765959
346.2,30,6.17095238095237,53276.9811320755
346.25,30,6.19476190476192,53470.8000000004
346.3,30,6.2,53728.1250000004
346.35,30,6.2,54030.3846153855
346.4,30,6.21048543689322,54391.4285714292
346.45,30,6.22504854368931,54769.6000000001
346.5,30,6.2364077669903,55175.5102040822
346.55,30,6.24611650485437,55656.4705882353
346.6,30,6.25576923076924,56096.8627450987
346.65,30,6.26538461538462,56510.0000000007
346.7,30,6.27,56917.2000000001
346.75,30,6.27,57255.0980392161
346.8,30,6.2764077669903,57531.1764705885
346.85,30,6.29097087378643,57790.0000000005
346.9,30,6.3,58022.4000000003
346.95,30,6.3,58219.2000000001
347,30,6.29708737864076,58372.8000000002
347.05,30,6.2873786407767,58482.3076923078
347.1,30,6.2823076923077,58584.8979591839
347.15,30,6.29192307692309,58696.2000000001
347.2,30,6.3,58793.6
347.25,30,6.3,58868.8235294118
347.3,30,6.29883495145632,58922
347.35,30,6.28912621359222,58951.7647058824
347.4,30,6.28057142857144,58981.6326530612
347.45,30,6.29009523809524,59008
347.5,30,6.29961904761906,59032
347.55,30,6.28588235294117,59046
347.6,30,6.27117647058821,59040
347.65,30,6.27,59040
347.7,30,6.27,59032.1568627451
347.75,30,6.27411764705883,59020
347.8,30,6.27901960784314,59020
347.85,30,6.28754716981134,59027.8431372549
347.9,30,6.29698113207548,59040
347.95,30,6.3,59054.4
348,30,6.3,59080
348.05,30,6.29048076923077,59087.6
348.1,30,6.27605769230768,59100
348.15,30,6.26447619047619,59100
348.2,30,6.25495238095238,59088.2352941176
348.25,30,6.25,59070
348.3,30,6.25,59058.3673469388
348.35,30,6.25663461538465,59024.3137254901
348.4,30,6.27105769230771,59007.1698113208
348.45,30,6.28365384615385,59020
348.5,30,6.29326923076924,59012.8
348.55,30,6.30145631067961,58996.4
348.6,30,6.30631067961166,58971.6326530611
348.65,30,6.31,58929.0384615384
348.7,30,6.31,58910
348.75,30,6.30740384615384,58913.2608695652
348.8,30,6.29298076923077,58920
348.85,30,6.27951923076922,58916.6
348.9,30,6.27471153846153,58910
348.95,30,6.26980582524272,58910
349,30,6.26009708737863,58903.6
349.05,30,6.25038834951455,58896.5306122449
349.1,30,6.25,58910
349.15,30,6.25,58913.2
349.2,30,6.25851485148515,58920
349.25,30,6.26841584158417,58916.8
349.3,30,6.28223300970875,58903.4693877551
349.35,30,6.2967961165049,58886.7307692308
349.4,30,6.3,58880
349.45,30,6.3,58873.6
349.5,30,6.3,58860
349.55,30,6.3,58860
349.6,30,6.3,58869.1836734695
349.65,30,6.3,58896.2745098039
349.7,30,6.29163461538462,58910
349.75,30,6.27721153846153,58920.0000000001
349.8,30,6.27,58940
349.85,30,6.27,58940
349.9,30,6.27,58956.3265306123
349.95,30,6.27,58980.1923076923
350,30,6.27,58954
350.05,30,6.27,58934
350.1,30,6.27135922330098,58917
350.15,30,6.27621359223301,58903.8775510204
350.2,30,6.28,58880.5882352941
350.25,30,6.28,58866
350.3,30,6.28,58868.4615384615
350.35,30,6.28,58837.4
350.4,30,6.28,58830
350.45,30,6.28,58832.9411764706
350.5,30,6.28132075471703,58837.1428571428
350.55,30,6.31433962264152,58830
350.6,30,6.3473584905661,58832.4528301887
350.65,30,6.36366336633665,58840
350.7,30,6.37851485148515,58840
350.75,30,6.37134615384614,58844.6808510639
350.8,30,6.36173076923077,58860
350.85,30.2884615384633,6.36,58860
350.9,31,6.36,58865.2
350.95,31,6.37514563106796,58880
351,31,6.39456310679615,58882.7450980392
351.05,31,6.41038461538463,58903.2653061225
351.1,31,6.42480769230772,58945.3846153847
351.15,31,6.44846153846155,58969.7959183674
351.2,31,6.47730769230767,59005.2
351.25,31,6.51133333333337,59032.2641509434
351.3,31.2173913043479,6.54942857142861,59072.1739130435
351.35,32,6.58578431372557,59098.4905660379
351.4,32,6.62009803921571,59174.2000000001
351.45,32,6.64611650485436,59273.75
351.5,32,6.6606796116505,59337.1698113208
351.55,32,6.68058823529414,59402.7659574468
351.6,32,6.71000000000007,59470.0000000002
351.65,32,6.73307692307694,59552.9166666668
351.7,32.2600000000003,6.74269230769231,59653.4
351.75,33,6.75342857142859,59740.3921568628
351.8,33,6.76771428571429,59824.4897959185
351.85,33,6.7868627450981,59914.4444444446
351.9,33,6.83588235294121,59967.5
351.95,33,6.88238095238095,60006.4705882353
352,33,6.9061904761905,60046.3265306124
352.05,33,6.93,60129.8
352.1,33,6.94485148514853,60225.8823529413
352.15,33.2,6.95970297029704,60342
352.2,34,6.98311320754716,60458
352.25,34,7.00669811320757,60601.2500000003
352.3,34,7.02264705882353,60748.2352941178
352.35,34,7.0373529411765,60866.9387755104
352.4,34,7.07184466019423,60980.7692307693
352.45,34,7.11067961165053,61072.4489795918
352.5,34,7.18942307692328,61186.9387755104
352.55,34,7.28076923076931,61300.7692307693
352.6,34.2000000000018,7.36333333333351,61386.0000000001
352.65,35,7.44176470588248,61472.4489795918
352.7,35,7.51571428571433,61585.8823529411
352.75,35,7.58714285714299,61698.0000000002
352.8,35,7.64076923076926,61789.6078431373
352.85,35,7.67923076923083,61881.0204081634
352.9,35,7.70884615384617,61952
352.95,35,7.72807692307693,62056
353,35.1960784313744,7.74760000000005,62135.68627451
353.05,36,7.76760000000002,62214.693877551
353.1,36,7.7909615384616,62296.0000000001
353.15,36,7.81980769230772,62385.4901960784
353.2,36,7.84707547169811,62513.4
353.25,36,7.87066037735852,62649.3877551021
353.3,36,7.89441176470589,62822
353.35,36,7.9189215686275,63044.0000000005
353.4,36,7.94543689320393,63320
353.45,36.1960784313722,7.98427184466018,63616.8627450979
353.5,37,8.02037735849057,63896.8000000001
353.55,37,8.02509433962264,64153.2000000001
353.6,37,8.02981132075472,64390.4081632658
353.65,37,8.04920000000002,64611.1764705883
353.7,37,8.06920000000002,64814.2
353.75,37,8.08864077669906,64997.0000000001
353.8,37,8.10805825242719,65140.7692307693
353.85,37.1428571428585,8.11,65257.142857143
353.9,38,8.11,65382.8571428573
353.95,38,8.12607843137256,65522.9411764706
354,38,8.14568627450982,65656.1224489797
354.05,38,8.18375000000001,65804.1176470588
354.1,38,8.22701923076933,65883.3333333334
354.15,38,8.25682692307696,65968.3333333334
354.2,38,8.28086538461539,66067.5
354.25,38,8.29894230769232,66133.0612244899
354.3,38.1764705882354,8.31336538461538,66212.3529411765
354.35,39,8.32,66277.843137255
354.4,39,8.32,66325.6
354.45,39,8.33201923076923,66371.1999999999
354.5,39,8.35605769230774,66449.8000000001
354.55,39,8.38647058823534,66517
354.6,39,8.42568627450986,66568.5714285715
354.65,39,8.45896226415095,66635.3846153847
354.7,39.1224489795913,8.4825471698113,66727.3469387755
354.75,40,8.50764705882355,66790.9803921569
354.8,40,8.53705882352941,66867.3469387755
354.85,40,8.57078431372557,66929.8000000001
354.9,40,8.61980392156868,67001.8867924529
354.95,40,8.66951923076924,67085.8333333334
355,40,8.72240384615391,67160.8000000001
355.05,40,8.77528846153846,67246.1224489796
355.1,40,8.82817307692319,67299.4230769232
355.15,40.1,8.88048076923081,67366
355.2,41,8.90451923076924,67427.8431372549
355.25,41,8.92855769230773,67505.1063829788
355.3,41,8.94382352941178,67577.5000000001
355.35,41,8.95852941176474,67700.2040816329
355.4,41,8.96857142857144,67802.4528301888
355.45,41,8.97809523809524,67906.5217391305
355.5,41,9.00330097087382,68015.5555555557
355.55,41,9.032427184466,68127.3469387756
355.6,41.0800000000025,9.06564356435646,68247.2000000002
355.65,42,9.10029702970296,68335.3846153846
355.7,42,9.13057142857141,68403.4042553191
355.75,42,9.15914285714291,68487.8431372551
355.8,42,9.19106796116508,68566.4
355.85,42,9.22504854368938,68649.7959183676
355.9,42,9.25333333333334,68770
355.95,42,9.27714285714284,68865.7692307692
356,42.0600000000009,9.29683168316832,68924.8000000001
356.05,43,9.31168316831683,69003.125
356.1,43,9.32628571428573,69054.8076923078
356.15,43,9.34057142857145,69106.0000000001
356.2,43,9.36833333333337,69205.6250000001
356.25,43,9.42225490196085,69295.0000000001
356.3,43,9.47442307692308,69347.4074074074
356.35,43,9.5225000000001,69422.0000000002
356.4,43,9.56640776699034,69521.2765957448
356.45,43.0800000000003,9.59553398058252,69588.8
356.5,44,9.62307692307694,69700.4000000001
356.55,44,9.6423076923077,69830.4000000001
356.6,44,9.66039215686276,69958.1481481484
356.65,44,9.66529411764706,70060
356.7,44,9.67056074766354,70229.6000000001
356.75,44,9.68457943925235,70386.4705882354
356.8,44,9.69859813084112,70493.9215686276
356.85,44.0208333333352,9.71800000000002,70591.2500000001
356.9,45,9.738,70653
356.95,45,9.77428571428571,70704.8000000001
357,45,9.81238095238104,70785.8823529413
357.05,45,9.85137254901964,70881.568627451
357.1,45,9.89058823529417,70921.5686274511
357.15,45,9.9146153846154,71000
357.2,45,9.93384615384616,71081.4
357.25,45,9.9563461538462,71151.2765957448
357.3,45.0769230769234,9.98038461538463,71215.3846153846
357.35,46,9.98708737864077,71280.3921568628
357.4,46,9.98223300970873,71291.9607843139
357.45,46,9.9826213592233,71390
357.5,46,9.98747572815535,71440
357.55,46,10.0084615384616,71439.2156862745
357.6,46,10.0469230769232,71420.980392157
357.65,46,10.0855339805826,71470
357.7,46,10.1243689320388,71530
357.75,47,10.1632038834952,71644.6153846155
357.8,47,10.2020388349515,71760
357.85,47,10.2434615384617,71875.4901960786
357.9,47,10.2915384615385,72012.9411764708
357.95,47,10.3319417475728,72160
358,47,10.3416504854369,72271.7647058825
358.05,47,10.352718446602,72360
358.1,47,10.3721359223301,72461.5686274511
358.15,47,10.3926923076923,72540
358.2,48,10.4263461538462,72600
358.25,48,10.4600000000001,72671.0000000001
358.3,48,10.4845098039216,72721.1764705882
358.35,48,10.5090196078432,72780.0000000001
358.4,48,10.5458878504673,72838.8235294118
358.45,48,10.5832710280374,72890
358.5,48,10.6143564356436,72970
358.55,48,10.6440594059406,72989.2307692308
358.6,48,10.6692307692308,73078.1632653064
358.65,49,10.6932692307692,73130
358.7,49,10.7171428571428,73206.9230769232
358.75,49,10.7409523809524,73278.5714285715
358.8,49,10.7590291262136,73368.2
358.85,49,10.7735922330097,73497.4000000004
358.9,49,10.7966336633663,73578.4
358.95,49,10.8263366336634,73658.4
359,49.0000000000021,10.8451923076923,73720.0000000001
359.05,49.9433962264164,10.8548076923077,73786.0377358492
359.1,50,10.8665714285715,73845.2941176472
359.15,50,10.8808571428572,73951.2000000002
359.2,50,10.89,74055.8333333334
359.25,50,10.89,74117.6000000001
359.3,50,10.9037142857143,74188.5714285715
359.35,50,10.9418095238096,74297.8000000003
359.4,50,10.9838834951457,74357.6470588236
359.45,50,11.0372815533981,74438.3673469388
359.5,50.9800000000005,11.0867961165049,74567.4000000001
359.55,51,11.1207766990291,74617.1153846154
359.6,51,11.154077669903,74676.4000000001
359.65,51,11.1832038834952,74726.0784313726
359.7,51,11.2126923076923,74833.2653061224
359.75,51,11.2463461538462,74930.3846153848
359.8,51,11.28,75015.0000000001
359.85,51,11.3184615384616,75066.0784313726
359.9,51.9200000000018,11.3569230769231,75125.2000000001
359.95,52,11.36,75218.4615384616
360,52,11.36,75314.2553191491
360.05,52,11.3721698113208,75410.3846153846
360.1,52,11.386320754717,75448.125
360.15,52,11.4122,75549.4230769231
360.2,52,11.4422,75632
360.25,52,11.4676190476191,75733.7500000001
360.3,52,11.4914285714286,75767.1153846154
360.35,52.9000000000023,11.5219607843138,75815.0000000001
360.4,53,11.5562745098039,75913.7500000001
360.45,53,11.5786538461538,76019.4230769231
360.5,53,11.5930769230769,76075.918367347
360.55,53,11.622718446602,76153.6
360.6,53,11.6664077669904,76214.1176470589
360.65,53,11.7167961165049,76265.918367347
360.7,53,11.7750485436893,76324.1176470588
360.75,53.9000000000023,11.8158252427185,76402.0000000002
360.8,54,11.8303883495146,76437
360.85,54,11.8448113207547,76528.2352941179
360.9,54,11.8589622641509,76584.8979591837
360.95,54,11.8732038834951,76632.4528301886
361,54,11.8877669902913,76675
361.05,54,11.8976470588235,76751.8367346939
361.1,54,11.8829411764706,76796.0000000001
361.15,54,11.8694285714286,76854
361.2,54.9,11.8646666666667,76914
361.25,55,11.8602941176471,76964.1176470589
361.3,55,11.875,77059.7959183674
361.35,55,11.889705882353,77121.9230769232
361.4,55,11.9041346153846,77189.0196078432
361.45,55,11.9185576923077,77270
361.5,55,11.9467326732674,77360.8163265308
361.55,55,11.9764356435644,77456.5384615386
361.6,55,12.0009523809524,77538.8000000001
361.65,55.8958333333334,12.0247619047619,77558.9583333333
361.7,56,12.0414705882353,77602.4528301886
361.75,56,12.0561764705883,77627.5
361.8,56,12.0777884615385,77612.0408163265
361.85,56,12.101826923077,77627.3076923077
361.9,56,12.1414285714286,77612.8
361.95,56,12.1890476190476,77601.568627451
362,56,12.240495049505,77600
362.05,56.8510638297884,12.2949504950495,77600
362.1,57,12.3277142857143,77600
362.15,57,12.342,77600
362.2,57,12.3650980392157,77583.2
362.25,57,12.3994117647059,77605.2
362.3,57,12.4297087378641,77779.6153846154
362.35,57,12.4539805825243,77981.7021276598
362.4,57,12.4765384615385,78117.5000000002
362.45,57,12.4957692307692,78251.0416666668
362.5,57.8600000000012,12.5188349514563,78390.4000000002
362.55,58,12.5528155339806,78534.0384615384
362.6,58,12.5876190476191,78658.4000000002
362.65,58,12.6257142857143,78788.7755102043
362.7,58,12.6639215686274,78866.5384615385
362.75,58,12.703137254902,78944.0000000002
362.8,58,12.7408653846154,79046.274509804
362.85,58,12.7552884615385,79111.4893617022
362.9,58.8235294117664,12.7697115384615,79218.823529412
362.95,59,12.7985436893204,79271.5384615385
363,59,12.8276699029127,79311.2
363.05,59,12.8471962616823,79351.2
363.1,59,12.8658878504673,79367.9591836735
363.15,59,12.8818181818182,79458.0000000001
363.2,59,12.8969696969697,79558.4313725491
363.25,59,12.9076923076923,79645.0000000002
363.3,59,12.9173076923077,79709.2
363.35,59.8039215686296,12.9514563106797,79824.5098039218
363.4,60,12.995145631068,79904.9019607844
363.45,60,13.0414285714286,79952.5
363.5,60,13.0890476190477,79992.1568627452
363.55,60,13.1237254901961,80064
363.6,60,13.1482352941177,80112.0000000001
363.65,60,13.1625242718447,80151.3725490196
363.7,60,13.1673786407767,80191.8367346939
363.75,60.8000000000023,13.1856310679612,80216
363.8,61,13.2196116504854,80285.306122449
363.85,61,13.2514285714286,80316.0784313726
363.9,61,13.28,80320
363.95,61,13.3043269230769,80368.2352941177
364,61,13.31875,80419.2156862745
364.05,61,13.3408910891089,80501.6326530612
364.1,61,13.390396039604,80574.9019607845
364.15,61,13.4376923076923,80629.7959183674
364.2,61.8,13.4761538461538,80712
364.25,62,13.5146601941748,80786.0000000002
364.3,62,13.5534951456311,80864
364.35,62,13.5931428571429,80964.6153846155
364.4,62,13.6455238095239,81053.3333333333
364.45,62,13.6979047619048,81094
364.5,62,13.7326213592234,81123.5294117647
364.55,62,13.7666019417476,81192.4
364.6,62,13.7873076923077,81271.1764705883
364.65,62.7600000000009,13.8065384615385,81328
364.7,63,13.8384158415842,81416.0000000001
364.75,63,13.8730693069308,81508.4000000001
364.8,63,13.8992307692308,81603.0769230769
364.85,63,13.9232692307693,81690.0000000001
364.9,63,13.9614563106796,81746.5384615385
364.95,63,14.0051456310679,81803.2
365,63,14.0456310679612,81862.3529411765
365.05,63.6862745098042,14.0844660194175,81934.9019607843
365.1,64,14.111320754717,82043.2653061227
365.15,64,14.1301886792453,82109.1666666667
365.2,64,14.1469230769231,82210.7547169812
365.25,64,14.1613461538462,82307.8723404257
365.3,64,14.1719801980198,82404
365.35,64,14.1769306930693,82490.4081632654
365.4,64,14.1836538461538,82567.3584905661
365.45,64,14.1932692307692,82633.75
365.5,64.7400000000014,14.2028037383178,82709.2000000001
365.55,65,14.2121495327103,82802.5490196078
365.6,65,14.2223762376238,82886.4705882355
365.65,65,14.2372277227723,82945.7142857143
365.7,65,14.2541176470588,82981.6
365.75,65,14.2835294117647,83053.5294117648
365.8,65,14.3124509803922,83150
365.85,65,14.3369607843138,83215.7142857144
365.9,65.7346938775525,14.36,83230
365.95,66,14.36,83272.6923076923
366,66,14.36,83304
366.05,66,14.383786407767,83317.2916666667
366.1,66,14.4080582524272,83297.8
366.15,66,14.4232692307692,83290
366.2,66,14.4376923076923,83269
366.25,66,14.4803846153847,83260
366.3,66,14.5284615384616,83280.8163265306
366.35,66.7000000000023,14.5623529411765,83346.0000000002
366.4,67,14.5917647058824,83426.0000000001
366.45,67,14.624,83483.6538461538
366.5,67,14.6573333333334,83519.8
366.55,67,14.6880582524272,83563.6734693878
366.6,67,14.7171844660195,83632.3076923078
366.65,67,14.7515384615385,83714.4680851064
366.7,67,14.79,83817
366.75,67.7142857142877,14.8241176470589,83921.4285714288
366.8,68,14.8535294117647,83930
366.85,68,14.8742307692308,83972.2448979593
366.9,68,14.8838461538462,84055
366.95,68,14.9004854368932,84120.3846153846
367,68,14.9296116504855,84178.8235294118
367.05,68,14.9557692307692,84213.0612244898
367.1,68,14.975,84260.4081632654
367.15,68,14.9964705882353,84331.320754717
367.2,68.6595744680853,15.0258823529412,84412.7659574468
367.25,69,15.0561165048544,84505.3846153848
367.3,69,15.0900970873786,84606.6666666667
367.35,69,15.1222857142857,84666.6666666667
367.4,69,15.1413333333333,84706.9387755102
367.45,69,15.1606666666666,84739.2452830189
367.5,69,15.194,84768.2352941177
367.55,69,15.2273333333333,84791.7647058823
367.6,69,15.2523300970874,84869.3478260871
367.65,69.6600000000009,15.2766019417476,84949.6
367.7,70,15.3055445544554,84982.6923076923
367.75,70,15.3352475247525,85043.6538461539
367.8,70,15.3603883495146,85103.6734693878
367.85,70,15.3846601941748,85107.2340425532
367.9,70,15.39375,85150.7692307692
367.95,70,15.3985576923077,85216.4705882353
368,70,15.4169902912622,85252.5
368.05,70.6153846153851,15.4412621359223,85296.9230769231
368.1,71,15.4741509433963,85364.6808510639
368.15,71,15.5118867924528,85427.3584905661
368.2,71,15.5505940594059,85514.705882353
368.25,71,15.590198019802,85609.3617021278
368.3,71,15.6269902912621,85670.1886792453
368.35,71,15.6609708737865,85690
368.4,71,15.6905769230769,85733.7500000001
368.45,71,15.7146153846154,85797.6470588235
368.5,71.6326530612261,15.7368571428572,85857.9591836736
368.55,72,15.7559047619048,85929.2307692308
368.6,72,15.7800970873787,86021.2244897961
368.65,72,15.818932038835,86097.9591836736
368.7,72,15.8567961165049,86132.3076923077
368.75,72,15.8907766990292,86176.0000000001
368.8,72,15.923431372549,86223.5294117647
368.85,72,15.9479411764706,86263.2000000001
368.9,72.5800000000005,15.9729126213592,86320.6
368.95,73,16.0020388349514,86425.4000000001
369,73,16.0305769230769,86514.8000000001
369.05,73,16.045,86569
369.1,73,16.0594230769231,86653.8000000002
369.15,73,16.0976470588235,86729
369.2,73,16.136862745098,86779
369.25,73,16.1619047619048,86823.6734693878
369.3,73,16.1857142857143,86834
369.35,73.6000000000023,16.2099029126214,86860.0000000001
369.4,74,16.2341747572816,86903.5294117648
369.45,74,16.2619230769231,86931.3725490196
369.5,74,16.2907692307693,86951.4285714286
369.55,74,16.3166666666667,86983.2
369.6,74,16.3411764705883,87000
369.65,74,16.3652380952381,87000
369.7,74,16.3890476190476,87029
369.75,74.568627450982,16.4078640776699,87106.8627450982
369.8,75,16.422427184466,87195.7142857143
369.85,75,16.4463106796117,87276.4000000001
369.9,75,16.4802912621359,87327.4
369.95,75,16.5060576923077,87367.8846153846
370,75,16.5204807692308,87432.3529411766
370.05,75,16.5433333333334,87503.1914893618
370.1,75,16.5825490196079,87547.4
370.15,75,16.6171428571429,87604.6153846155
370.2,75.5625000000009,16.6409523809524,87696.2500000001
370.25,76,16.6629411764706,87774.1176470589
370.3,76,16.6776470588235,87845.7142857143
370.35,76,16.6946153846154,87907.3584905661
370.4,76,16.7234615384616,87973.3333333334
370.45,76,16.7538461538462,88010
370.5,76,16.8019230769231,88020.9803921569
370.55,76,16.85,88072.3529411765
370.6,76,16.8794117647059,88110
370.65,76.5384615384617,16.9088235294118,88126.1538461538
370.7,77,16.9557142857143,88166.5306122449
370.75,77,17.0033333333334,88222.4000000001
370.8,77,17.0433980582524,88266.2
370.85,77,17.0822330097088,88280
370.9,77,17.1280952380953,88317.0588235294
370.95,77,17.1757142857143,88417.5999999999
371,77,17.210792079208,88511.2000000001
371.05,77.5200000000006,17.240495049505,88592.0000000001
371.1,78,17.2661904761905,88671.2000000001
371.15,78,17.29,88710.1960784314
371.2,78,17.3167307692308,88761.6666666666
371.25,78,17.3455769230769,88842.3529411766
371.3,78,17.3649504950495,88901.2244897959
371.35,78,17.3748514851485,88947.0000000001
371.4,78,17.3984615384616,88996.4705882353
371.45,78,17.4369230769231,89060.7843137255
371.5,78.4807692307708,17.4715384615385,89138.4615384617
371.55,79,17.5003846153846,89208.1632653062
371.6,79,17.5309803921569,89275.7446808512
371.65,79,17.5652941176471,89315.0943396227
371.7,79,17.5967961165049,89338.8235294117
371.75,79,17.6210679611651,89388.1632653062
371.8,79,17.6484615384615,89444
371.85,79,17.6869230769231,89484.1176470589
371.9,79.4693877551028,17.7241176470589,89537.5510204082
371.95,80,17.7535294117647,89616.9230769231
372,80,17.7833653846155,89695.2000000001
372.05,80,17.8170192307693,89762.9166666667
372.1,80,17.850761904762,89827.6470588237
372.15,80,17.8888571428572,89874.6
372.2,80,17.9269523809524,89903.4693877551
372.25,80,17.9482178217822,89939.2307692308
372.3,80,17.9680198019802,89950
372.35,80.4400000000014,17.9873076923077,89963.2
372.4,81,18.0065384615385,89980
372.45,81,18.0020388349515,90004.4897959184
372.5,81,17.9923300970874,90068.4615384617
372.55,81,17.9971698113208,90132.5490196078
372.6,81,18.0066037735849,90173.75
372.65,81,18.0226732673268,90242.8
372.7,81,18.0424752475247,90328.2352941176
372.75,81.450980392158,18.0620388349515,90396.0784313726
372.8,82,18.0814563106796,90476.6666666667
372.85,82,18.1007692307693,90543.5294117648
372.9,82,18.12,90578.679245283
372.95,82,18.1415384615385,90602.5
373,82,18.1655769230769,90611.0204081632
373.05,82,18.1994174757281,90617.6923076923
373.1,82,18.2479611650486,90644.375
373.15,82,18.2882524271845,90663.5294117647
373.2,82.4400000000004,18.3125242718447,90688.8
373.25,83,18.3408737864079,90726.4000000001
373.3,83,18.3797087378641,90791.4285714287
373.35,83,18.4217475728156,90857.0588235296
373.4,83,18.475145631068,90890
373.45,83,18.5284615384616,90938.4
373.5,83,18.5813461538462,91008.9795918367
373.55,83,18.6307692307692,91047.0588235294
373.6,83,18.6403846153846,91102.4489795919
373.65,83.450980392158,18.65,91130
373.7,84,18.6647058823529,91151.1538461539
373.75,84,18.6794117647059,91224.0000000001
373.8,84,18.6890566037736,91310
373.85,84,18.6984905660377,91372.0000000002
373.9,84,18.7122330097088,91444.0000000001
373.95,84,18.7267961165049,91500
374,84,18.7338235294118,91542.2448979592
374.05,84.4038461538474,18.7387254901961,91576.1538461539
374.1,85,18.74,91600
374.15,85,18.74,91643.1372549021
374.2,85,18.74,91741.0204081633
374.25,85,18.74,91822.6530612247
374.3,85,18.7371153846154,91874.1176470588
374.35,85,18.7323076923077,91896.0000000001
374.4,85,18.7427450980393,91944.0000000001
374.45,85,18.7672549019608,91980
374.5,85.4000000000014,18.7938461538462,91988
374.55,86,18.8226923076923,91980
374.6,86,18.8609523809525,91962.0000000001
374.65,86,18.9133333333334,91980
374.7,86,18.9618811881188,91980
374.75,86,19.0014851485149,91971.923076923
374.8,86,19.0463106796117,91979.3877551021
374.85,86,19.1045631067962,92006.0784313725
374.9,86.3800000000005,19.1646666666668,92015.2
374.95,87,19.2313333333334,92059
375,87,19.2929126213593,92086.4150943396
375.05,87,19.3171844660194,92089.7959183674
375.1,87,19.3417142857143,92103.0612244898
375.15,87,19.3702857142857,92090
375.2,87,19.3988571428572,92090
375.25,87,19.4369230769232,92116.6000000001
375.3,87,19.4753846153846,92152.2448979592
375.35,87.3846153846171,19.510495049505,92128.4615384615
375.4,88,19.5451485148515,92139.3877551021
375.45,88,19.5706730769231,92301.7647058823
375.5,88,19.5947115384616,92583.4615384619
375.55,88,19.6114705882353,92810.1960784316
375.6,88,19.6261764705883,92926.25
375.65,88,19.6477884615385,92967.7551020409
375.7,88,19.6718269230769,93037.6470588235
375.75,88.3333333333348,19.6929411764706,93090.0000000001
375.8,89,19.7125490196078,93153.3333333334
375.85,89,19.7259615384616,93200
375.9,89,19.7355769230769,93213.0612244899
375.95,89,19.7554285714286,93253.6
376,89,19.7840000000001,93299.6153846154
376.05,89,19.821568627451,93355.9574468085
376.1,89,19.8705882352942,93407.6470588237
376.15,89,19.9097087378641,93466.6666666667
376.2,89.3265306122443,19.9339805825243,93513.4693877551
376.25,90,19.9532380952381,93517.0000000001
376.3,90,19.9627619047619,93594.2000000001
376.35,90,19.9770588235294,93700.4000000001
376.4,90,20.0064705882353,93777.4000000001
376.45,90,20.0358823529412,93866.3461538462
376.5,90,20.0652941176471,93900
376.55,90,20.0953333333334,93900
376.6,90,20.1286666666667,93918.4615384616
376.65,90.2857142857146,20.1631730769231,93988.5714285715
376.7,91,20.2160576923077,94066.25
376.75,91,20.2689423076923,94100.0000000001
376.8,91,20.2982692307692,94156.3265306123
376.85,91,20.3271153846154,94193.2075471698
376.9,91,20.3388235294118,94221.9607843138
376.95,91,20.3486274509804,94293.8297872341
377,91,20.3625242718447,94361.3725490197
377.05,91.2884615384618,20.3770873786408,94438.6538461539
377.1,92,20.4107692307693,94473.2653061226
377.15,92,20.4492307692308,94533.3333333334
377.2,92,20.484,94599.2307692308
377.25,92,20.5173333333334,94641.5384615386
377.3,92,20.5453465346535,94715.3191489362
377.35,92,20.5700990099011,94781.0000000001
377.4,92,20.5828571428572,94832.9411764706
377.45,92,20.5876190476191,94851.2
377.5,92.2800000000021,20.5948543689321,94896.8000000001
377.55,93,20.6045631067961,94940
377.6,93,20.6164705882353,94947.6470588236
377.65,93,20.6311764705882,94974.8979591837
377.7,93,20.64,95024.4897959185
377.75,93,20.64,95131.4285714286
377.8,93,20.6520754716982,95182.6415094339
377.85,93,20.6898113207548,95257.142857143
377.9,93.2653061224498,20.7249504950495,95310
377.95,94,20.749702970297,95312.7450980392
378,94,20.7752941176471,95317.4
378.05,94,20.8047058823529,95322.5
378.1,94,20.8320192307692,95385.7446808512
378.15,94,20.8464423076923,95499.6153846154
378.2,94,20.8614563106796,95592.2448979591
378.25,94,20.8857281553398,95632.5
378.3,94,20.91,95644.4
378.35,94.2291666666683,20.9427102803739,95664.5833333334
378.4,95,20.9754205607477,95669.8039215686
378.45,95,20.9972,95649.6
378.5,95,21.0172,95686.9230769231
378.55,95,21.0489423076923,95722.7659574468
378.6,95,21.0825961538462,95787.5000000002
378.65,95,21.1125000000001,95848.9795918368
378.7,95,21.1413461538462,95891.7647058823
378.75,95.2156862745112,21.173786407767,95947.2549019609
378.8,96,21.2077669902912,96016.1224489796
378.85,96,21.2384615384616,96061.5686274511
378.9,96,21.2673076923077,96146.25
378.95,96,21.2853846153846,96186.1538461538
379,96,21.295,96242.0408163265
379.05,96,21.3142574257426,96267.6
379.1,96,21.3439603960396,96347.9591836736
379.15,96,21.3756310679612,96426.8
379.2,96.2307692307686,21.4096116504854,96486.9230769231
379.25,97,21.4375471698114,96505.9183673469
379.3,97,21.4564150943396,96507.9591836734
379.35,97,21.4769306930694,96586.1538461539
379.4,97,21.5016831683169,96656
379.45,97,21.52625,96736
379.5,97,21.5502884615385,96800
379.55,97,21.5743689320388,96806.1224489796
379.6,97,21.5986407766991,96825.5102040816
379.65,97.2400000000008,21.6228037383178,96826.8000000001
379.7,98,21.6461682242991,96887.0588235294
379.75,98,21.6695327102804,96933.7254901962
379.8,98,21.6945,97024.081632653
379.85,98,21.7195000000001,97048.6274509804
379.9,98,21.7390291262136,97100
379.95,98,21.7584466019417,97186
380,98,21.7823300970874,97220.0000000001
380.05,98.204081632653,21.8066019417476,97266.1224489796
380.1,99,21.8181904761905,97287.8431372549
380.15,99,21.8277142857143,97286
380.2,99,21.8336893203883,97312
380.25,99,21.8385436893204,97329.8039215687
380.3,99,21.8367289719626,97379.1836734694
380.35,99,21.8320560747663,97426.0000000001
380.4,99,21.83,97463.4615384615
380.45,99,21.83,97530
380.5,99.1960784313744,21.8214705882353,97589.8039215687
380.55,100,21.8067647058824,97640.5882352941
380.6,100,21.7896153846154,97702.5490196079
380.65,100,21.7703846153846,97781.6666666668
380.7,100,21.7533653846154,97862.8571428572
380.75,100,21.7389423076923,97927.5471698114
380.8,100,21.7282075471698,97965.8333333334
380.85,100,21.7234905660377,97992.9411764705
380.9,100,21.7212871287129,97971.4285714286
380.95,99.8235294117646,21.7262376237624,98026.4705882353
381,99,21.73,98002.1568627451
381.05,99,21.73,97945.1923076922
381.1,99,21.7292307692308,97838.7755102038
381.15,99,21.7244230769231,97732.4999999999
381.2,99,21.7192233009709,97667.2
381.25,99,21.7095145631068,97587.4509803921
381.3,99,21.7001941747573,97508.3333333332
381.35,98.8301886792429,21.7099029126214,97426.4150943394
381.4,98,21.7196116504854,97344.7058823527
381.45,98,21.7017142857143,97227.9591836735
381.5,98,21.6826666666666,97208.7755102041
381.55,98,21.6674757281553,97190.1999999999
381.6,98,21.6529126213592,97132.8
381.65,98,21.6460396039604,97145.8
381.7,98,21.6410891089109,97113.137254902
381.75,97.8775510204064,21.632427184466,97067.5510204081
381.8,97,21.6227184466019,97045.8
381.85,97,21.6131428571428,97013.1372549019
381.9,97,21.603619047619,96970
381.95,97,21.6060194174757,96970
382,97,21.6157281553398,96962.9411764705
382.05,97,21.6145098039216,96904.8979591837
382.1,97,21.6047058823529,96856.4705882353
382.15,96.9,21.592427184466,96820
382.2,96,21.5778640776699,96727.0588235294
382.25,96,21.5634285714286,96692
382.3,96,21.5491428571428,96600
382.35,96,21.5365714285714,96596.4705882352
382.4,96,21.5270476190476,96562.1568627451
382.45,96,21.5187619047619,96487.5
382.5,96,21.514,96448.2352941175
382.55,95.9,21.5108,96352
382.6,95,21.5158,96271.9999999998
382.65,95,21.5192233009709,96191.1764705882
382.7,95,21.5143689320388,96106
382.75,95,21.5090476190476,96055.1020408163
382.8,95,21.4995238095238,95994.8979591837
382.85,95,21.49,95943.9999999999
382.9,95,21.49,95897.6
382.95,94.884615384616,21.49,95873.076923077
383,94,21.4757281553398,95816
383.05,94,21.4611650485437,95767.6470588235
383.1,94,21.4644230769231,95741.25
383.15,94,21.4692307692308,95756
383.2,94,21.4578846153846,95711.1764705883
383.25,94,21.4434615384615,95624.6153846153
383.3,94,21.4289320388349,95556.2499999999
383.35,93.9215686274484,21.4143689320388,95462.1568627448
383.4,93,21.41,95368.2
383.45,93,21.41,95341.2244897959
383.5,93,21.4007692307692,95356.923076923
383.55,93,21.3863461538461,95317.5999999999
383.6,93,21.38,95256.7346938774
383.65,93,21.38,95178.2
383.7,93,21.375,95147.0588235294
383.75,92.959183673468,21.3653846153846,95097.9591836734
383.8,92,21.36,95048.2352941176
383.85,92,21.36,95017.5999999999
383.9,92,21.36,94960
383.95,92,21.36,94960
384,92,21.3627722772277,94889.7916666666
384.05,92,21.3726732673267,94877
384.1,92,21.3775471698113,94828.3333333333
384.15,92,21.3681132075472,94800.5555555555
384.2,91,21.3579411764706,94725.6862745099
384.25,91,21.3432352941176,94618.9999999999
384.3,91,21.33,94569.4
384.35,91,21.33,94539.0196078431
384.4,91,21.3283018867924,94490
384.45,91,21.3,94458.3333333334
384.5,91,21.2716981132075,94378.8461538461
384.55,90.9795918367352,21.2746534653465,94360
384.6,90,21.279603960396,94360.7692307693
384.65,90,21.2888461538462,94380
384.7,90,21.2984615384615,94330.5882352941
384.75,90,21.292,94359.9999999999
384.8,90,21.2824761904762,94331.1538461538
384.85,90,21.261862745098,94348.9999999999
384.9,90,21.2373529411765,94298.3999999998
384.95,89.9807692307697,21.2266019417476,94218.8461538462
